document_id,title,year,venue,type,citations,subject_labels,doi
B4-R12911,"""Marine ontology"" and marine territorial governance in South China Sea",2022,Dili Xuebao Acta Geographica Sinica,Article,10,Earth and Planetary Sciences; Social Sciences,10.11821/dlxb202209016
B4-R07341,"""Ruskiy Mir"" and ""Ukrainskyi Svit"": Ontological and Anthropological Antagonists",2024,Occasional Papers on Religion in Eastern Europe,article,4,Social Sciences,10.55221/2693-2229.2518
B4-R08693,'With Untired Spirits and Formal Constancy': Berne-Compatibility of Formal Declaratory Measures to Enhance Title-Searching,2013,SSRN Electronic Journal,preprint,5,"Business, Management and Accounting; Social Sciences",10.2139/ssrn.2262924
B4-R19026,"1 G. H. von Wright, Norm and Action: A Logical Enquiry (1963)",1963,,,,,
B4-R12784,"18th International Symposium on NASA Formal Methods, NFM 2026",2026,Lecture Notes in Computer Science,Conference Review,0,Computer Science; Mathematics,
B4-R11820,"19th International Conference on integrated Formal Methods, iFM 2024",2025,Lecture Notes in Computer Science Including Subseries Lecture Notes in Artificial Intelligence and Lecture Notes in Bioinformatics,Conference Review,0,Computer Science; Mathematics,
B4-R11899,"27th Brazilian Symposium on Formal Methods, SBMF 2024",2025,Lecture Notes in Computer Science Including Subseries Lecture Notes in Artificial Intelligence and Lecture Notes in Bioinformatics,Conference Review,0,Computer Science; Mathematics,
B4-R11825,"2nd International Joint Conference on Quantitative Evaluation of Systems and Formal Modeling and Analysis of Timed Systems, QEST+FORMATS 2025",2026,Lecture Notes in Computer Science,Conference Review,0,Computer Science; Mathematics,
B4-R11904,"46th IFIP WG 6.1 International Conference on Formal Techniques for Distributed Objects, Components, and Systems, FORTE 2026, held as part of the 21st International Federated Conference on Distributed Computing Techniques, DisCoTec 2026",2026,Lecture Notes in Computer Science,Conference Review,0,Computer Science; Mathematics,
B4-R17089,A Calculus Supporting Contract Reasoning and Monitoring,2017,IEEE ACCESS,article,4,Computer Science,10.1109/access.2017.2696577
B4-R03091,A Case for Song: Against an (Exclusively) Recording-Centered Ontology of Rock,2013,Journal of Aesthetics and Art Criticism,article,11,Arts and Humanities; Computer Science,10.1111/j.1540-6245.2012.01542.x
B4-R13624,A Casting Shrinkage Prediction Method Based on Model Automated Self-correction Strategy,2024,International Journal of Metalcasting,article,3,Engineering,10.1007/s40962-023-01108-4
B4-R19032,A Challenge to Deontic Logic,2023,Jotwell: The Journal of Things We Like (Lots),,,,
B4-R04292,A change language for ontologies and knowledge graphs,2025,Database,article,10,"Biochemistry, Genetics and Molecular Biology; Computer Science",10.1093/database/baae133
B4-R12462,A classification of dynamic reconfiguration in component and connector architecture description languages,2017,Ceur Workshop Proceedings,Conference Paper,9,Computer Science,
B4-R10658,A coarse-grained comparison of modelling languages for business motivation and intentional distribution,2016,Lecture Notes in Business Information Processing,conference-paper,1,"Business, Management and Accounting; Computer Science",10.1007/978-3-319-45321-7_6
B4-R02500,A collocational approach to semantic change: the case of worship and honour in Malory and Spenser,1998,Language and Literature International Journal of Stylistics,article,1,Arts and Humanities; Social Sciences,10.1177/096394709800700101
B4-R00847,A COMMITMENT-BASED REFERENCE ONTOLOGY FOR SERVICE: HARMONIZING SERVICE PERSPECTIVES,2014,Americanae (AECID Library),dissertation,7,"Business, Management and Accounting; Computer Science",
B4-R00851,A commitment-based reference ontology for services,2015,Information Systems,article,90,"Business, Management and Accounting; Computer Science; Social Sciences",10.1016/j.is.2015.01.012
B4-R00791,A common ontology of agent communication languages: Modeling mental attitudes and social commitments using roles,2007,Applied Ontology,article,22,Computer Science,10.3233/apo-2007-043
B4-R04154,A Common Ontology-Based Intelligent Configuration Management Model for IP Network Devices,2006,First International Conference on Innovative Computing Information and Control 2006 Icicic 06,conference-paper,24,Computer Science,10.1109/icicic.2006.1
B4-R03731,A complete axiomatization of a temporal logic with obligation and robustness,2014,Journal of Logic and Computation,article,2,Computer Science,10.1093/logcom/exu041
B4-R16791,"A Complete STIT Logic for Knowledge and Action, and Some of Its Applications",2009,DECLARATIVE AGENT LANGUAGES AND TECHNOLOGIES IV,Proceedings Paper,30,Computer Science; Mathematics,
B4-R16460,A Complete Uniform Substitution Calculus for Differential Dynamic Logic,2017,JOURNAL OF AUTOMATED REASONING,article,98,Computer Science,10.1007/s10817-016-9385-1
B4-R08260,A Computational Trust Model for Semantic Web Based on Bayesian Decision Theory,2005,Lecture notes in computer science,conference-paper,9,Computer Science; Social Sciences,10.1007/11610113_68
B4-R04200,A Configuration Management task ontology for semantic integration,2012,Proceedings of the ACM Symposium on Applied Computing,conference-paper,18,"Business, Management and Accounting; Computer Science",10.1145/2245276.2245344
B4-R00905,A contemporary ontology of continuity in general practice: Capturing its multiple essences in a digital age,2023,Social Science & Medicine,article,25,"Business, Management and Accounting; Health Professions",10.1016/j.socscimed.2023.116112
B4-R00964,A Contract-Based Approach for Monitoring Collaborative Web Services Using Commitments in the Event Calculus,2005,Lecture notes in computer science,conference-paper,17,Computer Science,10.1007/11581062_32
B4-R01167,A Controlled Language for the Specification of Contracts,2010,Lecture notes in computer science,conference-paper,21,Computer Science; Social Sciences,10.1007/978-3-642-14418-9_14
B4-R11038,A criminal domain ontology for modelling legal norms,2017,Lecture Notes in Computer Science Including Subseries Lecture Notes in Artificial Intelligence and Lecture Notes in Bioinformatics,conference-paper,1,Computer Science; Social Sciences,10.1007/978-3-319-70169-1_21
B4-R00878,"A Critical Theory of Counterterrorism: Ontology, Epistemology and Normativity",2018,,article,20,Social Sciences,
B4-R17842,A cryptographic system based on automata for Networked Automation Systems abstracted as Discrete-Event Systems,2024,"2024 IEEE 20TH INTERNATIONAL CONFERENCE ON AUTOMATION SCIENCE AND ENGINEERING, CASE 2024",conference-paper,2,Computer Science,10.1109/case59546.2024.10711639
B4-R16598,A customizable process planning approach for rotational parts based on multi-level machining features and ontology,2020,INTERNATIONAL JOURNAL OF ADVANCED MANUFACTURING TECHNOLOGY,article,23,"Business, Management and Accounting; Engineering",10.1007/s00170-020-05437-0
B4-R00887,A data warehouse hybrid design framework using domain ontologies for local good-governance assessment,2020,Transforming Government People Process and Policy,article,10,Computer Science; Social Sciences,10.1108/tg-04-2019-0025
B4-R05454,A deep learning‐based image captioning method to automatically generate comprehensive explanations of bridge damage,2021,Computer-Aided Civil and Infrastructure Engineering,article,149,Computer Science; Engineering,10.1111/mice.12793
B4-R01336,A Defeasible Deontic Calculus for Resolving Norm Conflicts,2024,arXiv (Cornell University),preprint,1,Computer Science,10.48550/arxiv.2407.04869
B4-R10931,A deontic action logic with sequential composition of actions,2012,Lecture Notes in Computer Science Including Subseries Lecture Notes in Artificial Intelligence and Lecture Notes in Bioinformatics,conference-paper,8,Computer Science,10.1007/978-3-642-31570-1_13
B4-R10963,A deontic argumentation framework based on deontic defeasible logic,2018,Lecture Notes in Computer Science Including Subseries Lecture Notes in Artificial Intelligence and Lecture Notes in Bioinformatics,conference-paper,9,Computer Science,10.1007/978-3-030-03098-8_33
B4-R01102,A Deontic Logic for Programming Rightful Machines,2020,Proceedings of the AAAI/ACM Conference on AI Ethics and Society,conference-paper,7,Computer Science,10.1145/3375627.3375867
B4-R01094,A deontic logic framework allowing for factual detachment,2010,Journal of Applied Logic,article,32,Computer Science,10.1016/j.jal.2010.11.001
B4-R01120,A deontic logic representation of contractual obligations,1994,Deontic Logic in Computer Science,article,7,"Economics, Econometrics and Finance; Social Sciences",
B4-R01166,A deontic logical framework for modelling product families,2010,ISTI Open Portal,conference-paper,18,"Business, Management and Accounting; Computer Science",
B4-R04403,A design change analysis model as a change impact analysis basis for semantic design change management,2016,Proceedings of the Institution of Mechanical Engineers Part C Journal of Mechanical Engineering Science,article,20,"Business, Management and Accounting; Engineering",10.1177/0954406216633035
B4-R17737,A discrete-event system model for multi-agent control of automated manufacturing systems,2003,"2003 IEEE INTERNATIONAL CONFERENCE ON SYSTEMS, MAN AND CYBERNETICS, VOLS 1-5, CONFERENCE PROCEEDINGS",Proceedings Paper,1,Computer Science; Engineering,
B4-R01058,A Divine Compositionalism View of God’s Commitments and Human Choices: A Christian Ontology of Human Free Will,2026,Religions,article,0,Arts and Humanities; Neuroscience,10.3390/rel17060674
B4-R16494,A Domain Ontology in Social Networks for Identifying User Interest for Personalized Recommendations,2016,JOURNAL OF UNIVERSAL COMPUTER SCIENCE,Article,9,Computer Science; Mathematics,
B4-R18027,A DRL-Based Lane-Changing Decision Model for Connected and Automated Trucks to Reduce Congestion in Freeway Merging Areas,2026,IEEE TRANSACTIONS ON INTELLIGENT TRANSPORTATION SYSTEMS,article,0,Engineering,10.1109/tits.2026.3722503
B4-R10925,A dynamic deontic logic for complex contracts,2012,Journal of Logic and Algebraic Programming,article,51,Computer Science,10.1016/j.jlap.2012.03.003
B4-R16431,A Dynamic Logic for Termgraph Rewriting,2010,GRAPH TRANSFORMATIONS,Proceedings Paper,10,Computer Science; Mathematics,
B4-R16415,A Dynamic Logic for Unstructured Programs with Embedded Assertions,2011,FORMAL VERIFICATION OF OBJECT-ORIENTED SOFTWARE,Proceedings Paper,1,Computer Science; Mathematics,
B4-R01364,A Dynamic Logic of Institutional Actions,2011,Lecture notes in computer science,conference-paper,6,Computer Science; Decision Sciences,10.1007/978-3-642-22359-4_21
B4-R07294,A Dynamic Logic of Norm Change,2016,Frontiers in artificial intelligence and applications,book-chapter,11,"Computer Science; Economics, Econometrics and Finance",10.3233/978-1-61499-672-9-886
B4-R07416,A Dynamic Logic of Normative Systems,2011,Ijcai International Joint Conference on Artificial Intelligence,article,46,Computer Science,10.5591/978-1-57735-516-8/ijcai11-049
B4-R10997,A Dynamic Logic of the Right to Know,2025,Journal of Applied Logics,Article,2,Mathematics,
B4-R16438,A Dynamic Logic with Traces and Coinduction,2015,AUTOMATED REASONING WITH ANALYTIC TABLEAUX AND RELATED METHODS (TABLEAUX 2015),conference-paper,9,Computer Science,10.1007/978-3-319-24312-2_21
B4-R17915,A dynamic model of interaction between reliance on automation and cooperation in multi-operator multi-automation situations,2006,INTERNATIONAL JOURNAL OF INDUSTRIAL ERGONOMICS,article,44,"Business, Management and Accounting; Decision Sciences",10.1016/j.ergon.2006.01.013
B4-R10413,A feature-oriented approach: From usage scenarios to automated system of systems validation in the automotive domain,2020,Proceedings 23rd ACM IEEE International Conference on Model Driven Engineering Languages and Systems Models C 2020 Companion Proceedings,conference-paper,5,Computer Science; Engineering,10.1145/3417990.3419485
B4-R16284,A FIPA-compliant agent framework with an extra layer for ontology dependent reusable behaviour,2002,ADVANCES IN INFORMATION SYSTEMS,Article; Proceedings Paper,1,Computer Science; Mathematics,
B4-R00857,A forest of dreams: Ontological multiplicity and the fantasies of environmental government in the Philippines,2015,Political Geography,article,86,Social Sciences,10.1016/j.polgeo.2015.09.004
B4-R07232,A Formal Analysis of 5G ProSe AKA Protocols for U2N Relay Communication,2024,IEEE Transactions on Dependable and Secure Computing,article,2,Engineering,10.1109/tdsc.2024.3522895
B4-R06319,A FORMAL ANALYSIS OF A BUSINESS CONTRACT LANGUAGE,2006,International Journal of Cooperative Information Systems,article,95,"Business, Management and Accounting; Computer Science",10.1142/s0218843006001529
B4-R07160,A Formal Analysis of Auditing Principles for Electronic Trade Procedures,2000,International Journal of Electronic Commerce,article,16,Computer Science; Social Sciences,10.1080/10864415.2000.11044200
B4-R08412,"A Formal Analysis of Tangible Encryption: Non-Fungible Tokens as Persistent, Ownable Roots of Trust in Secrets Management Systems",2026,Zenodo (CERN European Organization for Nuclear Research),article,2,Computer Science,10.5281/zenodo.19259338
B4-R02853,A Formal Approach for Enforcing Transactional Requirements in Web Service Compositions,2014,Proceedings 2014 IEEE International Conference on Services Computing Scc 2014,conference-paper,6,"Business, Management and Accounting; Computer Science",10.1109/scc.2014.89
B4-R02703,A Formal Approach for Verifying QoS Variability in Web Services Composition Using EVENT-B,2015,,conference-paper,3,"Business, Management and Accounting; Computer Science",10.1109/icws.2015.75
B4-R02838,A formal approach to fault tolerant distributed consensus,2008,,article,4,Computer Science,10.5075/epfl-thesis-3980
B4-R03587,A formal approach to multimedia information systems development,2002,,conference-paper,3,"Business, Management and Accounting; Computer Science; Social Sciences",10.1109/icsmc.1998.728052
B4-R09980,A formal approach to reconfigurability analysis application to the three tank benchmark,2015,European Control Conference Ecc 1999 Conference Proceedings,conference-paper,26,Computer Science; Engineering,10.23919/ecc.1999.7099965
B4-R07159,A formal approach to “grammaticalization”,1999,Linguistics,article,311,Arts and Humanities; Social Sciences,10.1515/ling.37.6.1011
B4-R07168,A Formal Basis for Specifying Object Behaviour,2007,,book-chapter,4,"Business, Management and Accounting; Computer Science; Engineering",10.1007/978-0-585-27524-6_2
B4-R07019,A Formal Description of Contractual Commitment,1981,IIASA PURE (International Institute of Applied Systems Analysis),book,4,"Computer Science; Economics, Econometrics and Finance; Social Sciences",
B4-R11735,A Formal Framework for ASTRAL Intralevel proof Obligations,1994,IEEE Transactions on Software Engineering,article,32,Computer Science,10.1109/32.310665
B4-R12062,A formal framework for multicast communication,2010,IEEE Systems Journal,article,2,Computer Science,10.1109/jsyst.2010.2050364
B4-R02025,A formal framework for organization- centered multi-agent system specification: A rewriting logic based approach,2017,Multiagent and Grid Systems,article,8,"Business, Management and Accounting; Computer Science",10.3233/mgs-170277
B4-R01152,A Formal Language for Electronic Contracts,2007,Lecture notes in computer science,conference-paper,94,Computer Science,10.1007/978-3-540-72952-5_11
B4-R00113,A Formal Language for Writing Contracts,2016,Proceedings 2016 IEEE 17th International Conference on Information Reuse and Integration Iri 2016,conference-paper,11,"Computer Science; Economics, Econometrics and Finance; Social Sciences",10.1109/iri.2016.25
B4-R13336,A formal model for blockchain-based consent management in data sharing,2023,Journal of Logical and Algebraic Methods in Programming,article,15,Computer Science; Social Sciences,10.1016/j.jlamp.2023.100886
B4-R03065,A formal model for ledger management systems based on contracts and temporal logic,2022,Blockchain Research and Applications,article,4,Computer Science,10.1016/j.bcra.2022.100062
B4-R00218,A Formal Model for Organisational Structures behind Process-Aware Information Systems,2009,Lecture notes in computer science,conference-paper,17,"Business, Management and Accounting; Computer Science",10.1007/978-3-642-00899-3_6
B4-R13442,A formal model for pricing information systems insurance contracts,2005,Computer Standards and Interfaces,article,18,Computer Science,10.1016/j.csi.2005.01.010
B4-R13215,A formal model for the fifth discipline,2005,JASSS,Article,2,Computer Science; Social Sciences,
B4-R05776,A formal model of trust for calculating the quality of X.509 certificate,2010,Security and Communication Networks,article,15,Computer Science; Social Sciences,10.1002/sec.198
B4-R05195,A Formal Model-Based Approach to Engineering Systems-of-Systems,2012,IFIP International Federation for Information Processing/IFIP,conference-paper,27,"Business, Management and Accounting; Computer Science; Engineering",10.1007/978-3-642-32775-9_6
B4-R05338,A Formal Modeling Framework for Time-Aware Cyber–Physical Systems of Systems,2026,Systems,article,1,Computer Science; Engineering,10.3390/systems14030312
B4-R01112,A formal representation of declaration-related legal relations,1990,Law and Philosophy,article,6,"Business, Management and Accounting; Social Sciences",10.1007/bf00212705
B4-R01117,A formal representation of normative systems: a defeasible deontic reasoning approach,1992,,article,12,"Computer Science; Economics, Econometrics and Finance; Social Sciences",
B4-R07024,A formal specification of automated auditing of trustworthy trade procedures for open electronic commerce,2003,,conference-abstract,14,Computer Science; Social Sciences,10.1109/hicss.1999.772633
B4-R07156,A formal specification of requirements for payment transactions in the SET protocol,1998,Lecture notes in computer science,conference-paper,63,Computer Science,10.1007/bfb0055477
B4-R05727,A Formal Specification Smart-Contract Language for Legally Binding Decentralized Autonomous Organizations,2021,IEEE Access,article,70,"Business, Management and Accounting; Computer Science",10.1109/access.2021.3081926
B4-R03131,A formal study on legal compliance and interpretation,2010,,article,8,Computer Science; Social Sciences,
B4-R11641,A Formal Treatment of Contract Signature,2022,IEEE Transactions on Services Computing,article,2,Computer Science; Social Sciences,10.1109/tsc.2021.3101833
B4-R03042,A formal verification approach for composite smart contracts security using FSM,2022,Journal of King Saud University - Computer and Information Sciences,article,33,Computer Science,10.1016/j.jksuci.2022.08.029
B4-R15580,A formal verification framework for static analysis,2016,SOFTWARE AND SYSTEMS MODELING,article,12,Computer Science,10.1007/s10270-015-0476-y
B4-R00427,A formal view of social dependence networks,1996,Lecture notes in computer science,conference-paper,32,Computer Science; Decision Sciences; Social Sciences,10.1007/3-540-61314-5_25
B4-R02706,A formalism for calculating the modal contributions to thermal interface conductance,2015,New Journal of Physics,article,94,Engineering; Materials Science,10.1088/1367-2630/17/10/103002
B4-R11883,A formalism for stochastic adaptive systems,2014,Lecture Notes in Computer Science Including Subseries Lecture Notes in Artificial Intelligence and Lecture Notes in Bioinformatics,conference-paper,3,Computer Science,10.1007/978-3-662-45231-8_12
B4-R03754,A formalization of the Protagoras court paradox in a temporal logic of epistemic and normative reasons,2023,Artificial Intelligence and Law,article,3,Computer Science,10.1007/s10506-023-09351-0
B4-R05852,A Formalization of Trust Alignment,2009,Frontiers in artificial intelligence and applications,book-chapter,4,Computer Science; Social Sciences,10.3233/978-1-60750-061-2-169
B4-R11317,"A Formalized Zoned Role-Based Framework for the Analysis, Design, Implementation, Maintenance and Access Control of Integrated Enterprise Systems",2026,Computers,article,0,Computer Science; Social Sciences,10.3390/computers15030187
B4-R07164,A Formally Verified Algorithm for Interactive Consistency Under a Hybrid Fault Model,2005,,conference-paper,78,Computer Science,10.1109/ftcsh.1995.532669
B4-R00640,A Foundational Ontology of Organizations and Roles,2006,Lecture notes in computer science,conference-paper,32,Computer Science,10.1007/11961536_6
B4-R04351,A Framework for Change Impact Analysis of Ontology-Driven Content-Based Systems,2011,Lecture notes in computer science,conference-paper,4,"Business, Management and Accounting; Computer Science",10.1007/978-3-642-25126-9_52
B4-R03228,A Framework for Combining Rules and Geo-ontologies,2007,Lecture notes in computer science,conference-paper,23,Computer Science; Social Sciences,10.1007/978-3-540-72982-2_10
B4-R12184,"A framework for evaluating tool support for co-evolution of modeling languages, tools and models",2025,Software and Systems Modeling,article,5,Computer Science,10.1007/s10270-024-01218-5
B4-R11118,A framework for formal modeling and analysis of organizations,2007,Applied Intelligence,book-chapter,24,"Business, Management and Accounting; Computer Science",10.1007/s10489-006-0030-2
B4-R04356,A Framework for Managing Consistency of Evolving UML Models,2011,IGI Global eBooks,book-chapter,45,Computer Science,10.4018/9781591404620.ch001
B4-R02086,A Framework for Understanding and Classifying Ontology Applications,1999,,article,33,Arts and Humanities; Health Professions,
B4-R05805,A fuzzy logic based certain trust model for E-commerce,2013,2013 International Conference on Informatics Electronics and Vision Iciev 2013,conference-paper,7,Computer Science; Social Sciences,10.1109/iciev.2013.6572693
B4-R12577,A fuzzy logic based reputation model against unfair ratings,2013,12th International Conference on Autonomous Agents and Multiagent Systems 2013 Aamas 2013,Conference Paper,52,,
B4-R16516,A fuzzy ontology-based context-aware encryption approach in IoT through device and information classification,2024,JOURNAL OF SUPERCOMPUTING,article,12,Computer Science,10.1007/s11227-024-06317-0
B4-R16508,A fuzzy recommendation system for predicting the customers interests using sentiment analysis and ontology in e-commerce,2021,APPLIED SOFT COMPUTING,article,151,Computer Science; Social Sciences,10.1016/j.asoc.2021.107396
B4-R16451,A generic complete dynamic logic for reasoning about purity and effects,2008,"FUNDAMENTAL APPROACHES TO SOFTWARE ENGINEERING, PROCEEDINGS",Proceedings Paper,6,Computer Science; Mathematics,
B4-R16457,A generic complete dynamic logic for reasoning about purity and effects,2010,FORMAL ASPECTS OF COMPUTING,article,12,Computer Science,10.1007/s00165-010-0153-4
B4-R16496,A generic framework for collaborative multi-perspective ontology acquisition,2010,ONLINE INFORMATION REVIEW,article,8,"Biochemistry, Genetics and Molecular Biology; Computer Science",10.1108/14684521011024173
B4-R16304,A generic hybrid method combining rules and machine learning to automate domain independent ontology population,2024,ENGINEERING APPLICATIONS OF ARTIFICIAL INTELLIGENCE,article,5,Computer Science,10.1016/j.engappai.2024.108571
B4-R13319,A global marketing logic: local stakeholders’ influence in diverse emerging markets,2021,International Marketing Review,article,6,"Business, Management and Accounting",10.1108/imr-08-2020-0186
B4-R00613,A goal-oriented framework for ontology reuse,2022,Applied Ontology,article,4,"Biochemistry, Genetics and Molecular Biology; Computer Science",10.3233/ao-220269
B4-R00300,A Goal-Oriented Requirements Modelling Language for Enterprise Architecture,2009,Proceedings 13th IEEE International Enterprise Distributed Object Computing Conference Edoc 2009,conference-paper,108,Computer Science,10.1109/edoc.2009.22
B4-R16056,A grammar of institutions for complex legal topics: Resolving statutory multiplicity and scaling up to jurisdiction-level legal institutions(sic)(sic)(sic)Palabras clave,2022,POLICY STUDIES JOURNAL,article,6,Social Sciences,10.1111/psj.12488
B4-R03298,A graph-based approach for resolving incoherent ontology mappings,2018,Web Intelligence,article,11,"Biochemistry, Genetics and Molecular Biology; Computer Science",10.3233/web-180371
B4-R16259,A graph-oriented model for articulation of ontology interdependencies,2000,"ADVANCES IN DATABASE TECHNOLOGY-DEBT 2000, PROCEEDINGS",conference-paper,324,Computer Science,10.1007/3-540-46439-5_6
B4-R04135,A graphical environment for ontology development,2003,Proceedings of the International Conference on Autonomous Agents,conference-paper,11,Computer Science,10.1145/860575.860744
B4-R16546,A high-level architecture of a metadata-based ontology matching framework,2006,"SEVENTEENTH INTERNATIONAL CONFERENCE ON DATABASE AND EXPERT SYSTEMS APPLICATIONS, PROCEEDINGS",conference-paper,4,Computer Science,10.1109/dexa.2006.9
B4-R04271,A High-Level Ontology Network for ICT Infrastructures,2021,Lecture notes in computer science,conference-paper,18,"Business, Management and Accounting; Computer Science",10.1007/978-3-030-88361-4_26
B4-R03400,A Higher Order Approach to Ontology Evolution in Physics,2012,Journal on Data Semantics,article,13,Computer Science,10.1007/s13740-012-0016-7
B4-R14626,A Holistic Viewpoint-Based SysML Profile to Design Systems-of-Systems,2016,2016 IEEE 17th International Symposium on High Assurance Systems Engineering (HASE),conference-paper,13,Computer Science; Engineering,10.1109/hase.2016.21
B4-R02115,A Holonic Metamodel for Agent-Oriented Analysis and Design,2007,Lecture notes in computer science,conference-paper,38,"Business, Management and Accounting; Computer Science",10.1007/978-3-540-74481-8_23
B4-R13241,A Hub architecture for service ecosystems: Towards business-to-business automation with an ontology-enabled collaboration platform,2010,Webist 2010 Proceedings of the 6th International Conference on Web Information Systems and Technology,Conference Paper,4,"Computer Science, Information Systems; Computer Science, Theory & Methods",
B4-R03387,A Human-Machine Dimensional Inference Ontology that Weaves Human Intentions and Requirements of Context Awareness Systems,2008,Proceedings International Computer Software and Applications Conference,conference-paper,11,Computer Science,10.1109/compsac.2008.238
B4-R16387,A hybrid deep learning and ontology-driven approach to perform business process capability assessment,2022,JOURNAL OF INDUSTRIAL INFORMATION INTEGRATION,article,12,"Business, Management and Accounting; Engineering",10.1016/j.jii.2022.100409
B4-R07047,A Hybrid Formal Verification System in Coq for Ensuring the Reliability and Security of Ethereum-based Service Smart Contracts,2019,arXiv (Cornell University),preprint,5,Computer Science,10.48550/arxiv.1902.08726
B4-R07051,A Hybrid Formal Verification System in Coq for Ensuring the Reliability and Security of Ethereum-Based Service Smart Contracts,2020,IEEE Access,article,32,Computer Science,10.1109/access.2020.2969437
B4-R03402,A hybrid ontology approach for integration of obsolescence information,2013,Computers & Industrial Engineering,article,21,"Business, Management and Accounting; Decision Sciences; Social Sciences",10.1016/j.cie.2013.02.011
B4-R05817,A hybrid trust model using reinforcement learning and fuzzy logic,2017,Computational Intelligence,article,16,Computer Science; Social Sciences,10.1111/coin.12155
B4-R14181,A journey in modal proof theory: From minimal normal modal logic to discrete linear temporal logic,2020,CoRR,Article,,,
B4-R16214,A knowledge-based model for managing the ontology evolution: case study of maintenance in SONATRACH,2019,JOURNAL OF INFORMATION SCIENCE,article,3,"Business, Management and Accounting; Computer Science",10.1177/0165551518802261
B4-R09841,A large-language-model framework for automated humanitarian situation reporting,2026,Scientific Reports,article,0,Computer Science; Social Sciences,10.1038/s41598-026-68010-x
B4-R01232,A Legal-Relationship Establishment in Smart Contracts: Ontological Semantics for Programming-Language Development,2021,Communications in computer and information science,conference-paper,7,"Business, Management and Accounting; Computer Science",10.1007/978-3-030-81462-5_58
B4-R14866,A lifecycle-centered semantic toolkit for provenance-aware materials data and workflows management,2026,JOURNAL OF ENERGY CHEMISTRY,article,1,"Business, Management and Accounting; Decision Sciences; Materials Science",10.1016/j.jechem.2026.06.057
B4-R16819,A logic for reasoning about responsibility,2010,LOGIC JOURNAL OF THE IGPL,article,23,Computer Science,10.1093/jigpal/jzp073
B4-R11742,A logic for the Java modeling language JML,2001,Lecture Notes in Computer Science Including Subseries Lecture Notes in Artificial Intelligence and Lecture Notes in Bioinformatics,conference-paper,93,Computer Science,10.1007/3-540-45314-8_21
B4-R11005,A logic model for electronic contracting,1988,Decision Support Systems,article,80,Computer Science,10.1016/0167-9236(88)90096-6
B4-R12599,A logic of negative trust,2020,Journal of Applied Non Classical Logics,article,21,Computer Science; Social Sciences,10.1080/11663081.2020.1789404
B4-R13344,A Logic of Sattestation,2024,Proceedings IEEE Computer Security Foundations Symposium,conference-paper,1,Computer Science; Social Sciences,10.1109/csf61375.2024.00047
B4-R00024,A Logical Analysis of Commitment Dynamics,2010,Lecture notes in computer science,conference-paper,4,Computer Science,10.1007/978-3-642-14183-6_21
B4-R00014,A Logical Framework for Grounding-based Dialogue Analysis,2006,Electronic Notes in Theoretical Computer Science,article,31,Computer Science,10.1016/j.entcs.2006.02.016
B4-R11008,A Logical Model of Directed Obligations and Permissions to Support Electronic Contracting,1998,International Journal of Electronic Commerce,article,35,Computer Science,10.1080/10864415.1998.11518335
B4-R00004,A logical model of social commitment for agent communication,2003,ADVANCES IN AGENT COMMUNICATION,conference-paper,83,Computer Science,10.1145/860658.860660
B4-R00007,A Logical Model of Social Commitment for Agent Communication,2004,Lecture notes in computer science,conference-paper,11,Computer Science,10.1007/978-3-540-24608-4_8
B4-R01129,A logical model of transfer of obligations in trade contracts,1998,Accounting Management and Information Technologies,article,12,Computer Science,10.1016/s0959-8022(98)00007-1
B4-R04785,A machine learning method for soil conditioning automated decision-making of EPBM : hybrid GBDT and Random Forest Algorithm,2022,Eksploatacja i Niezawodnosc - Maintenance and Reliability,article,7,Engineering,10.17531/ein.2022.2.5
B4-R10392,A maude based specification for SoS architecture,2018,2018 13th System of Systems Engineering Conference Sose 2018,conference-paper,6,Computer Science; Engineering,10.1109/sysose.2018.8428738
B4-R15159,A mechanism for discovering semantic relationships among agent communication protocols,2011,AUTONOMOUS AGENTS AND MULTI-AGENT SYSTEMS,article,1,Computer Science,10.1007/s10458-010-9154-1
B4-R05251,A meta-model for representing system-of-systems ontologies,2018,Proceedings International Conference on Software Engineering,conference-paper,29,Computer Science; Decision Sciences; Engineering,10.1145/3194754.3194755
B4-R10219,A Metadata Repository for Semantic Product Lifecycle Management,2020,Procedia CIRP,article,21,"Business, Management and Accounting; Computer Science; Engineering",10.1016/j.procir.2019.11.006
B4-R02103,"A Metamodel for Agents, Roles, and Groups",2005,Lecture notes in computer science,article,10,Arts and Humanities; Health Professions,10.1007/978-3-540-30578-1_6
B4-R12760,A method for converting business process models into semantic knowledge graphs to aid in decision making,2024,Transinformacao,article,0,"Business, Management and Accounting; Computer Science",10.1590/2318-0889202436e248136
B4-R11947,A method for the ontology-based risk management of PPP construction projects,2023,Construction Innovation,article,11,"Business, Management and Accounting; Decision Sciences",10.1108/ci-02-2022-0029
B4-R04377,A Methodological Approach for the Coupled Evolution of Metamodels and ATL Transformations,2013,Lecture notes in computer science,conference-paper,32,Computer Science,10.1007/978-3-642-38883-5_9
B4-R00966,A Methodological Framework for Ontology Centric Agent Oriented Software Engineering,2006,Research Online (University of Wollongong),article,25,"Business, Management and Accounting; Computer Science",
B4-R10868,A methodological framework for ontology centric oriented software engineering,2006,Computer Systems Science and Engineering,Article,21,"Computer Science, Hardware & Architecture; Computer Science, Theory & Methods",
B4-R00810,A methodology for building a semantically annotated multi-faceted ontology for product family modelling,2010,Advanced Engineering Informatics,article,64,"Business, Management and Accounting; Engineering; Psychology",10.1016/j.aei.2010.07.005
B4-R04350,A Methodology For Change Propagation In Health Ontology.,2011,Journal of the Association for Information Systems,article,3,"Biochemistry, Genetics and Molecular Biology; Computer Science; Decision Sciences",10.13140/2.1.1218.3363
B4-R05306,A methodology for developing SoS architectures using SysML model federation,2023,Systems Engineering,article,6,"Business, Management and Accounting; Engineering",10.1002/sys.21727
B4-R10690,A Methodology for Implementing the Formal Legal-GRL Framework: A Research Preview,2020,Lecture Notes in Computer Science Including Subseries Lecture Notes in Artificial Intelligence and Lecture Notes in Bioinformatics,conference-paper,8,"Business, Management and Accounting; Computer Science",10.1007/978-3-030-44429-7_9
B4-R16511,A methodology to create legal ontologies in a logic programming information retrieval system,2005,"LAW AND THE SEMANTIC WEB: LEGAL ONTOLOGIES, METHODOLOGIES, LEGAL INFORMATION RETRIEVAL, AND APPLICATIONS",conference-paper,34,Computer Science,10.1007/978-3-540-32253-5_12
B4-R15151,A Modal Logic for Joint Abilities under Strategy Commitments,2020,PROCEEDINGS OF THE TWENTY-NINTH INTERNATIONAL JOINT CONFERENCE ON ARTIFICIAL INTELLIGENCE,Proceedings Paper,4,"Computer Science, Artificial Intelligence; Computer Science, Interdisciplinary Applications; Computer Science, Theory & Methods",
B4-R09564,A model for automatic selection of IoT services in ambient assisted living for the elderly,2023,Pervasive and Mobile Computing,article,9,Computer Science,10.1016/j.pmcj.2023.101845
B4-R12110,A model for ripple effects analysis of cascading problems in ontology evolution,2012,International Journal of Metadata Semantics and Ontologies,article,4,Computer Science,10.1504/ijmso.2012.050179
B4-R12066,A model for ripple effects of ontology evolution based on assertions and ontology reverse engineering,2011,Communications in Computer and Information Science,conference-paper,4,"Biochemistry, Genetics and Molecular Biology; Computer Science",10.1007/978-3-642-24731-6_15
B4-R05396,A Model-Based Approach to System-of-Systems Engineering via the Systems Modeling Language,2014,Purdue e-Pubs (Purdue University System),dissertation,9,"Business, Management and Accounting; Decision Sciences; Engineering",
B4-R14851,A Model-Driven Approach Employing DSL and Generation Templates to Accelerate the Development of Conversational Agents for Smart Tourism,2025,IEEE ACCESS,article,8,Computer Science,10.1109/access.2025.3574641
B4-R03433,A Modified Ontology-Based Method of Workload Relocation Problem Solving for Monitoring and Forecasting Systems,2021,Lecture notes in networks and systems,conference-paper,4,"Business, Management and Accounting; Engineering",10.1007/978-3-030-77445-5_13
B4-R17784,A multi-formalism modeling composability framework: Agent and discrete-event models,2005,"Ninth IEEE International Symposium on Distributed Simulation and Real-Time Applications, Proceedings",conference-paper,22,"Business, Management and Accounting; Computer Science; Decision Sciences",10.1109/distra.2005.4
B4-R15736,A multilevel analysis of data quality for formal software citation,2024,QUANTITATIVE SCIENCE STUDIES,article,1,Computer Science; Decision Sciences,10.1162/qss_a_00309
B4-R16391,A narrative analysis of the memory-emotion nexus: Germany's ontological security and foreign policy,2026,JOURNAL OF CONTEMPORARY EUROPEAN STUDIES,article,0,Arts and Humanities; Psychology; Social Sciences,10.1080/14782804.2026.2647176
B4-R16436,A Natural Deduction Approach to Dynamic Logic,1996,TYPES FOR PROOFS AND PROGRAMS,Article; Proceedings Paper,12,Computer Science; Mathematics,
B4-R00907,A naturalist approach to social ontology,2024,Synthese,article,2,Arts and Humanities; Social Sciences,10.1007/s11229-023-04432-8
B4-R03335,A Neuro-Symbolic Approach to Symbol Grounding for ALC-Ontologies,2025,Proceedings of the ACM SIGKDD International Conference on Knowledge Discovery and Data Mining,conference-paper,1,Computer Science,10.1145/3711896.3736926
B4-R11529,A new alliance of de-legalisation and legal formalism? Reflections on responses to the social deficit of the European integration project,2008,Law and Critique,article,9,Social Sciences,10.1007/s10978-008-9035-9
B4-R11213,A New Formal Multi-Agent Organization Based on the DD-LOTOS Language,2024,Journal of Information Science and Engineering,Article,2,Computer Science; Social Sciences,10.6688/jise.202411_40(6).0008
B4-R16327,A New Method of Using Physical Effects in Su-Field Analysis based on Ontology Reasoning,2013,17TH INTERNATIONAL CONFERENCE IN KNOWLEDGE BASED AND INTELLIGENT INFORMATION AND ENGINEERING SYSTEMS - KES2013,conference-paper,10,Computer Science; Engineering,10.1016/j.procs.2013.09.078
B4-R05843,A New Model for Trust and Reputation Management with an Ontology Based Approach for Similarity Between Tasks,2006,Lecture notes in computer science,conference-paper,14,Computer Science; Social Sciences,10.1007/11872283_15
B4-R03438,A New Ontology Convolutional Neural Network for Extorting Essential Elements in Video Mining,2023,Journal of Signal Processing Systems,article,5,Computer Science,10.1007/s11265-023-01864-w
B4-R10949,A new perspective on nonmonotonic logics,2016,A New Perspective on Nonmonotonic Logics,book,7,Computer Science,10.1007/978-3-319-46817-4
B4-R03237,A New Psychologism in Logic? Reflections from the Point of View of Belief Revision,2008,Studia Logica,article,3,Arts and Humanities; Computer Science; Psychology,10.1007/s11225-008-9099-4
B4-R05134,A new robotic assembly modeling and trajectory planning method using synchronized Petri nets,2004,The International Journal of Advanced Manufacturing Technology,article,10,Engineering,10.1007/s00170-003-1995-1
B4-R00018,A New Semantics of Social Commitments Using Branching Space-Time Logic,2009,Proceedings 2009 IEEE Wic ACM International Conference on Web Intelligence and Intelligent Agent Technology Workshops Wi Iat Workshops 2009,conference-paper,4,Computer Science,10.1109/wi-iat.2009.333
B4-R00886,A non-collaborative approach for modeling ontologies for a generic IoT lab architecture,2020,Journal of Information and Optimization Sciences,article,4,Computer Science,10.1080/02522667.2020.1723935
B4-R02429,A Nonmonotonic Approach to Semantic Matchmaking and Request Refinement in E-Marketplaces,2007,International Journal of Electronic Commerce,article,73,Computer Science,10.2753/jec1086-4415120205
B4-R14163,A Normal Form for Temporal Logics and its Applications in Theorem-Proving and Execution,1997,J. Log. Comput.,article,81,Computer Science,10.1093/logcom/7.4.429
B4-R12590,A normal modal logic for trust in the sincerity,2018,Proceedings of the International Joint Conference on Autonomous Agents and Multiagent Systems Aamas,Conference Paper,14,Computer Science; Engineering,
B4-R13781,A novel 3-D dynamic cellular automata model for photoresist-etching process simulation,2007,IEEE Transactions on Computer Aided Design of Integrated Circuits and Systems,article,19,Engineering,10.1109/tcad.2006.882510
B4-R09768,"A novel approach for predicting the spatial patterns of urban expansion by combining the chi-squared automatic integration detection decision tree, Markov chain and cellular automata models in GIS",2015,Geocarto International,article,83,Engineering; Environmental Science,10.1080/10106049.2014.997308
B4-R04430,A Novel Modeling Method of the Crowdsourcing Design Process for Complex Products-Based an Object-Oriented Petri Net,2021,IEEE Access,article,11,"Business, Management and Accounting; Computer Science",10.1109/access.2021.3065360
B4-R16227,A NOVEL ONTOLOGY EVOLUTION METHODOLOGY,2015,JOURNAL OF WEB ENGINEERING,Article,4,Computer Science,
B4-R01191,A Pattern for the Representation of Legal Relations in a Legal Core Ontology,2016,Frontiers in artificial intelligence and applications,book-chapter,14,Computer Science; Social Sciences,10.3233/978-1-61499-726-9-191
B4-R10960,A Petri Net-Based Notation for Normative Modeling: Evaluation on Deontic Paradoxes,2018,Lecture Notes in Computer Science Including Subseries Lecture Notes in Artificial Intelligence and Lecture Notes in Bioinformatics,conference-paper,4,"Business, Management and Accounting; Computer Science",10.1007/978-3-030-00178-0_6
B4-R07177,A Platform for Semantic Web Studies,2010,Open Research Online - ORO (The Open University),conference-paper,6,"Biochemistry, Genetics and Molecular Biology; Computer Science",
B4-R02216,A pluriversal environmental governance? Ontological differences and knowledge co-production in scientific panels,2026,Environment and Planning C Politics and Space,article,0,Engineering; Environmental Science,10.1177/23996544261421061
B4-R05634,A Practical Approach to Ontology-Based Data Modelling for Semantic Interoperability,2021,,conference-paper,7,"Business, Management and Accounting; Computer Science",10.23967/wccm-eccomas.2020.035
B4-R04248,A Preventive Approach for Consistent OWL 2 DL Ontology Versions,2018,International Journal on Semantic Web and Information Systems,article,3,"Business, Management and Accounting; Computer Science",10.4018/ijswis.2019010104
B4-R03610,A real-time semantics for norms with deadlines,2013,12th International Conference on Autonomous Agents and Multiagent Systems 2013 Aamas 2013,article,4,Computer Science,10.5555/2484920.2485001
B4-R06239,A Recursion and Lock Free GPU-Based Logic Rewriting Framework Exploiting Both Intranode and Internode Parallelism,2023,IEEE Transactions on Computer-Aided Design of Integrated Circuits and Systems,article,10,Computer Science; Engineering,10.1109/tcad.2023.3251741
B4-R16208,A Resolution Calculus for the Branching-Time Temporal Logic CTL,2014,ACM TRANSACTIONS ON COMPUTATIONAL LOGIC,article,13,Chemistry; Computer Science,10.1145/2529993
B4-R00829,A Retrospective on the Reactive Event Calculus and Commitment Modeling Language,2012,Lecture notes in computer science,conference-paper,5,Computer Science,10.1007/978-3-642-29113-5_13
B4-R15382,A Return to the Enduring Features of Institutions: A Process Ontology of Reproduction and Endurance,2015,PHILOSOPHY OF THE SOCIAL SCIENCES,article,13,"Business, Management and Accounting; Social Sciences",10.1177/0048393114544035
B4-R15299,A reusable commitment management service using Semantic Web technology,2007,KNOWLEDGE-BASED SYSTEMS,article,3,"Business, Management and Accounting; Computer Science",10.1016/j.knosys.2006.11.011
B4-R16459,A Reward-and-Punishment-Based Approach for Concept Detection Using Adaptive Ontology Rules,2013,ACM TRANSACTIONS ON MULTIMEDIA COMPUTING COMMUNICATIONS AND APPLICATIONS,article,4,Computer Science,10.1145/2457450.2457452
B4-R11015,A Role Based Model for the Normative Specification of Organized Collective Agency and Agents Interaction,2003,Autonomous Agents and Multi Agent Systems,article,111,Computer Science,10.1023/a:1021884118023
B4-R04761,A rule-based method for automated surrogate model selection,2020,Advanced Engineering Informatics,article,86,Computer Science; Decision Sciences,10.1016/j.aei.2020.101123
B4-R00221,A rule-driven approach for architectural self adaptation in collaborative activities using graph grammars,2010,International Journal of Autonomic Computing,article,19,Computer Science,10.1504/ijac.2010.033007
B4-R03103,A Scalable Computational Pipeline for Collaborative Translation and Validation of Biomedical Ontologies: The PORTI-HPO Platform,2026,Lecture notes in computer science,conference-paper,0,"Biochemistry, Genetics and Molecular Biology; Computer Science",10.1007/978-3-032-29912-3_21
B4-R19016,A semantic active policy-based management architecture,2004,2004 IEEE International Workshop on IP Operations and Management,conference-paper,6,Computer Science; Social Sciences,10.1109/ipom.2004.1547621
B4-R17106,A semantic approach for designing commitment protocols,2005,AGENT COMMUNICATION,Article; Proceedings Paper,1,Computer Science; Mathematics,
B4-R07054,A semantic differential transaction approach to minimizing information redundancy for BIM and blockchain integration,2020,Automation in Construction,article,186,Computer Science; Engineering,10.1016/j.autcon.2020.103270
B4-R09621,"A Semantic Framework for Logical Cross-Validation, Evaluation and Impact Analyses of Population Health Interventions",2017,Studies in health technology and informatics,book-chapter,8,"Biochemistry, Genetics and Molecular Biology; Decision Sciences; Health Professions",10.3233/978-1-61499-753-5-481
B4-R16772,A Semantic Framework for Socially Adaptive Agents Towards strong norm compliance,2015,PROCEEDINGS OF THE 2015 INTERNATIONAL CONFERENCE ON AUTONOMOUS AGENTS & MULTIAGENT SYSTEMS (AAMAS'15),Proceedings Paper,12,"Automation & Control Systems; Computer Science, Artificial Intelligence; Engineering, Electrical & Electronic; Robotics",
B4-R17558,A SEMANTIC SECURITY FRAMEWORK FOR SYSTEMS OF SYSTEMS,2013,INTERNATIONAL JOURNAL OF COOPERATIVE INFORMATION SYSTEMS,article,31,Computer Science,10.1142/s0218843013500044
B4-R06769,A semantic service-oriented architecture for distributed model management systems,2012,Decision Support Systems,article,16,"Business, Management and Accounting; Computer Science",10.1016/j.dss.2012.05.046
B4-R07187,A semantic solution to the problem of Hungarian object agreement,2013,Natural Language Semantics,article,28,Arts and Humanities; Computer Science,10.1007/s11050-013-9096-7
B4-R02510,A Semantic Space Partitioning Approach to Virtual Camera Composition,2005,Computer Graphics Forum,article,39,Computer Science,10.1111/j.1467-8659.2005.00849.x
B4-R18951,A Semantic Web-Based Approach to Knowledge Management for Grid Applications,2007,IEEE Transactions on Knowledge and Data Engineering,article,33,Computer Science; Decision Sciences,10.1109/tkde.2007.20
B4-R08101,A Semantic-Aware Ontology-Based Trust Model for Pervasive Computing Environments,2008,Lecture notes in computer science,conference-paper,5,Computer Science; Social Sciences,10.1007/978-3-540-69295-9_6
B4-R09215,A semantic-based methodology for the management of document workflows in e-government: a case study for judicial processes,2024,Knowledge and Information Systems,article,8,"Business, Management and Accounting; Computer Science; Social Sciences",10.1007/s10115-024-02077-8
B4-R18204,A semantic-driven tradespace framework to accelerate aircraft manufacturing system design,2024,JOURNAL OF INTELLIGENT MANUFACTURING,article,47,Engineering,10.1007/s10845-022-02043-7
B4-R14890,A semantics-driven framework to enable demand flexibility control applications in real buildings,2025,ADVANCED ENGINEERING INFORMATICS,article,11,Computer Science; Engineering,10.1016/j.aei.2024.103049
B4-R09771,A Semi-automated Evaluation Metric for Dialogue Model Coherence,2016,Signals and communication technology,book-chapter,14,Computer Science,10.1007/978-3-319-21834-2_19
B4-R02173,A Service Ecosystem Ontology Perspective: SDG Implementation Mechanisms in Public Safety,2020,Lecture notes in business information processing,conference-paper,2,"Business, Management and Accounting; Engineering; Social Sciences",10.1007/978-3-030-38724-2_22
B4-R03218,A Simple Modal Logic for Belief Revision,2005,Synthese,article,17,Computer Science,10.1007/1-4020-4631-6_6
B4-R14183,A Simple Rewrite System for the Normalization of Linear Temporal Logic,2022,Principles of Systems Design,conference-paper,2,Computer Science,10.1007/978-3-031-22337-2_10
B4-R14185,A Simple Rewrite System for the Normalization of Linear Temporal Logic,2023,CoRR,Article,,,10.48550/arxiv.2304.08872
B4-R10756,A simulation model articulation of the REA ontology,2009,Lecture Notes in Computer Science Including Subseries Lecture Notes in Artificial Intelligence and Lecture Notes in Bioinformatics,conference-paper,3,"Business, Management and Accounting; Computer Science",10.1007/978-3-642-05290-3_69
B4-R16053,A sleeping giant awakes? The rise of the Institutional Grammar Tool (IGT) in policy research,2019,JOURNAL OF CHINESE GOVERNANCE,article,34,Social Sciences,10.1080/23812346.2019.1575502
B4-R15167,A social semantics for agent communication languages,2000,ISSUES IN AGENT COMMUNICATION,Article,134,Computer Science; Mathematics,
B4-R16771,A Stable Model Semantics for eFLINT Norm Specifications and Model Checking Scenarios,2025,"PROCEEDINGS OF THE 24TH ACM SIGPLAN INTERNATIONAL CONFERENCE ON GENERATIVE PROGRAMMING: CONCEPTS AND EXPERIENCES, GPCE 2025",conference-paper,0,"Business, Management and Accounting; Computer Science",10.1145/3742876.3742882
B4-R18802,A Standardized Specification Approach for Graphical Domain-Specific Languages,2025,2025 IEEE 8th International Conference on Industrial Cyber-Physical Systems (ICPS),conference-paper,3,Computer Science,10.1109/icps65515.2025.11087882
B4-R16747,A state/event temporal deontic logic,2006,"DEONTIC LOGIC AND ARTIFICIAL NORMATIVE SYSTEMS, PROCEEDINGS",Article; Proceedings Paper,10,Computer Science; Mathematics,
B4-R16446,A strongly complete axiomatization of intuitionistic temporal logic,2021,JOURNAL OF LOGIC AND COMPUTATION,article,4,Computer Science,10.1093/logcom/exab041
B4-R07685,A Structural Causal Model Ontology Approach for Knowledge Discovery in Educational Admission Databases,2025,Knowledge,article,1,Computer Science,10.3390/knowledge5030015
B4-R02624,A study of the oxidative degradation of phenol-formaldehyde polycondensates using infrared spectroscopy,1963,Journal of Applied Polymer Science,article,109,Chemistry; Engineering; Materials Science,10.1002/app.1963.070070110
B4-R17673,A Study on Goals Specification for Systems-of-Information Systems: Design Principles and a Conceptual Model,2018,PROCEEDINGS OF THE 14TH BRAZILIAN SYMPOSIUM ON INFORMATION SYSTEMS (SBSI2018),conference-paper,15,Computer Science; Engineering,10.1145/3229345.3229369
B4-R12596,A subjective logic based approach to handling inconsistencies in ontology merging,2019,Lecture Notes in Computer Science Including Subseries Lecture Notes in Artificial Intelligence and Lecture Notes in Bioinformatics,conference-paper,4,"Biochemistry, Genetics and Molecular Biology; Computer Science",10.1007/978-3-030-33246-4_37
B4-R08096,"A survey on knowledge graph-augmented large language model reasoning: theoretical challenges, technical pathways, and evolutionary logic",2026,Knowledge and Information Systems,article,0,Computer Science,10.1007/s10115-026-02880-5
B4-R04453,A SysML-driven co-design platform applying an MBSE-PDM integration framework and cross-stage change propagation method,2025,Computers & Industrial Engineering,article,5,"Business, Management and Accounting; Engineering",10.1016/j.cie.2025.111460
B4-R16047,A Systematic Approach to Institutional Analysis: Applying Crawford and Ostrom's Grammar,2010,POLITICAL RESEARCH QUARTERLY,article,139,"Business, Management and Accounting; Social Sciences",10.1177/1065912909334430
B4-R05259,A Systematic Identification of Formal and Semi-Formal Languages and Techniques for Software-Intensive Systems-of-Systems Requirements Modeling,2018,IEEE Systems Journal,article,19,Computer Science; Engineering,10.1109/jsyst.2018.2874061
B4-R16421,A temporal defeasible logic for handling access control policies,2016,APPLIED INTELLIGENCE,article,20,Computer Science; Social Sciences,10.1007/s10489-015-0692-8
B4-R16827,A temporal dynamic deontic logic,2019,JOURNAL OF LOGIC AND COMPUTATION,article,3,Computer Science,10.1093/logcom/exy008
B4-R16809,A Temporal Epistemic Deontic Logic,2024,NOTRE DAME JOURNAL OF FORMAL LOGIC,article,0,Computer Science,10.1215/00294527-2024-0009
B4-R03711,A Temporal Logic of Normative Systems,2008,Towards Mathematical Philosophy,book-chapter,13,Computer Science,10.1007/978-1-4020-9084-4_5
B4-R00050,A temporal modal defeasible logic for formalizing social commitments in dialogue and argumentation models,2017,Applied Intelligence,article,7,Computer Science,10.1007/s10489-017-0983-3
B4-R11749,"A theoretical investigation of the donor ability of [M(R,R′timdt) 2] dithiolene complexes towards molecular diiodine (M = Ni, Pd, Pt; R,R′timdt = formally monoreduced disubstituted imidazolidine-2,4,5- trithione)",2004,European Journal of Inorganic Chemistry,article,18,Chemistry; Materials Science,10.1002/ejic.200300953
B4-R11756,A theoretical investigation of the selective oxidation of methanol to formaldehyde on isolated vanadate species supported on Silica,2007,Journal of Physical Chemistry C,article,82,Chemical Engineering; Materials Science,10.1021/jp072627a
B4-R09282,A Three-Layer Model for Workflow Semantic Recovery in an Object-Oriented Environment,2001,Lecture notes in computer science,conference-paper,3,"Business, Management and Accounting; Computer Science; Decision Sciences",10.1007/3-540-45581-7_40
B4-R16449,A Time Series and Reduction based Model for QoS Prediction of Service Ontologies,2014,"2014 IEEE 11TH INTERNATIONAL CONFERENCE ON NETWORKING, SENSING AND CONTROL (ICNSC)",Proceedings Paper,1,Operations Research & Management Science; Telecommunications,
B4-R02562,A Transient Semantics for Typed Racket,2021,The Art Science and Engineering of Programming,article,5,Computer Science,10.22152/programming-journal.org/2022/6/9
B4-R05790,A Trust Model Based on Subjective Logic for Multi-Domains in Grids,2008,Proceedings 2008 Pacific Asia Workshop on Computational Intelligence and Industrial Application Paciia 2008,conference-paper,12,Computer Science; Social Sciences,10.1109/paciia.2008.152
B4-R13237,A trust ontology for semantic services,2010,Proceedings 2010 IEEE 7th International Conference on Services Computing Scc 2010,conference-paper,14,Computer Science; Social Sciences,10.1109/scc.2010.42
B4-R13366,A Trust-Aware Architecture for Personalized Digital Health: Integrating Blueprint Personas and Ontology-Based Reasoning,2025,Journal of Medical Systems,article,3,Computer Science; Health Professions,10.1007/s10916-025-02255-3
B4-R11869,A unified formal specification and analysis of the new Java memory models,2003,Lecture Notes in Computer Science Including Subseries Lecture Notes in Artificial Intelligence and Lecture Notes in Bioinformatics,conference-paper,4,Computer Science,10.1007/3-540-36498-6_9
B4-R16654,A unified framework for Input/Output and default logics via hypersequents,2026,JOURNAL OF LOGIC AND COMPUTATION,article,0,Computer Science,10.1093/logcom/exag006
B4-R16577,"A Unified Ontological Approach for Modeling Domain Theory and Procedures: Applications, Issues and Prospects",2026,"GENERATIVE SYSTEMS AND INTELLIGENT TUTORING SYSTEMS, ITS 2025, PT I",conference-paper,0,"Business, Management and Accounting; Computer Science",10.1007/978-3-031-98281-1_22
B4-R16443,A Uniform Substitution Calculus for Differential Dynamic Logic,2015,AUTOMATED DEDUCTION - CADE-25,conference-paper,28,Computer Science,10.1007/978-3-319-21401-6_32
B4-R18324,A value-focused approach for establishing requirements' specification of commercial aircraft,2014,PROCEEDINGS OF THE INSTITUTION OF MECHANICAL ENGINEERS PART G-JOURNAL OF AEROSPACE ENGINEERING,article,7,"Business, Management and Accounting; Engineering",10.1177/0954410013516302
B4-R03549,A Zero-Shot Framework for Compound Fault Diagnosis in Rotating Machinery Using Orthogonal High-Order Semantics and Cross-Hierarchical Discriminative Learning,2025,IEEE Transactions on Instrumentation and Measurement,article,2,Engineering,10.1109/tim.2025.3597619
B4-R02177,"A “gestalt” framework of emotions and organizing: integrating innate, constructed, and discursive ontologies",2020,Management Learning,article,8,"Business, Management and Accounting; Psychology",10.1177/1350507620972238
B4-R01002,Abductive Logic Programming for Normative Reasoning and Ontologies,2017,Lecture notes in computer science,conference-paper,2,Computer Science,10.1007/978-3-319-50953-2_14
B4-R16378,"Abjection, materiality and ontological security: A study of the unfinished Church of Christ the Saviour in Pristina",2021,COOPERATION AND CONFLICT,article,14,Social Sciences,10.1177/0010836720972435
B4-R14177,Abnormal Data Classification Using Time-Frequency Temporal Logic,2017,HSCC,conference-paper,19,Computer Science; Engineering,10.1145/3049797.3049809
B4-R02328,Abolishing Formal Complaints? Balancing Technical Expertise and Efficiency with Democratic Accountability in the European Commission’s Decision-Making,2023,Journal of European Competition Law & Practice,article,1,"Business, Management and Accounting; Social Sciences",10.1093/jeclap/lpad056
B4-R16524,Access Control via Lightweight Ontologies,2011,FIFTH IEEE INTERNATIONAL CONFERENCE ON SEMANTIC COMPUTING (ICSC 2011),conference-paper,4,Computer Science; Social Sciences,10.1109/icsc.2011.23
B4-R18016,ACCESSING DIFFERENT TYPES OF LEXICAL SEMANTIC INFORMATION - EVIDENCE FROM PRIMING,1995,JOURNAL OF EXPERIMENTAL PSYCHOLOGY-LEARNING MEMORY AND COGNITION,article,218,Psychology,10.1037/0278-7393.21.4.863
B4-R16586,Achieving security-by-design through ontology-driven attribute-based access control in cloud environments,2019,FUTURE GENERATION COMPUTER SYSTEMS-THE INTERNATIONAL JOURNAL OF ESCIENCE,article,23,Computer Science; Decision Sciences; Social Sciences,10.1016/j.future.2018.08.042
B4-R09658,ACME: automated classification model for E-learning feedback,2023,Interactive Learning Environments,article,2,Computer Science,10.1080/10494820.2023.2202698
B4-R10873,Action Theory and Ontology,2010,A Companion to the Philosophy of Action,other,7,Arts and Humanities; Psychology,10.1002/9781444323528.ch1
B4-R16871,ACTION TYPES IN STIT SEMANTICS,2017,REVIEW OF SYMBOLIC LOGIC,article,40,Computer Science,10.1017/s1755020317000016
B4-R02811,Active transport of formaldehyde in methanol-utilizing bacteria,1982,The Chemical Engineering Journal,article,5,"Biochemistry, Genetics and Molecular Biology; Engineering; Materials Science",10.1016/0300-9467(82)85017-x
B4-R02205,Adaptive UAV Mission Planning Using Ontologies and Agent Role-based Cooperation,2025,,conference-paper,0,,10.55056/ceur-ws.org/vol-4068/paper12
B4-R02158,Adding Quality of Information to the Ontological Model of an Enterprise,2017,Lecture notes in business information processing,conference-paper,2,"Business, Management and Accounting; Computer Science; Decision Sciences",10.1007/978-3-319-57955-9_3
B4-R07202,Advances in formal Slavic linguistics 2016,2019,Directory of Open access Books (OAPEN Foundation),book,14,Arts and Humanities; Social Sciences,10.5281/zenodo.2546439
B4-R16861,"Advances in probabilistic model checking with PRISM: variable reordering, quantiles and weak deterministic Buchi automata",2018,INTERNATIONAL JOURNAL ON SOFTWARE TOOLS FOR TECHNOLOGY TRANSFER,article,29,Computer Science,10.1007/s10009-017-0456-3
B4-R16073,Advancing Text Analysis for Nonprofit Research: Using Semantic Role Labeling to Automate Institutional Grammar Coding of Nonprofit Laws and Policies,2026,NONPROFIT POLICY FORUM,article,1,Nursing; Social Sciences,10.1515/npf-2024-0048
B4-R07517,Affective regimes and ontological security: When empathy threatens the state,2026,Political Psychology,article,0,Social Sciences,10.1111/pops.70183
B4-R00973,Against digital ontology,2008,Synthese,article,110,Arts and Humanities; Computer Science; Neuroscience,10.1007/s11229-008-9334-6
B4-R01851,Agencies’ formal independence and credible commitment in the Latin American regulatory state: A comparative analysis of 8 countries and 13 sectors,2018,Regulation & Governance,article,30,"Business, Management and Accounting; Economics, Econometrics and Finance; Social Sciences",10.1111/rego.12187
B4-R19021,Agency and Deontic Logic,2003,Artificial Intelligence and Law,article,13,Computer Science,10.1023/b:arti.0000013352.63798.08
B4-R13643,"Agency work before around age 40, formal work after: Labour mobility in gig manufacturing under China’s New Normal",2025,Critical Sociology,article,0,Health Professions; Social Sciences,10.1177/08969205251373092
B4-R00631,AGENT ORGANIZATION AND COMMUNICATION WITH MULTIPLE ONTOLOGIES,1995,International Journal of Cooperative Information Systems,article,25,Computer Science,10.1142/s0218843095000147
B4-R02141,"Agent, Person, Subject, Self: A Theory of Ontology, Interaction, and Infrastructure",2012,,article,116,Social Sciences,
B4-R18804,Agent-based Initialization of Autonomous Mobile Robots: Leveraging the Asset Administration Shell for automated Commissioning,2025,2025 IEEE 30th International Conference on Emerging Technologies and Factory Automation (ETFA),conference-paper,1,Computer Science; Engineering,10.1109/etfa65518.2025.11205779
B4-R14268,Agent-oriented activity recognition in the event calculus: An application for diabetic patients,2017,Comput. Intell.,article,9,Computer Science,10.1111/coin.12121
B4-R00728,AgentO: An Ontology for Modeling Agentic AI Systems,2026,Lecture notes in computer science,conference-paper,1,"Business, Management and Accounting; Computer Science; Decision Sciences",10.1007/978-3-032-25159-6_16
B4-R15565,"AGM Belief Revision, Semantically",2025,ACM TRANSACTIONS ON COMPUTATIONAL LOGIC,article,1,Computer Science,10.1145/3763234
B4-R04047,AI Agents: The autonomous workforce for automating workflows across industries,2025,World Journal of Advanced Engineering Technology and Sciences,article,1,Engineering,10.30574/wjaets.2025.15.2.0744
B4-R11488,AI automatic decision in newsvendor model with Nash bargaining fairness concern,2026,Computers and Operations Research,article,2,"Business, Management and Accounting; Computer Science",10.1016/j.cor.2025.107227
B4-R01462,"AIGLE: A Tool for Compact, Legible AIGER Circuits from Safety Specifications",2026,,conference-paper,1,,10.24963/kr.2026/67
B4-R07043,Algebraic Semantics for Nelson’s Logic $$\mathcal {S}$$S,2018,Lecture notes in computer science,conference-paper,7,Computer Science,10.1007/978-3-662-57669-4_16
B4-R10243,Aligning a collaborative resistance model with a change management process: a case study in automation in industry,2024,Journal of Engineering Design,article,3,"Business, Management and Accounting; Engineering",10.1080/09544828.2024.2387218
B4-R03738,Almost Event-Rate Independent Monitoring of Metric Temporal Logic,2017,Lecture notes in computer science,conference-paper,20,Computer Science,10.1007/978-3-662-54580-5_6
B4-R14170,Alternating automata and temporal logic normal forms,2005,Ann. Pure Appl. Log.,article,5,Computer Science,10.1016/j.apal.2005.03.002
B4-R06660,An accurate ACOSSO metamodeling technique for processor architecture design space exploration,2015,20th Asia and South Pacific Design Automation Conference ASP DAC 2015,conference-paper,9,Computer Science; Engineering,10.1109/aspdac.2015.7059090
B4-R11941,An active multidimensional association mining framework with user preference ontology,2010,International Journal of Fuzzy Systems,Article,8,Computer Science; Engineering; Mathematics,
B4-R16561,An activity theory based approach for ontological modelling of collaborative logistics process dynamics,2019,INTERNATIONAL JOURNAL OF LOGISTICS-RESEARCH AND APPLICATIONS,article,5,"Business, Management and Accounting; Computer Science",10.1080/13675567.2018.1535650
B4-R16609,An Adaptive Optimization Method for Moored Buoy Site Selection Integrating Ontology Reasoning and Numerical Computation,2025,JOURNAL OF MARINE SCIENCE AND ENGINEERING,article,0,Engineering; Environmental Science,10.3390/jmse13122401
B4-R07166,"An adaptive, formally second order accurate version of the immersed boundary method",2006,Journal of Computational Physics,article,371,Chemical Engineering; Engineering,10.1016/j.jcp.2006.08.019
B4-R02096,An agent oriented ontology of social reality,2004,,article,23,Computer Science,
B4-R05313,An Agent‐Based Ontology to Support Modeling of Socio‐Technical Systems‐of‐Systems,2024,INCOSE International Symposium,conference-paper,3,"Business, Management and Accounting; Decision Sciences; Engineering",10.1002/iis2.13233
B4-R18615,An agile approach to support incremental development of requirements specifications,2006,Australian Software Engineering Conference (ASWEC'06),conference-paper,10,Computer Science,10.1109/aswec.2006.11
B4-R11874,An algebraic semantics for contract-based software components,2008,Lecture Notes in Computer Science Including Subseries Lecture Notes in Artificial Intelligence and Lecture Notes in Bioinformatics,conference-paper,8,Computer Science,10.1007/978-3-540-79980-1_17
B4-R02522,An Analysis of Human Judgements on Semantic Classification of Catalan Adjectives,2008,Research on Language and Computation,article,5,Arts and Humanities; Computer Science,10.1007/s11168-008-9056-4
B4-R17687,An answer set programming-based implementation of epistemic probabilistic event calculus,2024,INTERNATIONAL JOURNAL OF APPROXIMATE REASONING,article,1,Computer Science,10.1016/j.ijar.2023.109101
B4-R03431,An approach based on the ifcOWL ontology to support indoor navigation,2020,Egyptian Informatics Journal,article,29,Computer Science; Engineering,10.1016/j.eij.2020.02.008
B4-R16339,An approach for sub-ontology evolution in a distributed health care enterprise,2013,INFORMATION SYSTEMS,article,19,"Biochemistry, Genetics and Molecular Biology; Computer Science",10.1016/j.is.2012.03.006
B4-R03243,An Approach to Detect Collaborative Conflicts for Ontology Development,2009,Lecture notes in computer science,conference-paper,4,Computer Science,10.1007/978-3-642-00672-2_39
B4-R02110,An approach to manage Knowledge based on multi-agents System using a Ontology,2007,,article,14,"Business, Management and Accounting; Computer Science",
B4-R16575,"An Architectural Framework for Educational Knowledge Graphs (IEEE P2807.6): Ontology Design, LLM Integration, and Adaptive Learning Applications",2025,"2025 IEEE CONFERENCE ON ARTIFICIAL INTELLIGENCE, CAI",conference-paper,3,Computer Science,10.1109/cai64502.2025.00249
B4-R03090,An Asymptotically Correct Finite Path Semantics for LTL,2012,Lecture notes in computer science,conference-paper,10,Chemistry; Computer Science,10.1007/978-3-642-28717-6_24
B4-R10894,An attempt to adapt a logic of conditional preferences for reasoning with contrary-to-duties,2001,Fundamenta Informaticae,Article,15,Computer Science; Mathematics,
B4-R12072,An Automated Approach for Assisting the Design of Configurable Process Models,2015,IEEE Transactions on Services Computing,article,29,"Business, Management and Accounting; Computer Science",10.1109/tsc.2015.2477815
B4-R16605,An automatic ontology construction approach for BIM-IoT semantic integration in intelligent operation and maintenance of high-speed railway stations,2025,ENGINEERING RESEARCH EXPRESS,article,2,Earth and Planetary Sciences; Engineering,10.1088/2631-8695/ae1c92
B4-R16403,An effective automated ontology construction based on the agriculture domain,2022,ETRI JOURNAL,article,20,Agricultural and Biological Sciences; Computer Science,10.4218/etrij.2020-0439
B4-R10411,An Effective Semantic Security Metric for Industrial Cyber-Physical Systems,2020,Proceedings 2020 IEEE Conference on Industrial Cyberphysical Systems Icps 2020,conference-paper,4,Computer Science; Engineering,10.1109/icps48405.2020.9274710
B4-R04039,An Efficient Approach for STLs Development of Automotive SoCs Using Colored Petri Nets,2024,,conference-paper,4,Computer Science,10.1109/ddecs60919.2024.10508922
B4-R16547,An Efficient Method of Data Quality using Quality Evaluation Ontology,2008,"THIRD 2008 INTERNATIONAL CONFERENCE ON CONVERGENCE AND HYBRID INFORMATION TECHNOLOGY, VOL 2, PROCEEDINGS",conference-paper,8,Computer Science; Decision Sciences,10.1109/iccit.2008.118
B4-R14179,An Efficient Normalisation Procedure for Linear Temporal Logic and Very Weak Alternating Automata,2020,LICS,conference-paper,11,Computer Science,10.1145/3373718.3394743
B4-R14180,An Efficient Normalisation Procedure for Linear Temporal Logic: Isabelle/HOL Formalisation,2020,Arch. Formal Proofs,Article,,,
B4-R02010,An Emergency-Driven Virtual Organization Model for Emergency Management Based on Ontology,2008,2008 International Conference on Wireless Communications Networking and Mobile Computing Wicom 2008,conference-paper,5,"Business, Management and Accounting; Computer Science",10.1109/wicom.2008.2149
B4-R05804,An Empirical Evaluation of Geometric Subjective Logic Operators,2013,Lecture notes in computer science,conference-paper,2,Computer Science; Social Sciences,10.1007/978-3-642-39860-5_8
B4-R11065,An event-driven high level model for the specification of laws in open multi-agent systems,2009,Journal of Systems and Software,article,4,"Business, Management and Accounting; Computer Science",10.1016/j.jss.2008.08.033
B4-R12255,An exact method for solving logical loops in reliability analysis,2009,Reliability Engineering and System Safety,article,26,Computer Science; Decision Sciences,10.1016/j.ress.2009.01.007
B4-R10776,An Executable Axiomatization of the REA2 Ontology,2022,Journal of Information Systems,article,5,"Business, Management and Accounting; Computer Science",10.2308/isys-19-026
B4-R12662,An executable specification of a formal argumentation protocol,2007,Artificial Intelligence,article,31,Computer Science; Social Sciences,10.1016/j.artint.2007.04.008
B4-R12564,An experience on reputation models interoperability based on a functional ontology,2007,Ijcai International Joint Conference on Artificial Intelligence,Conference Paper,10,Computer Science,
B4-R15129,An expert system for unit commitment and power demand prediction using fuzzy logic and neural networks,1996,EXPERT SYSTEMS,article,7,Engineering,10.1111/j.1468-0394.1996.tb00281.x
B4-R11763,An explicitly spin-free compact open-shell coupled cluster theory using a multireference combinatoric exponential ansatz: Formal development and pilot applications,2009,Journal of Chemical Physics,article,46,Chemistry; Materials Science; Physics and Astronomy,10.1063/1.3185356
B4-R07815,An extension of the GQM + Strategies approach with formal causal reasoning,2017,Information and Software Technology,article,5,"Business, Management and Accounting; Computer Science",10.1016/j.infsof.2017.04.004
B4-R03430,An improved change detection approach using tri-temporal logic-verified change vector analysis,2020,ISPRS Journal of Photogrammetry and Remote Sensing,article,89,Earth and Planetary Sciences; Engineering; Physics and Astronomy,10.1016/j.isprsjprs.2020.01.026
B4-R08290,An improved familiarity measurement for formalization of trust in e-commerce based multiagent systems,2006,,conference-paper,7,Computer Science; Decision Sciences; Social Sciences,10.1145/1501434.1501458
B4-R16903,"An improved genetic algorithm for task scheduling in the cloud environments using the priority queues: Formal verification, simulation, and statistical testing",2017,JOURNAL OF SYSTEMS AND SOFTWARE,article,301,Computer Science,10.1016/j.jss.2016.07.006
B4-R16389,An integrated approach of knowledge extraction and ontology-based reasoning for green building evaluation and electricity efficiency,2025,FRONTIERS IN BUILT ENVIRONMENT,article,2,Engineering; Environmental Science,10.3389/fbuil.2025.1599787
B4-R00020,An Integrated Semantics of Social Commitments and Associated Operations.,2009,Ceur Workshop Proceedings,article,4,Computer Science; Social Sciences,
B4-R02171,"An Intelligent Synchronous E-Learning Management System Based on Multi-Agents of Linked Data, Ontology, and Semantic Service",2019,International journal of intelligent computing and information sciences/International Journal of Intelligent Computing and Information Sciences,article,5,"Business, Management and Accounting; Computer Science; Health Professions",10.21608/ijicis.2019.62606
B4-R18365,An inter-enterprise semantic web system to support information autonomy and conflict moderation,2005,PROCEEDINGS OF THE INSTITUTION OF MECHANICAL ENGINEERS PART B-JOURNAL OF ENGINEERING MANUFACTURE,article,15,"Business, Management and Accounting; Computer Science",10.1243/095440505x32788
B4-R10736,An interactive and AI-enhanced framework for semi-automatically generating iStar goal models,2026,Automated Software Engineering,article,1,Computer Science,10.1007/s10515-025-00586-6
B4-R08525,An investigation into network theory and how the SDP logic model facilitates compliance and the safe handling of information,2025,Behaviour and Information Technology,article,1,Computer Science; Social Sciences,10.1080/0144929x.2025.2507689
B4-R16202,An investigation of 'non-intermingling' principles in temporal logic,1996,JOURNAL OF LOGIC AND COMPUTATION,article,16,Computer Science,10.1093/logcom/6.2.271
B4-R16388,An IoT-Enabled Ontology-Based Intelligent Healthcare Framework for Remote Patient Monitoring,2023,IEEE ACCESS,article,21,Computer Science; Health Professions,10.1109/access.2023.3332708
B4-R00958,An ontological analysis of the economic primitives of the extended-REA enterprise information architecture,2002,International Journal of Accounting Information Systems,article,294,"Business, Management and Accounting; Computer Science",10.1016/s1467-0895(01)00020-3
B4-R02432,An ontological analysis of the notion of community in the RM-ODP enterprise language,2012,Computer Standards & Interfaces,article,36,"Business, Management and Accounting; Computer Science",10.1016/j.csi.2012.01.007
B4-R16250,An ontological and non-monotonic rule-based approach to label medical images,2008,SITIS 2007: PROCEEDINGS OF THE INTERNATIONAL CONFERENCE ON SIGNAL IMAGE TECHNOLOGIES & INTERNET BASED SYSTEMS,conference-paper,12,"Biochemistry, Genetics and Molecular Biology; Computer Science",10.1109/sitis.2007.77
B4-R16551,An ontological approach for dynamic functionality-based web services discovery using expert systems,2009,2009 SECOND INTERNATIONAL CONFERENCE ON THE APPLICATIONS OF DIGITAL INFORMATION AND WEB TECHNOLOGIES (ICADIWT 2009),conference-paper,6,Computer Science,10.1109/icadiwt.2009.5273946
B4-R16261,An Ontological Approach to the Hierarchical Adaptation of Workflows,2015,IEEE LATIN AMERICA TRANSACTIONS,article,1,"Business, Management and Accounting; Computer Science",10.1109/tla.2015.7273788
B4-R03432,An Ontological Framework for Information Extraction From Diverse Scientific Sources,2021,IEEE Access,article,45,Computer Science,10.1109/access.2021.3063181
B4-R07070,An ontological framework for organising and describing behaviours: The Human Behaviour Ontology,2024,Wellcome Open Research,article,13,"Biochemistry, Genetics and Molecular Biology; Computer Science",10.12688/wellcomeopenres.21252.1
B4-R11818,An ontological framework for organising and describing behaviours: The Human Behaviour Ontology,2025,Wellcome Open Research,article,9,Psychology,10.12688/wellcomeopenres.21252.2
B4-R07407,An ontological framework for user-driven system specification,2003,,conference-abstract,4,"Business, Management and Accounting; Computer Science",10.1109/hicss.1999.773044
B4-R00342,An Ontological Matching Approach for Enterprise Architecture Model Analysis,2016,Lecture notes in business information processing,conference-paper,9,"Business, Management and Accounting; Computer Science",10.1007/978-3-319-39426-8_25
B4-R01034,An Ontological Model of the Phishing Attack Process,2025,Lecture notes in business information processing,conference-paper,4,Computer Science,10.1007/978-3-031-95397-2_17
B4-R07279,An ontological modelling of user requirements for personalised information provision,2008,Information Systems Frontiers,article,16,"Business, Management and Accounting; Computer Science",10.1007/s10796-008-9144-x
B4-R00670,An ontological-based knowledge-representation formalism for case-based argumentation,2014,Information Systems Frontiers,article,9,"Business, Management and Accounting; Computer Science",10.1007/s10796-014-9524-3
B4-R16319,An ontology about emotion awareness and affective feedback in elearning,2015,2015 INTERNATIONAL CONFERENCE ON INTELLIGENT NETWORKING AND COLLABORATIVE SYSTEMS IEEE INCOS 2015,conference-paper,16,Computer Science; Psychology,10.1109/incos.2015.78
B4-R16247,An ontology and rule-based method for human-robot collaborative disassembly planning in smart remanufacturing,2024,ROBOTICS AND COMPUTER-INTEGRATED MANUFACTURING,article,43,Engineering,10.1016/j.rcim.2024.102766
B4-R16277,An ontology based workflow centric collaboration system,2007,COMPUTER SUPPORTED COOPERATIVE WORK IN DESIGN III,Proceedings Paper,9,Computer Science; Mathematics,
B4-R02020,An Ontology for Formalizing and Automating the Strategic Planning Process,2015,,article,5,Computer Science,
B4-R02012,An Ontology for Modeling Complex Inter-relational Organizations,2009,Lecture notes in computer science,conference-paper,1,"Business, Management and Accounting",10.1007/978-3-642-05290-3_70
B4-R16345,An Ontology for Personalization in Serious Games for Assessment,2019,2019 IEEE SECOND INTERNATIONAL CONFERENCE ON ARTIFICIAL INTELLIGENCE AND KNOWLEDGE ENGINEERING (AIKE),conference-paper,13,Computer Science; Psychology; Social Sciences,10.1109/aike.2019.00035
B4-R08505,An Ontology for Standardising Trustworthy AI,2021,IntechOpen eBooks,book-chapter,13,Computer Science; Social Sciences,10.5772/intechopen.97478
B4-R16543,An Ontology Framework for Pile Integrity Evaluation Based on Analytical Methodology,2020,IEEE ACCESS,article,49,Earth and Planetary Sciences; Engineering,10.1109/access.2020.2986229
B4-R11231,"An Ontology Network in Finance and Economics: Money, Trust, Value, Risk and Economic Exchanges",2025,Lecture Notes in Business Information Processing,book,0,"Economics, Econometrics and Finance",10.1007/978-3-031-71082-7
B4-R00760,An Ontology of Meta-Level Categories,1994,Principles of Knowledge Representation and Reasoning,book-chapter,150,Computer Science,10.1016/b978-1-4832-1452-8.50121-4
B4-R00641,An ontology of social control tools,2006,Proceedings of the International Conference on Autonomous Agents,conference-paper,6,Computer Science; Social Sciences,10.1145/1160633.1160887
B4-R00862,An ontology pattern language for service modeling,2016,Proceedings of the ACM Symposium on Applied Computing,conference-paper,32,"Business, Management and Accounting; Computer Science",10.1145/2851613.2851840
B4-R16268,An ontology- and resources-based approach to evolution and reactivity in the Semantic Web,2005,"ON THE MOVE TO MEANINGFUL INTERNET SYSTEMS 2005: COOPIS, DOA, AND ODBASE, PT 2, PROCEEDINGS",Article; Proceedings Paper,9,Computer Science; Mathematics,
B4-R03392,An Ontology-Based Actuator Discovery and Invocation Framework in Home Care Systems,2009,Lecture notes in computer science,conference-paper,28,Computer Science,10.1007/978-3-642-02868-7_9
B4-R07334,An Ontology-Based Approach for Consolidating Patient Data Standardized With European Norm/International Organization for Standardization 13606 (EN/ISO 13606) Into Joint Observational Medical Outcomes Partnership (OMOP) Repositories: Description of a Methodology,2023,JMIR Medical Informatics,article,16,"Biochemistry, Genetics and Molecular Biology; Computer Science; Health Professions",10.2196/44547
B4-R16549,An Ontology-Based Approach for Handling Inconsistency in Explainable and Prioritized Access Control Models,2025,"SCALABLE UNCERTAINTY MANAGEMENT, SUM 2024",conference-paper,0,Computer Science; Social Sciences,10.1007/978-3-031-76235-2_19
B4-R16237,An Ontology-Based Approach for Heart Disease Prediction Leveraging Decision Trees in Healthcare,2025,INTERNATIONAL JOURNAL OF COMPUTATIONAL INTELLIGENCE SYSTEMS,article,1,"Biochemistry, Genetics and Molecular Biology; Computer Science; Health Professions",10.1007/s44196-025-00960-y
B4-R04460,An Ontology-Based Approach for Requirements and Change Impact Analysis in SysML Designs,2026,SN Computer Science,article,0,"Business, Management and Accounting; Computer Science; Engineering",10.1007/s42979-026-04881-1
B4-R04183,An Ontology-Based Approach for Semantic Integration,2010,Proceedings IEEE International Enterprise Distributed Object Computing Workshop Edoc,conference-paper,23,"Business, Management and Accounting; Computer Science",10.1109/edoc.2010.32
B4-R04214,An ontology-based approach for semantic interoperability in interorganizational IT service management,2013,Integrated Network Management,article,4,"Business, Management and Accounting; Computer Science",
B4-R11943,An ontology-based approach for using physical effects in inventive design,2014,Engineering Applications of Artificial Intelligence,article,17,Computer Science; Engineering,10.1016/j.engappai.2014.02.017
B4-R16487,An ontology-based approach to context modeling and reasoning in pervasive computing,2007,"FIFTH ANNUAL IEEE INTERNATIONAL CONFERENCE ON PERVASIVE COMPUTING AND COMMUNICATIONS WORKSHOPS, PROCEEDINGS",conference-paper,110,Computer Science,10.1109/percomw.2007.22
B4-R17585,"An Ontology-Based Architecture for Interoperable Healthcare Systems-of-Systems: Structure, Interaction Patterns, and Covenant-Based Governance",2026,SYSTEMS,article,1,Engineering; Social Sciences,10.3390/systems14040376
B4-R02018,An ontology-based architecture for service-orientated design knowledge fusion in Group Corporation Cloud Manufacturing,2012,Proceedings of the 2012 IEEE 16th International Conference on Computer Supported Cooperative Work in Design Cscwd 2012,conference-paper,5,"Business, Management and Accounting; Engineering",10.1109/cscwd.2012.6221914
B4-R15387,An Ontology-Based Configuration Framework for Exercise Prescription in Pulmonary Rehabilitation of Post-Discharge COPD Patients: Design and Real-World Evaluation,2026,IEEE ACCESS,article,0,"Biochemistry, Genetics and Molecular Biology; Computer Science; Medicine",10.1109/access.2026.3719336
B4-R00883,An Ontology-Based Diagnosis of Mainstream Service Modeling Languages,2019,,conference-paper,4,"Business, Management and Accounting; Computer Science",10.1109/edoc.2019.00023
B4-R12286,An Ontology-based Engineering methodology applied to aerospace Reconfigurable Manufacturing Systems design,2024,International Journal of Production Research,article,30,"Business, Management and Accounting; Engineering",10.1080/00207543.2023.2217296
B4-R18195,An Ontology-based Engineering system to support aircraft manufacturing system design,2023,JOURNAL OF MANUFACTURING SYSTEMS,article,114,Computer Science; Engineering,10.1016/j.jmsy.2023.02.012
B4-R16603,An ontology-based framework for automatic building energy modeling with thermal zoning,2023,ENERGY AND BUILDINGS,article,36,Earth and Planetary Sciences; Engineering,10.1016/j.enbuild.2023.113267
B4-R16548,An Ontology-Based Interpretable Fuzzy Decision Support System for Diabetes Diagnosis,2018,IEEE ACCESS,article,84,"Biochemistry, Genetics and Molecular Biology; Computer Science; Health Professions",10.1109/access.2018.2852004
B4-R02120,An Ontology-based Knowledge Management System for Industry Clusters,2008,HAL (Le Centre pour la Communication Scientifique Directe),book-chapter,25,"Business, Management and Accounting; Social Sciences",10.48550/arxiv.0806.0526
B4-R03435,An Ontology-based Knowledgebase for User Profile and Garment Features in Apparel Recommender Systems,2021,Recsys 2021 15th ACM Conference on Recommender Systems,conference-paper,1,Arts and Humanities; Engineering; Psychology,10.1145/3460231.3473901
B4-R11135,An ontology-based methodology for integrating i* variants,2013,Ceur Workshop Proceedings,Conference Paper,8,Computer Science,
B4-R01147,An Ontology-Based Model for Representing “Bundle-of-Rights”,2004,Lecture notes in computer science,conference-paper,4,Computer Science,10.1007/978-3-540-30470-8_78
B4-R16320,An Ontology-based Model for Typical-context Awareness in the Oil Products Distribution System,2016,KNOWLEDGE-BASED AND INTELLIGENT INFORMATION & ENGINEERING SYSTEMS: PROCEEDINGS OF THE 20TH INTERNATIONAL CONFERENCE KES-2016,conference-paper,1,Computer Science,10.1016/j.procs.2016.08.158
B4-R16360,An ontology-based modelling and reasoning framework for assembly sequence planning,2018,INTERNATIONAL JOURNAL OF ADVANCED MANUFACTURING TECHNOLOGY,article,67,"Business, Management and Accounting; Engineering",10.1007/s00170-017-1077-4
B4-R16364,An ontology-based product design framework for manufacturability verification and knowledge reuse,2018,INTERNATIONAL JOURNAL OF ADVANCED MANUFACTURING TECHNOLOGY,article,60,"Business, Management and Accounting; Engineering",10.1007/s00170-018-2099-2
B4-R14694,An Ontology-Based Semantics for the Motivation Extension to ArchiMate,2011,2011 IEEE 15th International Enterprise Distributed Object Computing Conference,conference-paper,53,"Business, Management and Accounting; Computer Science",10.1109/edoc.2011.29
B4-R16273,An ontology-based spatial data harmonisation for urban analytics,2018,COMPUTERS ENVIRONMENT AND URBAN SYSTEMS,article,41,Environmental Science; Social Sciences,10.1016/j.compenvurbsys.2018.06.009
B4-R16540,An Ontology-Driven Domain-Specific Modeling Language for Specification and Evaluation of Resilience Scenarios in Complex Systems,2026,"ENTERPRISE DESIGN, OPERATIONS, AND COMPUTING, EDOC 2025",conference-paper,0,"Business, Management and Accounting; Engineering; Social Sciences",10.1007/978-3-032-15140-7_14
B4-R00690,An Ontology-Driven IoT based Healthcare Formalism,2020,International Journal of Advanced Computer Science and Applications,article,13,"Business, Management and Accounting; Health Professions; Social Sciences",10.14569/ijacsa.2020.0110261
B4-R02571,An ontology-driven model for hospital equipment maintenance management: a case study,2024,Journal of Quality in Maintenance Engineering,article,9,"Business, Management and Accounting; Decision Sciences; Health Professions",10.1108/jqme-10-2023-0097
B4-R16254,An ontology-guided approach to process formation and coordination of demand-driven collaborations,2024,INTERNATIONAL JOURNAL OF PRODUCTION RESEARCH,article,8,"Business, Management and Accounting",10.1080/00207543.2023.2242508
B4-R16596,An ontology-machine learning based framework for road accident analysis,2026,ENGINEERING APPLICATIONS OF ARTIFICIAL INTELLIGENCE,article,0,Engineering,10.1016/j.engappai.2026.116186
B4-R02122,An ontology‐based competency model for workflow activity assignment policies,2008,Journal of Knowledge Management,article,38,"Business, Management and Accounting; Computer Science; Social Sciences",10.1108/13673270810913630
B4-R00952,An organisation ontology for enterprise modeling: Preliminary concepts for linking structure and behaviour,1996,Computers in Industry,article,199,"Business, Management and Accounting; Computer Science",10.1016/0166-3615(95)00079-8
B4-R00960,An organisation ontology for enterprise modelling: preliminary concepts for linking structure and behaviour,2002,,conference-paper,71,"Business, Management and Accounting; Computer Science",10.1109/enabl.1995.484550
B4-R00798,An Upper Level Ontological Model for Engineering Design Performance Domain,2008,Lecture notes in computer science,conference-paper,18,"Business, Management and Accounting; Computer Science",10.1007/978-3-540-87877-3_9
B4-R02524,Analysis of Semantic Heterogeneity Using a New Ontological Structure Based on Description Logics,2009,6th International Conference on Fuzzy Systems and Knowledge Discovery Fskd 2009,conference-paper,4,Computer Science,10.1109/fskd.2009.528
B4-R16212,Analysis of synchronous and asynchronous cellular automata using abstraction by temporal logic,2004,FUNCTIONAL AND LOGIC PROGRAMMING,Article; Proceedings Paper,5,Computer Science; Mathematics,
B4-R16334,Analysis of User Editing Patterns in Ontology Development Projects,2013,ON THE MOVE TO MEANINGFUL INTERNET SYSTEMS: OTM 2013 CONFERENCES,Proceedings Paper,14,Computer Science; Mathematics,
B4-R04375,Analyzable Enterprise Models Using Ontology.,2013,CAiSE Forum,article,10,"Business, Management and Accounting; Computer Science",
B4-R13399,Analyzing Institutional Logics in EU-China Higher Education Cooperation: Dynamics at the Meso-Level in Post-COVID Era,2026,Journal of Studies in International Education,article,0,"Business, Management and Accounting; Social Sciences",10.1177/10283153261446274
B4-R05671,Animated simulation of integrated UML behavioral models based on graph transformation,2005,,conference-paper,18,Computer Science,10.1109/vlhcc.2005.18
B4-R06510,Annulment of a Preliminary Sales Agreement due to Formal Defect Through Reconvention: A Case Study of Decision Number 1263/Pdt.G/2023/PN Dps,2025,SIGn Jurnal Hukum,article,2,"Economics, Econometrics and Finance; Social Sciences",10.37276/sjh.v7i1.418
B4-R07532,ANTHROPOGENESIS – A STADIAL ONTOLOGICAL-AGONISTIC PERSPECTIVE: THE PRIMORDIAL AGONISTIC INTERACTION BETWEEN NATURE AND MIND AND THE PATH TOWARD HUMAN BEING AND SOCIETY,,PhilPapers (PhilPapers Foundation),article,0,Physics and Astronomy; Psychology; Social Sciences,
B4-R15722,Anxiety Inventory for Respiratory Disease: Cross-Cultural Adaptation and Semantic Validity of the Brazilian Version for Individuals with Chronic Obstructive Pulmonary Disease,2024,JOURNAL OF MULTIDISCIPLINARY HEALTHCARE,article,0,Medicine; Psychology,10.2147/jmdh.s464961
B4-R19165,"Any Man Can Be a Father, but Should a Dead Man Be a Dad: An Approach to the Formal Legalization of Posthumous Sperm Retrieval and Posthumous Reproduction in the United States",2018,Hofstra Law Review,,,,
B4-R17855,Application of online supervisory control of discrete-event systems to multi-robot warehouse automation,2018,CONTROL ENGINEERING PRACTICE,article,48,Computer Science; Engineering,10.1016/j.conengprac.2018.09.003
B4-R16599,Applied personal profile ontology for personnel appraisals,2022,INTERNATIONAL JOURNAL OF WEB INFORMATION SYSTEMS,article,2,"Business, Management and Accounting; Computer Science",10.1108/ijwis-03-2022-0048
B4-R03698,Applying a temporal logic to the RPC-memory specification problem,1996,Lecture notes in computer science,conference-paper,2,Computer Science,10.1007/bfb0024432
B4-R05722,Applying Business Architecture Principles with Domain-Specific Ontology for ACM Modelling: A Building Construction Project Example,2019,Lecture notes in business information processing,conference-paper,6,"Business, Management and Accounting; Computer Science",10.1007/978-3-030-37453-2_32
B4-R04194,Applying ontology-based blog to detect information system post-development change requests conflicts,2011,Information Systems Frontiers,article,11,"Business, Management and Accounting; Computer Science",10.1007/s10796-011-9314-0
B4-R14269,Approche formelle pour la modélisation et la simulation à évènements discrets de systèmes multi-agents. (Formal approach for discrete event modeling and simulation of multi-agent systems),2017,,Phdthesis,,,
B4-R15734,Approximating the semantics of logic programs by recurrent neural networks,1999,APPLIED INTELLIGENCE,article,80,Computer Science,10.1023/a:1008376514077
B4-R04031,ARC-FSM-G: Automatic Security Rule Checking for Finite State Machine at the Netlist Abstraction,2023,,conference-paper,7,Computer Science,10.1109/itc51656.2023.00049
B4-R10311,Architecting the Human Space Flight program with Systems Modeling Language (SysML),2012,AIAA Infotech at Aerospace Conference and Exhibit 2012,Conference Paper,4,,
B4-R18858,Architecture Description Language for Incremental Integration of Cloud Services Architectures,2016,2016 IEEE 10th International Symposium on the Maintenance and Evolution of Service-Oriented and Cloud-Based Environments (MESOCA),conference-paper,8,Computer Science,10.1109/mesoca.2016.10
B4-R04418,Architecture-based change impact analysis in cross-disciplinary automated production systems,2018,Journal of Systems and Software,article,22,Computer Science; Engineering,10.1016/j.jss.2018.08.058
B4-R01388,Area Efficient Multilayer Arithmetic Logic Unit Implementation in Quantum-dot Cellular Automata,2021,2021 Third International Conference on Intelligent Communication Technologies and Virtual Mobile Networks (ICICV),conference-paper,6,Computer Science; Engineering; Physics and Astronomy,10.1109/icicv50876.2021.9388584
B4-R19094,Argument Construction and Reinstatement in Logics for Defeasible Reasoning,2001,Artificial Intelligence and Law,article,37,Computer Science,10.1023/a:1011288805074
B4-R01033,Articulating a Delicate Balancing Act: Identity and Ontological Insecurity in Germany’s Narrative Responses to Israel 1993–2023,2024,German Politics,article,2,Psychology; Social Sciences,10.1080/09644008.2024.2425750
B4-R07344,Artificial intelligence and depth ontology: implications for intercultural ethics,2024,Applied Linguistics Review,article,22,Medicine; Social Sciences,10.1515/applirev-2024-0189
B4-R00797,Artificial Ontologies and Real Thoughts: Populating the Semantic Web?,2007,Lecture notes in computer science,conference-paper,3,"Biochemistry, Genetics and Molecular Biology; Computer Science",10.1007/978-3-540-74782-6_3
B4-R01004,"Assemblages: (Pre)Political, Ethical and Ontological Perspectives",2017,SubStance,article,2,Social Sciences,10.1353/sub.2017.0000
B4-R16076,Assessing sustainability through the Institutional Grammar of urban water systems(sic)(sic)(sic)Palabras clave,2022,POLICY STUDIES JOURNAL,article,22,Engineering; Environmental Science,10.1111/psj.12444
B4-R10689,Assessing the effectiveness of goal-oriented modeling languages: A family of experiments,2019,Information and Software Technology,article,13,Computer Science,10.1016/j.infsof.2019.08.003
B4-R09837,Assessing the reliability and validity of large language models in automatic essay scoring,2026,Assessing Writing,article,2,Computer Science,10.1016/j.asw.2026.101082
B4-R14031,Assisted Query Formulation Using Normalised Word Vector and Dynamic Ontological Filtering,2006,FQAS,conference-paper,10,Computer Science,10.1007/11766254_24
B4-R02725,Attributes of product advantage and choices for manufacturer–retailer formal governance: the case of new product launch,2021,Asia Pacific Journal of Marketing and Logistics,article,2,"Business, Management and Accounting; Decision Sciences",10.1108/apjml-05-2021-0366
B4-R16368,Augmented Ontology by Handshaking with Machine Learning,2017,2017 19TH INTERNATIONAL CONFERENCE ON ADVANCED COMMUNICATIONS TECHNOLOGY (ICACT) - OPENING NEW ERA OF SMART SOCIETY,Proceedings Paper,5,Engineering,
B4-R03062,Augmenting Non-Collaborative Dialog Systems with Explicit Semantic and Strategic Dialog History,2019,arXiv (Cornell University),preprint,15,Computer Science,10.48550/arxiv.1909.13425
B4-R11892,AUGMENTING NON-COLLABORATIVE DIALOG SYSTEMS WITH EXPLICIT SEMANTIC AND STRATEGIC DIALOG HISTORY,2020,8th International Conference on Learning Representations Iclr 2020,Conference Paper,21,,
B4-R02191,AUKUS and Southeast Asia's Ontological Security Dilemma,2023,International Journal Canada s Journal of Global Policy Analysis,article,11,Social Sciences,10.1177/00207020231197767
B4-R06843,Authority Objects for AI-Triggered Execution: A Formal Specification for Machine-Verifiable Legitimacy in the LPP Admission Kernel,2026,Zenodo (CERN European Organization for Nuclear Research),preprint,2,Computer Science; Decision Sciences; Social Sciences,10.5281/zenodo.21468686
B4-R14164,Automata on Infinite Words and Temporal Logic Normal Forms,2000,ARW,Inproceedings,,,
B4-R14971,Automated Analysis of Commitment Protocols Using Probabilistic Model Checking,2015,PROCEEDINGS OF THE TWENTY-NINTH AAAI CONFERENCE ON ARTIFICIAL INTELLIGENCE,Proceedings Paper,3,Computer Science,
B4-R17111,Automated Approach for Digitalizing Scope of Work Requirements to Support Contract Management,2023,JOURNAL OF CONSTRUCTION ENGINEERING AND MANAGEMENT,article,16,Decision Sciences; Engineering; Health Professions,10.1061/jcemd4.coeng-12528
B4-R09531,Automated creation of clinical-practice guidelines from decision models,1998,,book,9,"Biochemistry, Genetics and Molecular Biology; Economics, Econometrics and Finance; Medicine",
B4-R04256,Automated Generation of Management Workflows for Applications Based on Deployment Models,2019,Proceedings 2019 IEEE 23rd International Enterprise Distributed Object Computing Conference Edoc 2019,conference-paper,10,Computer Science,10.1109/edoc.2019.00034
B4-R18943,Automated generation of resource configurations through policies,2004,"Proceedings. Fifth IEEE International Workshop on Policies for Distributed Systems and Networks, 2004. POLICY 2004.",conference-paper,25,"Business, Management and Accounting; Computer Science",10.1109/policy.2004.1309156
B4-R17150,Automated generation of smart contract code from legal contract specifications with SYMBOLEO2SC,2025,SOFTWARE AND SYSTEMS MODELING,article,18,Computer Science; Decision Sciences; Social Sciences,10.1007/s10270-024-01187-9
B4-R16480,Automated Interface Pairing Between Interdisciplinary Components of Robot-Like Systems Through Ontology Using OWL-SWRL,2025,"HUMAN-COMPUTER INTERACTION, HCI 2025, PT VII",conference-paper,0,Computer Science; Engineering,10.1007/978-3-031-93982-2_12
B4-R03868,"Automated karyotyping and structural anomaly detection through a hybrid multi-stage deep learning framework integrating chromosome detection, pairwise classification, and autoencoder-based analysis",2026,Scientific Reports,article,0,"Biochemistry, Genetics and Molecular Biology; Computer Science",10.1038/s41598-026-52728-9
B4-R09433,AUTOMATED MARINE PROPELLER GEOMETRY GENERATION OF ARBITRARY CONFIGURATIONS AND A WAKE MODEL FOR FAR FIELD MOMENTUM PREDICTION,2001,eCite Digital Repository (University of Tasmania),article,8,Engineering,
B4-R00967,Automated ontology evolution in a multi-agent system,2006,ACM International Conference Proceeding Series,conference-paper,13,Computer Science,10.1145/1146847.1146863
B4-R09498,Automated Payment and Contract Management in the Construction Industry by Integrating Building Information Modeling and Blockchain-Based Smart Contracts,2021,Applied Sciences,article,125,Computer Science; Engineering,10.3390/app11167653
B4-R09882,Automated prescription of therapeutic exercise for shoulder impingement syndrome using literature-driven rule generation architecture,2026,Musculoskeletal Science and Practice,article,1,Engineering; Medicine,10.1016/j.msksp.2026.103520
B4-R09471,Automated Progress Monitoring Using Unordered Daily Construction Photographs and IFC-Based Building Information Models,2012,Journal of Computing in Civil Engineering,article,407,Earth and Planetary Sciences; Engineering,10.1061/(asce)cp.1943-5487.0000205
B4-R03196,"Automated reasoning using possibilistic logic: semantics, belief revision, and variable certainty weights",1994,IEEE Transactions on Knowledge and Data Engineering,article,162,Computer Science,10.1109/69.273026
B4-R09901,Automated requirements-driven definition of norms for the regulation of behavior in multi-agent systems,2008,Aisb 2008 Convention Communication Interaction and Social Intelligence Proceedings of the Aisb 2008 Symposium on Behaviour Regulation in Multi Agent Systems,Conference Paper,4,,
B4-R07782,Automated Social Science: Language Models as Scientist and Subjects,2024,SSRN Electronic Journal,preprint,15,Social Sciences,10.2139/ssrn.4810596
B4-R18743,Automated Software Generation and Hardware Coprocessor Synthesis for Data-Adaptable Reconfigurable Systems,2012,2012 IEEE 19th International Conference and Workshops on Engineering of Computer-Based Systems,conference-paper,11,Computer Science,10.1109/ecbs.2012.16
B4-R09552,Automated structural defects diagnosis in underground transportation tunnels using semantic technologies,2019,Automation in Construction,article,50,Computer Science; Engineering,10.1016/j.autcon.2019.102929
B4-R17282,Automated supervision of data production - Managing the creation of statistical reports on periodic data,2004,"ON THE MOVE TO MEANINGFUL INTERNET SYSTEMS 2004: COOPIS, DOA, AND ODBASE, PT 1, PROCEEDINGS",Article; Proceedings Paper,2,Computer Science; Mathematics,
B4-R18910,Automated Synthesis and Dynamic Analysis of Tradeoff Spaces for Object-Relational Mapping,2017,IEEE Transactions on Software Engineering,article,24,Computer Science,10.1109/tse.2016.2587646
B4-R09797,Automated title and abstract screening for scoping reviews using the GPT-4 Large Language Model,2023,arXiv (Cornell University),preprint,8,Computer Science; Decision Sciences,10.48550/arxiv.2311.07918
B4-R12904,Automated transformation of financial regulations into SBVR: an ontology-based and natural language processing approach,2026,Artificial Intelligence and Law,article,0,"Business, Management and Accounting; Social Sciences",10.1007/s10506-026-09532-7
B4-R18158,Automated variability evaluation using a model-based approach with an implementation in CubeSat,2026,JOURNAL OF SYSTEMS AND SOFTWARE,article,0,Computer Science; Engineering,10.1016/j.jss.2026.112965
B4-R12069,Automated verification of feature model configuration processes based on workflow petri nets,2014,ACM International Conference Proceeding Series,conference-paper,3,"Business, Management and Accounting; Computer Science",10.1145/2648511.2648518
B4-R00137,Automatic Detection and Analysis of DPP Entities in Legal Contract Documents,2019,Proceedings 2019 1st International Conference on Digital Data Processing Ddp 2019,conference-paper,7,Computer Science; Decision Sciences,10.1109/ddp.2019.00023
B4-R10212,Automatic Generation of a Lifecycle Analysis Model from a First Principles Industrial Process Simulation Model,2018,Proceedings IEEE 16th International Conference on Industrial Informatics Indin 2018,conference-paper,4,Engineering; Environmental Science,10.1109/indin.2018.8471980
B4-R09595,Automatic Knowledge Retrieval from Conceptual Models,2007,Ceur Workshop Proceedings,article,6,"Business, Management and Accounting; Computer Science",
B4-R06983,Automatic modeling of dynamic drug-hERG channel interactions using three voltage protocols and machine learning techniques: A simulation study,2022,Computer Methods and Programs in Biomedicine,article,8,"Biochemistry, Genetics and Molecular Biology; Computer Science; Medicine",10.1016/j.cmpb.2022.107148
B4-R19005,Automatic Real-Time Mining Software Process Activities From SVN Logs Using a Naive Bayes Classifier,2019,IEEE Access,article,10,"Business, Management and Accounting; Computer Science",10.1109/access.2019.2945608
B4-R04104,Automatic replanning of task networks for process model evolution in EPOS,1993,Lecture notes in computer science,conference-paper,49,"Business, Management and Accounting; Computer Science",10.1007/3-540-57209-0_29
B4-R16486,Automatic Service Composition Based on Process Ontology,2007,"NWESP 2007: THIRD INTERNATIONAL CONFERENCE ON NEXT GENERATION WEB SERVICES PRACTICES, PROCEEDINGS",conference-paper,13,"Business, Management and Accounting; Computer Science",10.1109/nwesp.2007.17
B4-R16635,Automatic smart contract generation using controlled natural language and template,2019,IBM JOURNAL OF RESEARCH AND DEVELOPMENT,article,39,Computer Science; Decision Sciences,10.1147/jrd.2019.2900643
B4-R09763,Automatic Speech Semantic Recognition and verification in Air Traffic Control,2013,2013 IEEE/AIAA 32nd Digital Avionics Systems Conference (DASC),conference-paper,7,Computer Science; Psychology,10.1109/dasc.2013.6712602
B4-R04326,Automatic Support for Traceability in a Generic Model Management Framework,2005,Lecture notes in computer science,conference-paper,33,"Business, Management and Accounting; Computer Science",10.1007/11581741_23
B4-R16875,Automatic Verification of TLA+ Proof Obligations with SMT Solvers,2012,"LOGIC FOR PROGRAMMING, ARTIFICIAL INTELLIGENCE, AND REASONING (LPAR-18)",Proceedings Paper,20,Computer Science; Mathematics,
B4-R02480,Automating fine needle aspiration and non-gynecologic quality control using a large language model: A real-world evaluation of diagnostic accuracy and efficiency,2026,CytoJournal,article,0,Computer Science; Medicine,10.25259/cytojournal_192_2025
B4-R10028,Automating Model Validation for Quantifying System Maturity & Quality Assurance,2024,IEEE Aerospace Conference Proceedings,conference-paper,1,Engineering,10.1109/aero58975.2024.10521227
B4-R14145,Automatisierte Konformitätsprüfung digitaler Bauwerksmodelle hinsichtlich geltender Normen und Richtlinien mit Hilfe einer visuellen Programmiersprache (Automated compliance checking of digital building models regarding applicable standards and guidelines using a visual programming language),2020,,Phdthesis,,,
B4-R04415,Availability-Driven Architectural Change Propagation Through Bidirectional Model Transformations Between UML and Petri Net Models,2018,Proceedings 2018 IEEE 15th International Conference on Software Architecture Icsa 2018,conference-paper,6,Computer Science,10.1109/icsa.2018.00022
B4-R02581,Axiodynamics v5.9 — Angular Semantics and Coordinate Conventions,2025,Zenodo (CERN European Organization for Nuclear Research),preprint,2,Computer Science; Psychology,10.5281/zenodo.17951246
B4-R03715,Axioms for Obligation and Robustness with Temporal Logic,2010,Lecture notes in computer science,conference-paper,2,Computer Science,10.1007/978-3-642-14183-6_7
B4-R08946,Balancing Formality with Informality: User-Centred Requirements for Knowledge Management Technologies,1997,,article,22,Computer Science; Decision Sciences; Social Sciences,
B4-R13043,Barriers to formal IT Governance practice - Insights from a qualitative study,2013,Proceedings of the Annual Hawaii International Conference on System Sciences,conference-paper,19,"Business, Management and Accounting; Social Sciences",10.1109/hicss.2013.112
B4-R13682,BASE: A boundary-aware adaptive semantic evidential framework for open-set skeleton-based action recognition,2026,Expert Systems with Applications,article,0,Computer Science; Psychology,10.1016/j.eswa.2026.133133
B4-R04157,"Basic Concepts and Distinctions for an Aerospace Ontology of Functions, Entities and Problems",2007,IEEE Aerospace Conference Proceedings,conference-paper,19,Computer Science,10.1109/aero.2007.352806
B4-R14038,Basic Probabilistic Ontological Data Exchange with Existential Rules,2016,AAAI,article,4,Computer Science,10.1609/aaai.v30i1.10103
B4-R17953,"Behavioural and Systemic Extensions of the Even-Swaps Method: Emergent Behaviour, Inventive Logic and Multiswap Chains",2026,SYSTEMS RESEARCH AND BEHAVIORAL SCIENCE,article,0,Decision Sciences; Social Sciences,10.1002/sres.70039
B4-R01036,Being and Becoming in Human-Machine Communication: Core Commitments and Conceptual Foundations of a Trans-Ontological Field,2025,Human-Machine Communication,article,10,Computer Science,10.30658/hmc.10.1
B4-R07419,Being There: The Ontological Measure of Teaching,2012,Curriculum and Teaching Dialogue,article,4,Social Sciences,
B4-R02669,Below the tip of the iceberg: the co‐evolution of formal and informal interorganizational relations in the wireless telecommunications industry,2008,Managerial and Decision Economics,article,31,"Business, Management and Accounting",10.1002/mde.1403
B4-R09884,Benchmarking Normative AI Assistants Under Inconsistent Evidence with Paraconsistent Trace Semantics,2026,AI Switzerland,article,0,Computer Science; Medicine,10.3390/ai7080321
B4-R15257,"Between advocacy, compliance and commitment: A multilevel analysis of institutional logics in work environment management",2019,SCANDINAVIAN JOURNAL OF MANAGEMENT,article,23,"Business, Management and Accounting; Social Sciences",10.1016/j.scaman.2018.11.002
B4-R01053,Between deterrence and disarmament: NATO’s struggle for ontological security amid disruptions in the global nuclear regime,2026,Cooperation and Conflict,article,0,Social Sciences,10.1177/00108367261437644
B4-R15904,Between formal and informal. Promoting feminization of the managerial positions of Italian universities after the neoliberal turn,2026,STUDIES IN HIGHER EDUCATION,article,0,Social Sciences,10.1080/03075079.2026.2637820
B4-R02738,Beyond complementarity and substitutability? Understanding relational governance and formal contracts in university-industry collaborations for innovation,2024,Technovation,article,9,"Business, Management and Accounting",10.1016/j.technovation.2024.103100
B4-R02400,Beyond formal and informal: mid-twentieth-century residential architecture in Barcelona’s El Carmel neighbourhood,2024,Urban History,article,0,Social Sciences,10.1017/s0963926823000627
B4-R02315,Beyond Formal Consent: Systemic Integration and the Interpretation of Treaty-Based Due Diligence Obligations,2026,Chinese Journal of International Law,article,0,"Business, Management and Accounting; Social Sciences",10.1093/chinesejil/jmag015
B4-R01054,Beyond personal agency in entrepreneurship: transcendent proxy agency as an ontological expansion of social cognitive theory,2026,Entrepreneurship and Regional Development,article,0,Neuroscience; Social Sciences,10.1080/08985626.2026.2668349
B4-R07458,Beyond the Human Subject: Reconceptualizing Cyberlaw through Virtual Ontology and Algorithmic Epistemology in the Web 3.0 Era,2025,International Journal for the Semiotics of Law - Revue internationale de Sémiotique juridique,article,2,"Computer Science; Economics, Econometrics and Finance; Social Sciences",10.1007/s11196-025-10376-8
B4-R03112,Beyond Weight Loss: Obesogenic Memory as Biological Hysteresis in Adipose Tissue Revealed by AI Semantic Mapping With an Exportable Core Corpus,2026,Obesity Reviews,article,1,Computer Science; Health Professions; Medicine,10.1111/obr.70155
B4-R15733,BGLS: A Bayesian formalism for the generalised Lomb-Scargle periodogram,2015,ASTRONOMY & ASTROPHYSICS,article,148,Decision Sciences; Physics and Astronomy,10.1051/0004-6361/201424908
B4-R16519,BIM-Based Dynamic Construction Safety Rule Checking Using Ontology and Natural Language Processing,2022,BUILDINGS,article,51,Engineering; Health Professions,10.3390/buildings12050564
B4-R16384,BIM-based ontology-driven knowledge graph framework for policy-aligned building salvage assessment,2026,AUTOMATION IN CONSTRUCTION,article,0,Engineering,10.1016/j.autcon.2026.106985
B4-R06920,Binding of a non-ionic azo dye by sodium salt of .BETA.-naphthalenesulfonic acid-formaldehyde condensates - Effect of the degree of the condensation on the binding equilibrium.,1987,Sen i Gakkaishi,article,4,Chemistry; Engineering; Materials Science,10.2115/fiber.43.11_614
B4-R02635,Biological effects and cytotoxicity of tricalcium phosphate and formaldehyde cross-linked gelatin composite,1996,Materials Chemistry and Physics,article,41,Dentistry; Engineering,10.1016/0254-0584(96)80040-x
B4-R04298,"BioPortal: an open community resource for sharing, searching, and utilizing biomedical ontologies",2025,Nucleic Acids Research,article,18,"Biochemistry, Genetics and Molecular Biology; Computer Science",10.1093/nar/gkaf402
B4-R08512,Blockchain Meets Formal Logic: Semantics Level Cybersecurity Challenges,2022,2022 6th Cyber Security in Networking Conference Csnet 2022,conference-paper,1,Computer Science,10.1109/csnet56116.2022.9955604
B4-R11900,Blockchain-enhanced smart contracts for formal verification of IoT access control mechanisms,2025,Alexandria Engineering Journal,article,16,"Computer Science; Economics, Econometrics and Finance; Social Sciences",10.1016/j.aej.2024.12.109
B4-R02026,"Blood’s ontologies-entangled: Qualitative inquiry into the enactment, representation, and organizational modes of coordination of blood’s multiplicity in a Belgian blood establishment",2018,Organization,article,8,"Business, Management and Accounting; Psychology; Social Sciences",10.1177/1350508418808234
B4-R10999,"Bloomington and Cambridge compared: varieties of ontological thinking, social positioning, and the self-governance of common-pool resources",2025,Cambridge Journal of Economics,article,9,"Business, Management and Accounting; Economics, Econometrics and Finance; Environmental Science",10.1093/cje/beae018
B4-R15393,"Blurring Boundaries: Refugee Resettlement in Kampala-between the Formal, the Informal, and the Illegal",2011,POLAR-POLITICAL AND LEGAL ANTHROPOLOGY REVIEW,article,57,Social Sciences,10.1111/j.1555-2934.2011.01136.x
B4-R16475,BOO Behavior-oriented ontology to describe participant dynamics in collocated design meetings,2011,EXPERT SYSTEMS WITH APPLICATIONS,article,21,Computer Science; Engineering; Psychology,10.1016/j.eswa.2010.05.007
B4-R11687,Borrowed places: Eviction wars and property rights formalization in Kazakhstan,2025,Research in Economic Anthropology,book-chapter,17,Agricultural and Biological Sciences; Social Sciences,10.1108/s0190-1281(2010)0000030005
B4-R08567,"Braiding: The Interaction of Formal and Informal Contracting in Theory, Practice and Doctrine",2010,SSRN Electronic Journal,article,33,"Business, Management and Accounting; Economics, Econometrics and Finance; Social Sciences",10.2139/ssrn.1535575
B4-R18015,Brain activation during automatic and controlled processing of semantic relations: a priming experiment using lexical-decision,2001,NEUROPSYCHOLOGIA,article,114,Neuroscience; Psychology,10.1016/s0028-3932(01)00049-5
B4-R15763,Brain mechanisms of semantic interference in spoken word production: An anodal transcranial Direct Current Stimulation (atDCS) study,2016,BRAIN AND LANGUAGE,article,32,Neuroscience; Psychology,10.1016/j.bandl.2016.04.003
B4-R07063,Breaking bad? Semantic versioning and impact of breaking changes in Maven Central,2022,Empirical Software Engineering,article,44,Computer Science,10.1007/s10664-021-10052-y
B4-R02393,"Brick by brick, block by block: Building a sustainable formalization strategy for small-scale gold mining in Ghana",2022,Environmental Science & Policy,article,101,Engineering; Social Sciences,10.1016/j.envsci.2022.04.006
B4-R03501,Bridging the Gap between Business Process Models and Service Composition Specifications,2013,IGI Global eBooks,book-chapter,43,"Business, Management and Accounting; Computer Science",10.4018/978-1-61350-159-7.ch007
B4-R03861,Bridging the Power Estimation Gap: A GNN-Based Prediction Model for Approximate Logic Synthesis,2026,,conference-paper,0,Computer Science; Engineering,10.23919/date69613.2026.11539351
B4-R11884,Bridging the semantic gap between heterogeneous modeling formalisms and FMI,2015,Proceedings 2015 International Conference on Embedded Computer Systems Architectures Modeling and Simulation Samos 2015,conference-paper,57,Computer Science; Decision Sciences,10.1109/samos.2015.7363660
B4-R02032,Broadening environmental governance ontologies to enhance ecosystem-based management in Aotearoa New Zealand,2022,MAST. Maritime studies/Maritime studies,article,31,Engineering; Health Professions; Social Sciences,10.1007/s40152-022-00278-x
B4-R07327,Broadening Ontological and Epistemological Possibilities within Early Childhood Teacher Education for Sustainability,2022,The Australian journal of teacher education,article,5,Environmental Science; Social Sciences,10.14221/ajte.2022v47n5.3
B4-R15882,Budget formality and informality as a tool for organizing and governance amidst divergent institutional logics,2019,ACCOUNTING ORGANIZATIONS AND SOCIETY,article,54,"Business, Management and Accounting; Social Sciences",10.1016/j.aos.2018.10.003
B4-R00984,Building a global normalized ontology for integrating geographic data sources,2011,Computers & Geosciences,article,36,Computer Science; Social Sciences,10.1016/j.cageo.2011.02.022
B4-R15771,"Building a Thermodynamic Database for Platinum-Based Superalloys: Part I INTRODUCTION, AND INITIAL RESULTS FROM THE COMPOUND ENERGY FORMALISM MODEL",2007,PLATINUM METALS REVIEW,article,24,Engineering; Materials Science,10.1595/147106707x212967
B4-R16354,Building an ontological knowledgebase for bridge maintenance,2019,ADVANCES IN ENGINEERING SOFTWARE,article,76,Computer Science; Engineering,10.1016/j.advengsoft.2019.02.001
B4-R09461,Building Efficient Model Checkers using Hierarchical Set Decision Diagrams and Automatic Saturation,2009,Fundamenta Informaticae,article,24,Computer Science,10.3233/fi-2009-137
B4-R11889,Building Executable Secure Design Models for Smart Contracts with Formal Methods,2020,Lecture Notes in Computer Science Including Subseries Lecture Notes in Artificial Intelligence and Lecture Notes in Bioinformatics,conference-paper,6,Computer Science,10.1007/978-3-030-43725-1_12
B4-R03231,Building place ontologies for the semantic web:,2007,International Conference on Information and Knowledge Management Proceedings,conference-paper,39,Computer Science; Social Sciences,10.1145/1316948.1316951
B4-R16267,Business Process Anomaly Detection using Ontology-Based Process Modelling and Multi-Level Class Association Rule Learning,2015,"2015 INTERNATIONAL CONFERENCE ON COMPUTER, CONTROL, INFORMATICS AND ITS APPLICATIONS (IC3INA)",Proceedings Paper,21,"Computer Science, Interdisciplinary Applications",
B4-R11051,Business process modelling in healthcare and compliance management: a logical framework,2022,Journal of Applied Logics,Article,9,Mathematics,
B4-R16205,Business Rules and Services Ontologies Development Environment,2008,PROCEEDINGS OF THE 4TH INTERNATIONAL CONFERENCE ON E-GOVERNMENT,Proceedings Paper,9,"Business; Computer Science, Interdisciplinary Applications; Political Science; Public Administration",
B4-R12909,C. S. Peirce on the dynamic object of a sign: From ontology to semiotics and back,2015,Sign Systems Studies,article,4,Arts and Humanities,10.12697/sss.2015.43.4.03
B4-R02418,Calculating true energy savings: A validated model approach,2026,Energy Conversion and Management,article,1,"Business, Management and Accounting; Energy",10.1016/j.enconman.2026.121586
B4-R07003,Calculation Model for the Degree of Hydration and Strength Prediction in Basalt Fiber-Reinforced Lightweight Aggregate Concrete,2025,Buildings,article,5,Engineering,10.3390/buildings15152699
B4-R13779,Calculation model of the deformation due to grinding force in crank pin non-circular grinding,2006,Iet Conference Publications,conference-paper,5,Engineering,10.1049/cp:20060972
B4-R07309,"Can You Hear the Rivers Sing? Legal Personhood, Ontology, and the Nitty-Gritty of Governance",2019,Cross Connect (Southern Cross University),article,58,Social Sciences,10.15779/z388s4jp7m
B4-R08796,Capital Conversion and the Formal–Informal Divide: Structural Poverty in Dutch Cities,2025,,preprint,1,"Agricultural and Biological Sciences; Economics, Econometrics and Finance; Social Sciences",10.31235/osf.io/5jcrz_v1
B4-R06246,Carceral Logics of Colonialism,2024,,book-chapter,2,Social Sciences,10.1007/978-981-97-5085-6_15
B4-R13377,Care in Dispute: Medical Work Between Moral and Market Logics,2026,Health Care Analysis,article,0,Health Professions; Social Sciences,10.1007/s10728-026-00574-1
B4-R10888,Care of the impaired elderly: Co-existence of formal and informal care systems in the Israeli Kibbutz,1990,Contemporary Jewry,article,2,Health Professions; Social Sciences,10.1007/bf02965472
B4-R10985,Carmo and Jones' logic for contrary-to-duty obligations revised,2022,Journal of Logic and Computation,article,2,Computer Science; Neuroscience,10.1093/logcom/exac026
B4-R02494,Case Marking and the Semantics of Mental Verbs,1993,Studies in linguistics and philosophy,book-chapter,250,Arts and Humanities; Computer Science,10.1007/978-94-011-1972-6_5
B4-R10377,Case study on formally describing the architecture of a Software-intensive System-of-Systems with SosADL,2017,2016 IEEE International Conference on Systems Man and Cybernetics Smc 2016 Conference Proceedings,conference-paper,18,Computer Science; Engineering,10.1109/smc.2016.7844575
B4-R17678,Case Study on Formally Describing the Architecture of a Software-intensive System-of-Systems with SosADL,2016,"2016 IEEE INTERNATIONAL CONFERENCE ON SYSTEMS, MAN, AND CYBERNETICS (SMC)",Proceedings Paper,3,Computer Science; Engineering,
B4-R17517,"Causal Model Analysis of the Effect of Formalism, Fear of Infection, COVID-19 Stress on Firefighters' Post-Traumatic Stress Syndrome and Insomnia",2023,INTERNATIONAL JOURNAL OF ENVIRONMENTAL RESEARCH AND PUBLIC HEALTH,article,4,Health Professions; Psychology,10.3390/ijerph20021097
B4-R13103,"Causal Model Analysis of the Effects of Civil Servants’ Perceived Formalism, Green Conscientiousness, and Moral Reflectiveness on Green Behavior",2023,Sustainability Switzerland,article,10,"Business, Management and Accounting; Environmental Science",10.3390/su15075772
B4-R12940,"Causal Model Analysis of the Impact of Formalism, Psychological Contract and Safety Coaching on Safety Compliance and Participation in Taiwan",2025,Buildings,article,1,Chemical Engineering; Health Professions; Psychology,10.3390/buildings15224055
B4-R11995,"Causality in message-based contract violations: A temporal logic ""Whodunit""",2011,Proceedings IEEE International Enterprise Distributed Object Computing Workshop Edoc,conference-paper,10,Computer Science,10.1109/edoc.2011.21
B4-R16292,CDADE: Conflict detector in activity diagram evolution based on speech act and ontology,2010,KNOWLEDGE-BASED SYSTEMS,article,11,"Business, Management and Accounting; Computer Science",10.1016/j.knosys.2010.03.011
B4-R11895,CertRL: Formalizing convergence proofs for value and policy iteration in Coq,2021,Cpp 2021 Proceedings of the 10th ACM SIGPLAN International Conference on Certified Programs and Proofs Co Located with Popl 2021,conference-paper,8,Computer Science,10.1145/3437992.3439927
B4-R07404,"Change as Meta-Fact Integrating Ontology, Epistemology, Axiology, and Praxeology in a Philosophy of Continuous Change",,PhilPapers (PhilPapers Foundation),article,0,Computer Science; Decision Sciences; Neuroscience,
B4-R15873,Change dynamics in institutional discontinuities: Do formal or informal institutions change first? Lessons from rule changes in professional American baseball,2018,BUSINESS HISTORY,article,17,"Economics, Econometrics and Finance; Social Sciences",10.1080/00076791.2017.1342811
B4-R04348,Change Impact Analysis and Software Evolution Specification for Continually Evolving Systems,2010,Proceedings 5th International Conference on Software Engineering Advances Icsea 2010,conference-paper,9,Computer Science,10.1109/icsea.2010.43
B4-R04335,Change Impact Analysis based on Formalization of Trace Relations for Requirements,2008,Open Repository and Bibliography (University of Luxembourg),conference-paper,28,Computer Science,
B4-R04379,Change impact analysis for evolving ontology-based content management,2013,Dublin City University Open Access Institutional Repository (Dublin City University),dissertation,5,Computer Science,
B4-R04385,Change impact analysis for requirements: A metamodeling approach,2014,Information and Software Technology,article,57,Computer Science,10.1016/j.infsof.2014.03.002
B4-R04241,Change propagation analysis for system modeling using Semantic Web technology,2017,Advanced Engineering Informatics,article,20,"Business, Management and Accounting; Engineering",10.1016/j.aei.2017.11.004
B4-R04230,Change request management in model-driven engineering of industrial automation software,2015,Proceeding 2015 IEEE International Conference on Industrial Informatics Indin 2015,conference-paper,12,"Business, Management and Accounting; Computer Science; Engineering",10.1109/indin.2015.7281904
B4-R11748,Changes in semantic uses of first person pronouns as possible linguistic markers of recovery in psychotherapy,2004,Australian and New Zealand Journal of Psychiatry,article,3,Psychology,10.1111/j.1440-1614.2004.01339.x
B4-R19218,Changes in the Model Business Corporation Act - Amendments to Sections 7.30 & 7.32 Removing Automatic 10-Year Limit on Duration of Voting Trust Agreements and Shareholder Agreements,2013,Business Lawyer (ABA),,,,
B4-R03250,Changing legal systems: legal abrogations and annulments in Defeasible Logic,2009,Logic Journal of IGPL,article,112,Computer Science,10.1093/jigpal/jzp075
B4-R07409,Chapter 13 Bottom-up extraction and maintenance of ontology-based metadata,2006,Capturing intelligence,book-chapter,13,"Biochemistry, Genetics and Molecular Biology; Computer Science; Decision Sciences",10.1016/s1574-9576(06)80015-8
B4-R02488,Characterisation of separated melamine-formaldehyde adducts (methylolmelamines) and adduct mixtures by h.p.l.c. and by n.m.r. and u.v. spectroscopy,1987,British Polymer Journal,article,24,Chemistry; Engineering; Physics and Astronomy,10.1002/pi.4980190212
B4-R15578,Characterization of thiourea-formaldehyde chelating resin by sorption of chromium(III) in water,2009,KOREAN JOURNAL OF CHEMICAL ENGINEERING,article,3,Engineering; Materials Science,10.1007/s11814-009-0235-2
B4-R10355,Characterizing Architecture Description Languages for Software-Intensive Systems-of-Systems,2015,Proceedings 3rd International Workshop on Software Engineering for Systems of Systems Sesos 2015,conference-paper,18,Computer Science,10.1109/sesos.2015.10
B4-R13326,"Chat Apps and Cascade Logic: A Multi-Platform Perspective on India, Mexico, and the United States",2022,Social Media and Society,article,34,Computer Science; Social Sciences,10.1177/20563051221094773
B4-R16470,Checkable Domain Management with Ontology and Rules,2008,2008 3RD INTERNATIONAL CONFERENCE ON INTERNET AND WEB APPLICATIONS AND SERVICES (ICIW 2008),conference-paper,2,Computer Science,10.1109/iciw.2008.65
B4-R16591,CILIOS: Connectionist inductive learning and inter-ontology similarities for recommending information agents,2007,INFORMATION SYSTEMS,article,53,Computer Science,10.1016/j.is.2006.06.003
B4-R16799,Circumscribed Time and Porous Time: Logics as a Way of Studying Temporality,2015,PROCEEDINGS OF THE 2015 ACM INTERNATIONAL CONFERENCE ON COMPUTER-SUPPORTED COOPERATIVE WORK AND SOCIAL COMPUTING (CSCW'15),conference-paper,46,Computer Science; Decision Sciences; Neuroscience,10.1145/2675133.2675231
B4-R13246,"Clash of Logics, Crisis of Trust: Entering the Era of Public For-Profit Health Care?",2011,Handbooks of Sociology and Social Research,book-chapter,11,"Business, Management and Accounting; Health Professions; Pharmacology, Toxicology and Pharmaceutics",10.1007/978-1-4419-7261-3_13
B4-R14012,Classificatory Aspects of Counts-as: An Analysis in Modal Logic,2006,J. Log. Comput.,article,47,Computer Science,10.1093/logcom/exl027
B4-R07355,"Climate change and the imposition of strategic ontologies: Tracing International Relations and Media Studies between militarization, invincibility and vulnerability",2025,Media War & Conflict,article,3,Environmental Science; Social Sciences,10.1177/17506352251350324
B4-R11803,Cloud sLA Terms Analysis Based on Ontology,2018,Procedia Computer Science,conference-paper,14,Computer Science,10.1016/j.procs.2018.07.263
B4-R10541,Co-evolution of complementary formal and informal requirements,2004,International Workshop on Principles of Software Evolution IWPSE,Conference Paper,18,,
B4-R04394,Co-evolution of metamodels and models through consistent change propagation,2015,Journal of Systems and Software,article,43,Computer Science,10.1016/j.jss.2015.03.003
B4-R12115,Co-evolution of metamodels and models through consistent change propagation,2013,Ceur Workshop Proceedings,Conference Paper,7,Computer Science,
B4-R15598,CO-Induced Formation of an Interpenetrating Bicuboctahedral Au2Pd18 Kernel in Nanosized Au2Pd28(CO)26(PEt3)10: Formal Replacement of an Interior (μ12-Pd)2 Fragment in the Corresponding Known Isostructural Homopalladium Pd30(CO)26(PEt3)10 with Nonisovalent (μ12-Au)2 and Resulting Experimental/Theoretical Implications,2011,INORGANIC CHEMISTRY,article,13,Chemistry; Materials Science,10.1021/ic201923y
B4-R10974,Co-production from a public service logic perspective,2020,Palgrave Handbook of Co Production of Public Services and Outcomes,book-chapter,18,Health Professions; Social Sciences,10.1007/978-3-030-53705-0_6
B4-R10968,Coarse deontic logic,2019,Journal of Logic and Computation,article,1,Computer Science,10.1093/logcom/exy010
B4-R13355,COCP: A MODULAR CORE ONTOLOGY FOR INTELLIGENT MANAGEMENT OF CUSTOMS PROCEDURES,2025,Interdisciplinary Journal of Information Knowledge and Management,article,0,"Business, Management and Accounting; Computer Science",10.28945/5591
B4-R12450,Cognitive twin construction for system of systems operation based on semantic integration and high-level architecture,2022,Integrated Computer Aided Engineering,article,33,Engineering,10.3233/ica-220677
B4-R01028,Cognitivism ageing: The Alzheimer conundrum as switched ontology & the potential for a new materialist dementia,2023,Journal of Aging Studies,article,8,Arts and Humanities; Health Professions; Neuroscience,10.1016/j.jaging.2023.101155
B4-R05538,Collaborative formal modeling of System of Systems,2014,8th Annual IEEE International Systems Conference Syscon 2014 Proceedings,conference-paper,4,Computer Science; Engineering,10.1109/syscon.2014.6819250
B4-R03344,Collaborative Intelligence for Malaria Surveillance: Ontology Adaptation through Multi-Agent and Expert Feedback,2026,Data & Knowledge Engineering,article,0,Computer Science; Engineering,10.1016/j.datak.2026.102605
B4-R16241,Collaborative process cartography deduction based on collaborative ontology and model transformation,2016,INFORMATION SCIENCES,article,16,"Business, Management and Accounting; Computer Science",10.1016/j.ins.2015.11.033
B4-R07436,Collective Responsibility and Social Ontology,2019,The Monist,article,1,Neuroscience; Social Sciences,10.1093/monist/onz001
B4-R08652,Collective Sanctions and Compliance Norms: A Formal Theory of Group-Mediated Social Control,1990,American Sociological Review,article,288,Decision Sciences; Social Sciences,10.2307/2095762
B4-R12554,Collusion-resistant data security search protocol for cloud-edge-end collaboration with formal verification,2026,Computer Networks,article,0,Computer Science,10.1016/j.comnet.2026.112589
B4-R03705,Combinations of tense and deontic modality: On the R t approach to temporal logic with historical necessity and conditional obligation,2005,Journal of Applied Logic,article,13,Computer Science,10.1016/j.jal.2005.04.002
B4-R03703,Combining dynamic deontic logic and temporal logic for the specification of deadlines,2002,,conference-paper,42,Computer Science,10.1109/hicss.1997.663191
B4-R11997,Combining dynamic deontic logic and temporal logic for the specification of deadlines,1997,Proceedings of the Hawaii International Conference on System Sciences,Conference Paper,34,"Computer Science, Information Systems",
B4-R02716,Combining formal and informal contract enforcement in a developed legal system: a latent class approach,2018,Journal of Institutional Economics,article,11,"Business, Management and Accounting; Economics, Econometrics and Finance; Social Sciences",10.1017/s1744137418000425
B4-R02134,Combining Linked Data and knowledge engineering best practices to design a lightweight role ontology,2011,Applied Ontology,article,2,Computer Science,10.3233/ao-2011-0094
B4-R03420,Combining Ontologies and Open Standards to Derive a Middle Layer Information Model for Interoperability of Personal and Electronic Health Records,2017,Journal of Medical Systems,article,23,"Biochemistry, Genetics and Molecular Biology; Decision Sciences; Health Professions",10.1007/s10916-017-0838-9
B4-R09426,Commitment Decisions in EU Competition Enforcement: Policy Effectiveness v. the Formal Rule of Law,2019,Yearbook of European Law,article,10,"Economics, Econometrics and Finance; Social Sciences",10.1093/yel/yez011
B4-R03713,Commitment tracking via the reactive event calculus,2009,Ijcai International Joint Conference on Artificial Intelligence,article,54,Computer Science,
B4-R17896,"Commitment, Learning, and Alliance Performance: A Formal Analysis Using an Agent-Based Network Formation Model",2013,JOURNAL OF MATHEMATICAL SOCIOLOGY,article,17,"Business, Management and Accounting; Decision Sciences; Social Sciences",10.1080/0022250x.2012.724600
B4-R10780,"Common Ground Between Social Ontology, Conceptual Engineering, and Conceptual Ethics",2023,Journal of Social Ontology,Article,2,"Arts and Humanities; Economics, Econometrics and Finance; Psychology; Social Sciences",10.25365/jso-2023-7439
B4-R00838,Common understanding in a multi-agent system using ontology-guided learning,2012,Knowledge and Information Systems,article,1,Computer Science,10.1007/s10115-012-0524-7
B4-R14961,Communication and recovery: Structuration as an ontological approach to organizational culture,1997,COMMUNICATION MONOGRAPHS,article,74,"Business, Management and Accounting",10.1080/03637759709376427
B4-R02254,Communicative action and formal pragmatics,2011,,book-chapter,222,Social Sciences,10.1017/upo9781844654741.004
B4-R02540,Comparative Analysis of copyright assignment and licence formalities for Open Source Contributor Agreements,2013,SCRIPTed A Journal of Law Technology & Society,article,5,"Business, Management and Accounting; Computer Science",10.2966/scrip.100213.207
B4-R02499,Comparative metric semantics of programming languages : nondeterminism and recursion,1998,Medical Entomology and Zoology,book,7,Computer Science,
B4-R02632,Comparative semantics for flow of control in logic programming without logic,1991,Information and Computation,article,15,Computer Science,10.1016/0890-5401(91)90036-2
B4-R03130,Comparing Formal and Informal Institutions with the Institutional Grammar Tool,2010,Digital Library Of The Commons Repository (Indiana University),conference-paper,5,Social Sciences,
B4-R10585,Comparing goal modelling languages: An experiment,2007,Lecture Notes in Computer Science Including Subseries Lecture Notes in Artificial Intelligence and Lecture Notes in Bioinformatics,conference-paper,44,Computer Science,10.1007/978-3-540-73031-6_2
B4-R13379,"Comparing Sino-Nordic systems of higher education: ideology, institutional logics, subaltern governance, and emergent identities",2026,Journal of Asian Public Policy,article,5,Social Sciences,10.1080/17516234.2024.2396172
B4-R07906,Comparing Three Formal Analysis Approaches of the Tropos Family,2008,Lecture notes in computer science,conference-paper,3,"Business, Management and Accounting; Computer Science",10.1007/978-3-540-77990-2_10
B4-R07147,Comparison of Hartree-Fock and energy -density formalism calculations for some spherical nuclei,1975,Physical Review C,article,9,Engineering; Physics and Astronomy,10.1103/physrevc.12.619
B4-R17883,Comparison of Timed Automata with Discrete Event Simulation for Modeling of Biomarker-Based Treatment Decisions: An Illustration for Metastatic Castration-Resistant Prostate Cancer,2017,VALUE IN HEALTH,article,15,Decision Sciences; Mathematics; Medicine,10.1016/j.jval.2017.05.024
B4-R03066,COMPASS: a formal framework and aggregate dataset for generalized surgical procedure modeling,2023,International Journal of Computer Assisted Radiology and Surgery,article,7,Engineering; Medicine,10.1007/s11548-023-02922-1
B4-R13316,Competing institutional logics and institutional erosion in environmental governance of maritime transport,2021,Journal of Transport Geography,article,42,"Business, Management and Accounting; Engineering",10.1016/j.jtrangeo.2021.103114
B4-R17985,Competing Institutional Logics in Corporate ESG: Evidence From Developing Countries,2025,BUSINESS STRATEGY AND THE ENVIRONMENT,article,30,"Business, Management and Accounting",10.1002/bse.4283
B4-R15571,"Competition, formal governance and trust in alliances: An experimental study",2022,LONG RANGE PLANNING,article,9,"Economics, Econometrics and Finance; Social Sciences",10.1016/j.lrp.2022.102240
B4-R17996,Competitiveness and Legitimation: The Logic of Companies going Green in Geographical Clusters,2014,JOURNAL OF BUSINESS ETHICS,article,40,"Business, Management and Accounting",10.1007/s10551-013-1636-z
B4-R10935,Completeness and decidability results for a logic of contrary-to-duty conditionals,2013,Journal of Logic and Computation,article,21,Computer Science,10.1093/logcom/exs009
B4-R12338,Composing and constructing value focused influence diagrams: A specification for decision model formulation,2003,Journal of Multi Criteria Decision Analysis,article,8,Computer Science; Decision Sciences,10.1002/mcda.360
B4-R11876,Composition semantics for executable and evolvable behavioral modeling in MDA,2009,ACM International Conference Proceeding Series,conference-paper,9,Computer Science,10.1145/1555852.1555855
B4-R11023,"Computable Models of the Law: Languages, Dialogues, Games, Ontologies",2007,Lecture Notes in Computer Science Including Subseries Lecture Notes in Artificial Intelligence and Lecture Notes in Bioinformatics,Conference Review,1,Computer Science; Mathematics,
B4-R10824,Computational logics and verification techniques of multi-agent commitments: Survey,2015,Knowledge Engineering Review,article,8,Computer Science,10.1017/s0269888915000065
B4-R01096,Computing Strong and Weak Permissions in Defeasible Logic,2012,CoRR,article,73,Computer Science,
B4-R01098,Computing Strong and Weak Permissions in Defeasible Logic,2013,Journal of Philosophical Logic,article,90,Computer Science; Social Sciences,10.1007/s10992-013-9295-1
B4-R04436,Concept and Metamodel to Support Cross-Domain Safety Analysis for ODD Expansion of Autonomous Systems,2023,Lecture notes in computer science,conference-paper,8,Computer Science; Engineering,10.1007/978-3-031-40923-3_13
B4-R15574,Concept detection using text exemplars aligned with a specialized ontology,2019,DATA & KNOWLEDGE ENGINEERING,article,5,"Biochemistry, Genetics and Molecular Biology; Computer Science",10.1016/j.datak.2018.11.002
B4-R02082,"Conception, Behavioural Semantics and Formal Specification of Multi-agent Systems",1998,Lecture notes in computer science,conference-paper,5,Computer Science,10.1007/10693067_2
B4-R12915,"Concepts in Motion: Toward a Relational Ontology of Meaning, Practice, and Mind",2026,Integrative Psychological and Behavioral Science,article,2,Neuroscience; Psychology,10.1007/s12124-026-09976-1
B4-R06037,"Conceptual boundaries and pathways: exploring the institutional logics of higher education scholarship on college student social movements and activism, 1967–2008",2009,Education Knowledge and Economy,article,4,Social Sciences,10.1080/17496890903132479
B4-R16379,Conceptual Modelling for Domain Ontology Using a 5W1H Six-Layer Framework,2011,"ADVANCED RESEARCH ON MATERIAL ENGINEERING, CHEMISTRY AND BIOINFORMATICS, PTS 1 AND 2 (MECB 2011)",article,4,Computer Science,10.4028/www.scientific.net/amr.282-283.68
B4-R17987,Conceptualising a social business blockchain: The coexistence of social and economic logics,2021,TECHNOLOGICAL FORECASTING AND SOCIAL CHANGE,article,54,"Business, Management and Accounting; Computer Science",10.1016/j.techfore.2021.120997
B4-R03191,Conditional Logics for Default Reasoning and Belief Revision,1992,,article,76,Computer Science,
B4-R18818,Configware Design Space Exploration Using Rewriting Logic,2006,2006 International Conference on Field Programmable Logic and Applications,conference-paper,5,Computer Science,10.1109/fpl.2006.311348
B4-R07530,"CONSCIOUSNESS – AN ONTOLOGICAL-CONFRONTATIONAL PERSPECTIVE AND NEW CATEGORIAL INTERPRETATIONS: Self-Knowledge, Intentionality, Subjectivity, Freedom, Value, Action",,PhilPapers (PhilPapers Foundation),article,0,Arts and Humanities; Psychology; Social Sciences,
B4-R15595,CONSENT FORMS AND CONSENT FORMALISM,2013,WISCONSIN LAW REVIEW,Article,9,Social Sciences,
B4-R16517,Consistent Knowledge Discovery from Evolving Ontologies,2015,PROCEEDINGS OF THE TWENTY-NINTH AAAI CONFERENCE ON ARTIFICIAL INTELLIGENCE,Proceedings Paper,5,Computer Science,
B4-R09747,Consistent Validation of Manual and Automatic Sense Annotations with the Aid of Semantic Graphs,2006,Computational Linguistics,article,5,Computer Science,10.1162/coli.2006.32.2.273
B4-R14989,Constitutive and Regulative Specifications of Commitment Protocols: A Decoupled Approach,2015,PROCEEDINGS OF THE TWENTY-FOURTH INTERNATIONAL JOINT CONFERENCE ON ARTIFICIAL INTELLIGENCE (IJCAI),Proceedings Paper,1,"Computer Science, Artificial Intelligence; Computer Science, Interdisciplinary Applications",
B4-R14991,Constitutive and Regulative Specifications of Commitment Protocols: A Decoupled Approach,2013,ACM TRANSACTIONS ON INTELLIGENT SYSTEMS AND TECHNOLOGY,article,43,"Business, Management and Accounting; Computer Science",10.1145/2438653.2438657
B4-R10893,Constraints for input/output logics,2001,Journal of Philosophical Logic,article,168,Computer Science,10.1023/a:1017599526096
B4-R06229,Constructing combinational and sequential logic devices through an intelligent electrocatalytic interface with immobilized MoS2 quantum dots and enzymes,2022,Talanta,article,8,Engineering; Materials Science,10.1016/j.talanta.2022.123615
B4-R15758,CONSTRUCTING SUBJECT VERB AGREEMENT IN SPEECH - THE ROLE OF SEMANTIC AND MORPHOLOGICAL FACTORS,1995,JOURNAL OF MEMORY AND LANGUAGE,article,245,Neuroscience; Psychology,10.1006/jmla.1995.1009
B4-R17190,Construction Method Models Using Context Aware Construction Requirements for Automated Schedule Generation,2017,"COMPUTING IN CIVIL ENGINEERING 2017: SMART SAFETY, SUSTAINABILITY, AND RESILIENCE",Proceedings Paper,8,"Computer Science, Interdisciplinary Applications; Engineering, Civil",
B4-R08103,Construction of a Dynamic Trust Ontology Model,2008,Proceedings 2008 International Conference on Computational Intelligence and Security Cis 2008,conference-paper,4,Computer Science,10.1109/cis.2008.127
B4-R16843,Constructive Modelling of Parallelized Environmental Models for Structured Testing of Automated Driving Systems,2015,"CYBER PHYSICAL SYSTEMS: DESIGN, MODELING, AND EVALUATION, CYPHY 2015",conference-paper,3,Computer Science,10.1007/978-3-319-25141-7_3
B4-R14962,Constructivism and the logic of explanation,1997,JOURNAL OF CONSTRUCTIVIST PSYCHOLOGY,article,10,Arts and Humanities; Psychology,10.1080/10720539708404631
B4-R13337,Consumer logics and the relational performance of selling high-risk goods: the case of elective cosmetic surgery,2023,International Journal of Sociology and Social Policy,article,3,Arts and Humanities; Psychology,10.1108/ijssp-07-2022-0180
B4-R07250,Content and semantic validity of the older adults health assessment instrument in Mozambique,2026,Scientific African,article,0,Medicine; Social Sciences,10.1016/j.sciaf.2026.e03376
B4-R02182,Content extraction of historical Malay manuscripts based on Event Ontology Framework,2021,Applied Ontology,article,8,Computer Science; Decision Sciences,10.3233/ao-210247
B4-R16500,Content value chains modelling using a copyright ontology,2010,INFORMATION SYSTEMS,article,14,Computer Science; Social Sciences,10.1016/j.is.2008.12.001
B4-R16523,Context Modeling based on Feature Models Expressed as Views on Ontologies via Mappings,2015,COMPUTER SCIENCE AND INFORMATION SYSTEMS,article,12,Computer Science,10.2298/csis141031035n
B4-R16565,Context ontology for secure interoperability,2008,"ARES 2008: PROCEEDINGS OF THE THIRD INTERNATIONAL CONFERENCE ON AVAILABILITY, SECURITY AND RELIABILITY",conference-paper,15,"Business, Management and Accounting; Computer Science; Social Sciences",10.1109/ares.2008.133
B4-R11878,Context-aware service discovery and adaptation based on semantic matchmaking,2010,5th International Conference on Internet and Web Applications and Services Iciw 2010,conference-paper,6,Computer Science,10.1109/iciw.2010.89
B4-R02656,Contextual e-Negotiation for the Handling of Private Data in e-Commerce on a Semantic Web,2006,,conference-paper,11,Computer Science; Social Sciences,10.1109/hicss.2006.96
B4-R16357,COnto-Diff: generation of complex evolution mappings for life science ontologies,2013,JOURNAL OF BIOMEDICAL INFORMATICS,article,88,"Biochemistry, Genetics and Molecular Biology; Computer Science",10.1016/j.jbi.2012.04.009
B4-R19181,"Contract of Enterprise in Constructions. Notification with Triple Identity: Formal Notice of Delay, Notification of Termination of Contract and Unilateral Statement of Termination of Contract",2023,Dreptul,,,,
B4-R11871,Contract-based formal specification of safety critical systems,2005,Proceedings International Computer Software and Applications Conference,conference-paper,1,Computer Science,10.1109/compsac.2005.65
B4-R11042,ContractFrames: Bridging the Gap Between Natural Language and Logics in Contract Law,2019,Lecture Notes in Computer Science Including Subseries Lecture Notes in Artificial Intelligence and Lecture Notes in Bioinformatics,conference-paper,13,Computer Science; Social Sciences,10.1007/978-3-030-31605-1_9
B4-R11050,Contractor’s Risk Analysis of Engineering Procurement and Construction (EPC) Contracts Using Ontological Semantic Model and Bi-Long Short-Term Memory (LSTM) Technology,2022,Sustainability Switzerland,article,20,Decision Sciences; Engineering; Health Professions,10.3390/su14116938
B4-R19170,Contracts - Two-Party Novation - Unilateral Modification of Earnest-Money Receipt in Formal Land-Sale Contract,1952,Oregon Law Review,,,,
B4-R13323,Contradictions of Ordered Trust: Trust-based Work and Conflicting Logics in Municipal Care,2022,Nordic Journal of Working Life Studies,article,16,Social Sciences,10.18291/njwls.130174
B4-R10884,Contrary-to-duty imperatives and deontic logic,1963,Analysis United Kingdom,article,367,Computer Science; Psychology,10.1093/analys/24.2.33
B4-R10970,Contrary-to-Duty Paradoxes and Counterfactual Deontic Logic,2019,Philosophia United States,article,3,"Computer Science; Economics, Econometrics and Finance; Neuroscience",10.1007/s11406-018-0036-0
B4-R07214,Contrastive and consistent feature learning for weakly supervised object localization and semantic segmentation,2021,Neurocomputing,article,7,Computer Science,10.1016/j.neucom.2021.03.023
B4-R07587,Contribution of formal and nonformal education to obtaining skilled industrial employment in Northeastern Brazil,1982,International Journal of Educational Development,article,2,Social Sciences,10.1016/0738-0593(82)90064-5
B4-R02498,Control Flow Semantics,1996,Medical Entomology and Zoology,book,130,Computer Science; Decision Sciences; Engineering,
B4-R11593,Control of Recreational Cannabis in a New Zealand University Sample: Perceptions of Informal and Formal Controls,2020,Substance Abuse Research and Treatment,article,8,Medicine; Psychology,10.1177/1178221820953397
B4-R00015,Conversational semantics sustained by commitments,2006,Autonomous Agents and Multi-Agent Systems,article,20,Computer Science,10.1007/s10458-006-0011-1
B4-R10759,"Convivial ambient technologies: Requirements, ontology and design",2010,Computer Journal,article,15,Computer Science; Social Sciences,10.1093/comjnl/bxp012
B4-R07370,"Convivial Constitutionality: Conditions for Human-Predator Cohabitation, Institutional Change and Ontological Contestations in a ‘Glocal’ World",2026,International Journal of the Commons,article,0,Decision Sciences; Social Sciences,10.5334/ijc.1583
B4-R15750,Coordinating the Assessment of Education-Examining the Formalization of German Abitur Examination Standards,2025,HISTORICAL SOCIAL RESEARCH-HISTORISCHE SOZIALFORSCHUNG,Article,1,Arts and Humanities; Social Sciences,10.12759/hsr.50.2025.37
B4-R07449,Coordination as Naturalistic Social Ontology: Constraints and Explanation,2023,Philosophy of the Social Sciences,article,1,Arts and Humanities; Physics and Astronomy; Social Sciences,10.1177/00483931221150486
B4-R07411,Coping with shame and sense of guilt: a Dynamic Logic Account,2009,Autonomous Agents and Multi-Agent Systems,article,16,Computer Science; Psychology,10.1007/s10458-009-9083-z
B4-R18474,"Corporate Greening beyond Formal Programs, Initiatives, and Systems: A Conceptual Model for Voluntary Pro-environmental Behavior of Employees",2013,EUROPEAN MANAGEMENT REVIEW,article,215,"Business, Management and Accounting; Engineering; Environmental Science",10.1111/emre.12008
B4-R16532,COSA2 - A Cognitive System Architecture with Centralized Ontology and Specific Algorithms,2012,"PROCEEDINGS 2012 IEEE INTERNATIONAL CONFERENCE ON SYSTEMS, MAN, AND CYBERNETICS (SMC)",Proceedings Paper,1,Computer Science; Engineering,
B4-R14010,Counts-as: Classification or Constitution? An Answer Using Modal Logic,2006,DEON,conference-paper,35,Computer Science,10.1007/11786849_11
B4-R09207,CourtDocs Ontology: Towards a Data Model for Representation of Historical Court Proceedings,2023,K CAP 2023 Proceedings of the 12th Knowledge Capture Conference 2023,conference-paper,4,Computer Science; Social Sciences,10.1145/3587259.3627562
B4-R13266,Crafting and testing a central precept in service-dominant logic: Hotel employees' brand-citizenship behavior and customers' brand trust,2014,International Journal of Hospitality Management,article,71,"Business, Management and Accounting",10.1016/j.ijhm.2014.05.011
B4-R01592,Creating a Modeling Language Based on a New Metamodel for Adaptive Normative Software Agents,2022,IEEE Access,article,4,Computer Science,10.1109/access.2022.3147144
B4-R09630,Creative design of emergency management scenarios driven by semantics: An application to smart cities,2018,Information Systems,article,54,Computer Science; Decision Sciences; Social Sciences,10.1016/j.is.2018.10.005
B4-R02894,Credibility Without Formal Commitments: How Market Reputation Reshapes BITs,2026,International Studies Quarterly,article,0,"Business, Management and Accounting; Social Sciences",10.1093/isq/sqag045
B4-R01290,CriMOnto: A generalized domain-specific ontology for modeling procedural norms of the Lebanese criminal law,2025,Data & Knowledge Engineering,article,3,Computer Science; Social Sciences,10.1016/j.datak.2025.102419
B4-R01853,Crisis bargaining in the European Union: Formal rules or market pressure?,2018,European Union Politics,article,37,Social Sciences,10.1177/1465116518814949
B4-R00793,CRM Ontology Based on CMMI Project Planning for Business Applications,2007,"PROCEEDINGS OF 2007 INTERNATIONAL CONFERENCE ON MACHINE LEARNING AND CYBERNETICS, VOLS 1-7",conference-paper,11,"Business, Management and Accounting; Computer Science",10.1109/icmlc.2007.4370651
B4-R07525,Crossing the Chiasm: Queering the Ontology of the Chiasm in Merleau-Ponty’s Phenomenology,2026,Hypatia,article,0,Psychology; Social Sciences,10.1017/hyp.2026.10074
B4-R00804,CTL AgentSpeak(L): A specification language for agent programs,2009,Journal of Algorithms,article,8,Computer Science,10.1016/j.jalgor.2009.02.003
B4-R03717,CTL-Like Fragments of a Temporal Logic of Robustness,2010,Proceedings 17th International Symposium on Temporal Representation and Reasoning Time 2010,conference-paper,8,Computer Science,10.1109/time.2010.7
B4-R13376,Cultural embeddedness and global competitiveness: trust-based organizational logic in India’s informal diamond sector,2026,Journal of Enterprising Communities,article,0,"Business, Management and Accounting",10.1108/jec-05-2025-0166
B4-R07322,Cultural imaginaries or incommensurable ontologies? Relationality and sovereignty as worldviews in socio-technological system transitions,2021,Energy Research & Social Science,article,28,Energy; Environmental Science; Social Sciences,10.1016/j.erss.2021.102242
B4-R07307,Cultural revitalization and the ontology of communicative spaces: ‘Mobile coordinating’ among Guaraní,2018,International Journal of Cultural Studies,article,17,Social Sciences,10.1177/1367877918793429
B4-R08787,Cultural tightness in organizations: Investigating the impact of formal and informal cultural tightness on employee creativity,2024,Organizational Behavior and Human Decision Processes,article,13,"Business, Management and Accounting; Psychology",10.1016/j.obhdp.2024.104338
B4-R09936,CÒIR: Verifying normative specifications of complex systems,2016,Lecture Notes in Computer Science Including Subseries Lecture Notes in Artificial Intelligence and Lecture Notes in Bioinformatics,conference-paper,3,Computer Science,10.1007/978-3-319-42691-4_8
B4-R09464,D4ar- 4 dimensional augmented reality - models or automation and interactive visualization of construction progress monitoring,2010,,article,9,Computer Science; Earth and Planetary Sciences; Engineering,
B4-R13325,Data division using Fuzzy Logic and Blockchain for data security in cyber space,2022,Procedia Computer Science,conference-paper,5,Computer Science,10.1016/j.procs.2022.12.047
B4-R07135,Data Has Its Own Ontology,2026,Zenodo (CERN European Organization for Nuclear Research),preprint,3,Computer Science; Decision Sciences,10.5281/zenodo.22003682
B4-R10864,Data modelling versus ontology engineering,2002,SIGMOD Record,article,355,Computer Science,10.1145/637411.637413
B4-R02035,Data Sets for Regenerative Futures: Cultivating Relational Ontologies,2024,ACM International Conference Proceeding Series,conference-paper,2,Engineering,10.1145/3686169.3686200
B4-R16366,Data-driven ontology generation and evolution towards intelligent service in manufacturing systems,2019,FUTURE GENERATION COMPUTER SYSTEMS-THE INTERNATIONAL JOURNAL OF ESCIENCE,article,45,Computer Science; Engineering,10.1016/j.future.2019.05.075
B4-R03719,dCTL: A Branching Time Temporal Logic for Fault-Tolerant System Verification,2011,Lecture notes in computer science,conference-paper,7,Computer Science,10.1007/978-3-642-24690-6_9
B4-R09156,De factoinformality? Rethinking the experience of women in the formally regulated workplace,2018,Labour & Industry a journal of the social and economic relations of work,article,3,Social Sciences,10.1080/10301763.2018.1463481
B4-R07277,"Deafblindness, ontological security, and social recognition",2008,International Journal of Audiology,article,40,Health Professions; Psychology; Social Sciences,10.1080/14992020802307388
B4-R06318,Dealing with contract violations: formalism and domain specific language,2006,Proceedings IEEE International Enterprise Distributed Object Computing Workshop Edoc,conference-paper,55,"Business, Management and Accounting; Computer Science",10.1109/edoc.2005.13
B4-R16485,Dealing with Inconsistency When Combining Ontologies and Rules Using DL-Programs,2010,"SEMANTIC WEB: RESEARCH AND APPLICATIONS, PT 1, PROCEEDINGS",Proceedings Paper,10,Computer Science; Mathematics,
B4-R13608,Decentralized local electricity market model using Automated Market Maker,2023,Applied Energy,article,19,Engineering,10.1016/j.apenergy.2023.120689
B4-R16423,Decision procedure for temporal logic of belief and actions,2004,INFORMATICA,Article,1,Computer Science; Mathematics,
B4-R01165,Decision Procedures for a Deontic Logic Modeling Temporal Inheritance of Obligations,2009,Electronic Notes in Theoretical Computer Science,article,5,Computer Science; Social Sciences,10.1016/j.entcs.2009.02.030
B4-R16222,Decision Rules in Simple Decision Systems over Ontological Graphs,2013,PROCEEDINGS OF THE 8TH INTERNATIONAL CONFERENCE ON COMPUTER RECOGNITION SYSTEMS CORES 2013,book-chapter,8,Computer Science,10.1007/978-3-319-00969-8_11
B4-R00385,Decision-Driven Analytics in Smart Factories: Enterprise Architecture Framework for Use Case Specification and Engineering (FUSE),2025,Fraunhofer-Publica (Fraunhofer-Gesellschaft),article,1,"Business, Management and Accounting; Computer Science; Engineering",10.24406/publica-6756
B4-R02863,Decisional Uncertainties in Construction Projects as a Cause of Disputes and Their Formal Legal Interpretation by the Courts: Review of Legal Cases in the United Kingdom,2017,Journal of Legal Affairs and Dispute Resolution in Engineering and Construction,article,34,"Decision Sciences; Economics, Econometrics and Finance; Social Sciences",10.1061/(asce)la.1943-4170.0000222
B4-R03158,Decomposing the Institutional Structure of Interstate River Basins Using Institutional Grammar and Institutional Analysis and Development Framework,2023,Journal of Water Resources Planning and Management,article,3,Engineering; Environmental Science; Social Sciences,10.1061/jwrmd5.wreng-5966
B4-R18480,Decoupling semantic and localization for semantic segmentation via magnitude-aware and phase-sensitive learning,2024,INFORMATION FUSION,article,7,Computer Science; Engineering,10.1016/j.inffus.2024.102314
B4-R09675,Deep learning model for automated diagnosis of moyamoya disease based on magnetic resonance angiography,2024,EClinicalMedicine,article,11,Computer Science; Medicine; Neuroscience,10.1016/j.eclinm.2024.102888
B4-R11692,Deep Reinforcement Learning-Based Automated Negotiation Model for Shared Decision-Making,2025,Engineering Letters,Article,1,Engineering,
B4-R19074,Defeasibility and Legal Rules: On the (Supposed) Necessity for Defeasible Logic,2015,Estudios de Derecho (Law Studies),,,,10.17533/udea.esde.v72n159a10
B4-R19025,Defeasible Deontic Logic,2000,Artificial Intelligence and Law,book-review,4,Computer Science,10.1023/a:1008338019879
B4-R16433,Defeasible logic programming: an argumentative approach,2004,THEORY AND PRACTICE OF LOGIC PROGRAMMING,article,825,Computer Science,10.1017/s1471068403001674
B4-R16426,Defeasible logic with dynamic priorities,2004,INTERNATIONAL JOURNAL OF INTELLIGENT SYSTEMS,article,14,Computer Science,10.1002/int.20008
B4-R02156,Defining ontology combining concepts of massive multi-player online role playing games and organization of large-scale multi-agent systems,2016,2016 39th International Convention on Information and Communication Technology Electronics and Microelectronics Mipro 2016 Proceedings,conference-paper,5,Computer Science,10.1109/mipro.2016.7522346
B4-R03442,Defining personal data Sovereignty: An ontologically-based framework facilitating subject privacy control,2025,Data and Information Management,article,0,Computer Science; Social Sciences,10.1016/j.dim.2025.100108
B4-R19242,Democratization and Institutional Change in Mexico: The Logic of Partial Insulation,2001,Comparative Political Studies,article,29,"Economics, Econometrics and Finance",10.1177/0010414001034001001
B4-R18713,Demonstrating Ontology-Based DSL Specification in the Automotive Domain,2025,2025 IEEE 30th International Conference on Emerging Technologies and Factory Automation (ETFA),conference-paper,1,Computer Science,10.1109/etfa65518.2025.11205615
B4-R07020,Denotational semantics of a parallel object-oriented language,1989,Information and Computation,article,67,Computer Science,10.1016/0890-5401(89)90057-6
B4-R01093,Deontic action-logic multi-agent systems in Prolog,2008,Diva portal (Dalarna University Library),report,11,Computer Science,
B4-R11012,"Deontic and action logics for organized collective agency, modeled through institutionalized agents and roles",2001,Fundamenta Informaticae,Article,25,Computer Science; Mathematics,
B4-R16816,Deontic Equilibrium Logic with eXplicit Negation,2023,"LOGICS IN ARTIFICIAL INTELLIGENCE, JELIA 2023",conference-paper,5,Computer Science,10.1007/978-3-031-43619-2_34
B4-R09864,Deontic logic (adapted) for normative conflicts,2014,Logic Journal of the Igpl,article,14,Computer Science,10.1093/jigpal/jzt022
B4-R10899,"Deontic Logic and Artificial Normative Systems - 8th International Workshop on Deontic Logic in Computer Science, DEON 2006, Proceedings",2006,Lecture Notes in Computer Science Including Subseries Lecture Notes in Artificial Intelligence and Lecture Notes in Bioinformatics,Conference Review,1,Computer Science; Mathematics,
B4-R19017,Deontic Logic and Legal Knowledge Representation,1990,Ratio Juris,article,25,Computer Science; Social Sciences,10.1111/j.1467-9337.1990.tb00060.x
B4-R19038,Deontic Logic and the Philosophy of Law,2020,Jotwell: The Journal of Things We Like (Lots),,,,
B4-R19039,Deontic Logic as Logic of Legal Norms: Two Main Sources of Problems,1991,Ratio Juris,article,9,Neuroscience; Social Sciences,10.1111/j.1467-9337.1991.tb00107.x
B4-R01159,Deontic logic for modelling data flow and use compliance,2008,Proceedings of the 6th International Workshop on Middleware for Pervasive and Ad Hoc Computing Mpac 2008 Held at the ACM IFIP Usenix 9th International Middleware Conference Middleware 2008,conference-paper,11,Computer Science; Social Sciences,10.1145/1462789.1462793
B4-R16645,Deontic Logic for Strategic Games,2013,ERKENNTNIS,article,22,Computer Science,10.1007/s10670-011-9349-0
B4-R19037,Deontic Logic in Computer Science: Normative System Specification,1994,"Law, Computers & Artificial Intelligence",,,,
B4-R01116,Deontic logic in the representation of law: Towards a methodology,1992,Artificial Intelligence and Law,article,108,Computer Science,10.1007/bf00118478
B4-R19027,Deontic Logic Revisited,1973,Rechtstheorie,,,,
B4-R19051,"Deontic Logic, Full Faith and Credit and the Offensive Use of Collateral Estoppel",1975,Jurimetrics Journal,,,,
B4-R01160,Deontic Logics for Modeling Behavioural Variability.,2009,Florence Research (University of Florence),conference-paper,19,Computer Science,
B4-R19028,Deontic Logics for Prioritized Imperatives,2006,Artificial Intelligence and Law,article,30,Computer Science,10.1007/s10506-005-5081-x
B4-R10918,Deontic redundancy: A fundamental challenge for deontic logic,2010,Lecture Notes in Computer Science Including Subseries Lecture Notes in Artificial Intelligence and Lecture Notes in Bioinformatics,conference-paper,12,Computer Science,10.1007/978-3-642-14183-6_4
B4-R16905,"Deontic Tense Logic With Historical Necessity, Frame Constants, and a Solution to the Epistemic Obligation Paradox (The ""Knower"")",2014,THEORIA-A SWEDISH JOURNAL OF PHILOSOPHY,article,2,Arts and Humanities; Computer Science; Psychology,10.1111/theo.12036
B4-R19057,Deontic-Logical Relations and Speech Act Theory,1989,Rechtsfilosofie en Rechtstheorie,,,,
B4-R04367,Dependency Analysis in Ontology-Driven Content-Based Systems,2012,Lecture notes in computer science,conference-paper,4,"Business, Management and Accounting; Computer Science",10.1007/978-3-642-29350-4_1
B4-R04238,Dependency Modeling of a SOA Based System Through Colored Petri Nets,2016,Journal of Computing and Information Technology,article,6,"Business, Management and Accounting; Computer Science",10.20532/cit.2016.1002787
B4-R02190,Deploying OWL ontologies for semantic mediation of mixed-reality interactions for human–robot collaborative assembly,2023,Journal of Manufacturing Systems,article,24,"Business, Management and Accounting; Computer Science",10.1016/j.jmsy.2023.07.013
B4-R00655,Deployment of an ontology-based agent architecture on a controller,2010,IEEE International Conference on Industrial Informatics Indin,conference-paper,6,"Business, Management and Accounting; Computer Science; Engineering",10.1109/indin.2010.5549623
B4-R03082,Deriving denotational models for bisimulation from structured operational semantics,1989,"Centrum Wiskunde & Informatica (CWI), the national research institute for mathematics and computer science in the Netherlands",other,16,Computer Science,
B4-R16422,Descriptive dynamic logic and its application to reflective architectures,1996,FUTURE GENERATION COMPUTER SYSTEMS,article,16,Computer Science,10.1016/0167-739x(96)00007-6
B4-R14106,"Design and Implementation of Semantic Decision Support System for Supplier Performance Contract Monitoring and Execution: Integrating Description Logics, Semantic Web Rules and Service-Oriented Computing in the Context of the Extended Enterprise",2007,AMCIS,Inproceedings,,,
B4-R06285,Design and Simulation of Automated Pod Handling for Modular Rail-Based Transport Systems,2026,Logistics,article,0,Engineering,10.3390/logistics10040087
B4-R04021,Design and Verification of Petri-Net-Based Cyber-Physical Systems Oriented toward Implementation in Field-Programmable Gate Arrays—A Case Study Example,2022,Energies,article,17,Computer Science,10.3390/en16010067
B4-R12459,Design methodology of reconfigurable logic controller for manufacturing system,2012,Tongji Daxue Xuebao Journal of Tongji University,Article,2,Multidisciplinary,10.3969/j.issn.0253-374x.2012.10.019
B4-R02142,Design of information architecture with Enterprise Ontology approach: A case study in West Java Educational Quality Assurance Institution,2013,Proceedings International Conference on ICT for Smart Society 2013 Think Ecosystem Act Convergence Iciss 2013,conference-paper,4,"Business, Management and Accounting; Computer Science; Decision Sciences",10.1109/ictss.2013.6588061
B4-R09977,Design of reconfiguration mechanism for holonic manufacturing systems based on formal models,2010,Engineering Applications of Artificial Intelligence,article,32,Engineering,10.1016/j.engappai.2010.05.008
B4-R19004,Design Ontology in a Case Study for Cosimulation in a Model-Based Systems Engineering Tool-Chain,2020,IEEE Systems Journal,article,22,Computer Science; Engineering,10.1109/jsyst.2019.2911418
B4-R16243,Design ontology in context - a situated cognition approach to conceptual modelling,2001,ARTIFICIAL INTELLIGENCE IN ENGINEERING,article,33,Computer Science; Social Sciences,10.1016/s0954-1810(01)00010-3
B4-R04196,"Design, Development & Implementation Of Ontological Knowledge Based System For Automotive Assembly Lines",2011,International Journal of Data Mining & Knowledge Management Process,article,4,Engineering,10.5121/ijdkp.2011.1503
B4-R16751,Designing a deontic logic of deadlines,2004,"DEONTIC LOGIC IN COMPUTER SCIENCE, PROCEEDINGS",Article; Proceedings Paper,41,Computer Science; Mathematics,
B4-R02135,Designing a Multi-Layered Ontology for the Science and Technology Innovation Concept Knowledge-Base,2011,Proceedings of the Annual Hawaii International Conference on System Sciences,conference-paper,6,"Business, Management and Accounting; Computer Science; Social Sciences",10.1109/hicss.2011.147
B4-R04398,Designing an Integrated Surgical Care Delivery System Using Axiomatic Design and Petri Net Modeling,2015,Annals of information systems,book-chapter,4,"Business, Management and Accounting; Engineering",10.1007/978-3-319-23294-2_4
B4-R02531,Designing Collaborative E-Learning Environments Based upon Semantic Wiki: From Design Models to Application Scenarios.,2011,Educational Technology & Society,article,33,Computer Science; Psychology; Social Sciences,
B4-R01353,Designing invisible handcuffs : Formal investigations in institutions and organizations for multi-agent systems,2007,Utrecht University Repository (Utrecht University),dissertation,80,Computer Science,
B4-R01161,Detecting Regulatory Compliance for Business Process Models through Semantic Annotations,2009,Lecture notes in business information processing,conference-paper,106,"Business, Management and Accounting; Computer Science",10.1007/978-3-642-00328-8_2
B4-R08524,Developing and empirically testing a sustainable knowledge model: using Alkire-Foster construction logic,2025,EuroMed Journal of Business,article,1,"Business, Management and Accounting; Decision Sciences; Social Sciences",10.1108/emjb-08-2024-0211
B4-R02847,Developing proof carrying code to formally assure termination in fault tolerant distributed controls systems,2012,Proceedings of the IEEE Conference on Decision and Control,conference-paper,9,Computer Science,10.1109/cdc.2012.6425966
B4-R15727,Developing the Korean Version of a Semantic Feature Database for Semantic Feature Analysis Treatment,2023,COMMUNICATION SCIENCES AND DISORDERS-CSD,article,4,Neuroscience; Psychology,10.12963/csd.23963
B4-R09631,"Development and validation of machine learning models to identify high-risk surgical patients using automatically curated electronic health record data (Pythia): A retrospective, single-site study",2018,PLoS Medicine,article,217,Computer Science; Medicine,10.1371/journal.pmed.1002701
B4-R04237,Development of an ontology-based configuration management system,2016,Proceedings of the 8th International Conference on Electronics Computers and Artificial Intelligence Ecai 2016,conference-paper,3,"Business, Management and Accounting; Computer Science",10.1109/ecai.2016.7861164
B4-R15555,Development of Automatic-Extraction Model of Poisonous Clauses in International Construction Contracts Using Rule-Based NLP,2019,JOURNAL OF COMPUTING IN CIVIL ENGINEERING,article,165,Computer Science; Social Sciences,10.1061/(asce)cp.1943-5487.0000807
B4-R13952,Development of calculation model for designing temperature characteristics of double-layered thickness-shear resonator,2024,Japanese Journal of Applied Physics,article,1,Engineering; Materials Science,10.35848/1347-4065/ad1fb1
B4-R14226,Development of distributed agent-oriented Petri net simulation and control environment for discrete event dynamic systems,2004,SMC (5),conference-paper,3,"Business, Management and Accounting; Computer Science; Decision Sciences",10.1109/icsmc.2004.1401324
B4-R03419,Development of Knowledge-Expandable Ontology-Based Expert System for Process Planning in Cold Forging of Flange Nuts,2017,Procedia Engineering,conference-paper,7,Engineering; Materials Science,10.1016/j.proeng.2017.10.812
B4-R16286,Development of new ontological solution for an energy intelligent management in Adrar city,2019,SUSTAINABLE COMPUTING-INFORMATICS & SYSTEMS,article,26,Computer Science; Engineering,10.1016/j.suscom.2019.01.009
B4-R00809,Development of Ontology for Smart Hospital and Implementation using UML and RDF,2010,,article,18,"Business, Management and Accounting; Computer Science; Decision Sciences",
B4-R00602,Development of SPL Government System with Ontology Web Language,2016,Proceedings of 2016 4th International Conference on Cyber and IT Service Management Citsm 2016,conference-paper,5,Computer Science,10.1109/citsm.2016.7577587
B4-R16341,Devising a Super Ontology,2015,PROCEEDINGS OF THE 4TH INTERNATIONAL CONFERENCE ON ECO-FRIENDLY COMPUTING AND COMMUNICATION SYSTEMS,conference-paper,14,Computer Science,10.1016/j.procs.2015.10.118
B4-R17736,DEVS-FIRE: design and application of formal discrete event wildfire spread and suppression models,2012,SIMULATION-TRANSACTIONS OF THE SOCIETY FOR MODELING AND SIMULATION INTERNATIONAL,article,64,Decision Sciences; Engineering,10.1177/0037549711414592
B4-R16270,di.me: Ontologies for a Pervasive Information System,2014,SEMANTIC WEB: ESWC 2014 SATELLITE EVENTS,conference-paper,4,Computer Science; Decision Sciences,10.1007/978-3-319-11955-7_74
B4-R16035,Diagnosing Institutional Design-Implementation Gaps: A Dual-Layer Systems Modeling Language Protocol for Visualizing Institutional Change Mechanisms,2026,POLICY STUDIES JOURNAL,article,0,Decision Sciences; Environmental Science; Social Sciences,10.1111/psj.70146
B4-R04043,Diagnostic Coverage Estimation for Automotive SoCs Based on Colored Stochastic Petri Nets,2024,,conference-paper,3,Computer Science; Engineering,10.1109/vlsi-soc62099.2024.10767793
B4-R09740,Dialogue Act Modeling for Automatic Tagging and Recognition of Conversational Speech,2000,OLAC - Open Language Archives Community,article,1127,Arts and Humanities; Computer Science,10.48550/arxiv.cs/0006023
B4-R02661,Differences in Contracting: Anchoring Formal and Relational Norms within BPO Governance,2007,Journal of the Association for Information Systems,article,3,"Business, Management and Accounting",
B4-R11793,"Differential argument marking: Semantics, morphology, syntax",2016,Voprosy Jazykoznanija,article,2,Arts and Humanities,10.31857/s0373658x0001068-3
B4-R16207,Diffusion-Guided Model Predictive Control for Signal Temporal Logic Specifications,2026,ELECTRONICS,article,0,Computer Science; Engineering,10.3390/electronics15030551
B4-R07509,"Digital Islamic Studies in Indonesia: Ontological, Epistemological and Axiological Perspectives",2026,Jurnal Akidah & Pemikiran Islam,article,0,Arts and Humanities; Social Sciences,10.22452/afkar.vol28no1.5
B4-R06588,DIKWP-Guided Semantic Modeling of Intellectual Property Reasoning for Explainable Legal AI,2026,Applied Sciences,article,1,Computer Science; Social Sciences,10.3390/app16126076
B4-R00803,"Direction, alignment, commitment: Toward a more integrative ontology of leadership",2008,The Leadership Quarterly,article,617,"Business, Management and Accounting",10.1016/j.leaqua.2008.09.003
B4-R00846,"Disability, Rehabilitation Research and Post-Cartesian Embodied Ontologies – Has the Research Paradigm Changed?",2014,,book-chapter,10,Arts and Humanities; Social Sciences,10.1108/s1479-354720140000008005
B4-R05813,DISARM: A social distributed agent reputation model based on defeasible logic,2016,Journal of Systems and Software,article,11,Computer Science; Social Sciences,10.1016/j.jss.2016.02.016
B4-R00790,Discovering Semantic Web Services with and without a Common Ontology Commitment,2006,,conference-paper,45,Computer Science,10.1109/scw.2006.12
B4-R07845,Discrete Event System Specification-based framework for modeling and simulation of propagation phenomena in social networks: application to the information spreading in a multi-layer social network,2018,SIMULATION,article,26,Computer Science; Physics and Astronomy,10.1177/0037549718776368
B4-R16077,Dissecting Policy Designs: An Application of the Institutional Grammar Tool,2011,POLICY STUDIES JOURNAL,article,150,Decision Sciences; Engineering; Social Sciences,10.1111/j.1541-0072.2010.00397.x
B4-R14235,Distributed agent environments in the Ambient Event Calculus,2009,DEBS,conference-paper,41,Computer Science,10.1145/1619258.1619275
B4-R03750,Disturbance Bounds for Signal Temporal Logic Task Satisfaction: A Dynamics Perspective,2021,arXiv (Cornell University),article,5,"Biochemistry, Genetics and Molecular Biology; Computer Science",10.48550/arxiv.2110.12014
B4-R12004,Disturbance Bounds for Signal Temporal Logic Task Satisfaction: A Dynamics Perspective,2022,IEEE Control Systems Letters,article,5,"Biochemistry, Genetics and Molecular Biology; Computer Science",10.1109/lcsys.2021.3137267
B4-R06297,DNAzyme nanomotor-based logic biocomputing system for highly reliable intracellular microRNAs imaging and cancer cell identification,2026,Analytica Chimica Acta,article,0,"Biochemistry, Genetics and Molecular Biology; Engineering",10.1016/j.aca.2026.345878
B4-R02649,Do Formal Contracts and Relational Governance Function as Substitutes or Complements,2003,,article,59,"Business, Management and Accounting; Decision Sciences; Social Sciences",
B4-R02645,Do formal contracts and relational governance function as substitutes or complements?,2002,Strategic Management Journal,article,3662,"Business, Management and Accounting",10.1002/smj.249
B4-R16264,Do-Care: A dynamic ontology reasoning based healthcare monitoring system,2021,FUTURE GENERATION COMPUTER SYSTEMS-THE INTERNATIONAL JOURNAL OF ESCIENCE,article,39,Computer Science; Health Professions,10.1016/j.future.2021.01.001
B4-R00638,"Does Malebranche Need Efficacious Ideas? The Cognitive Faculties, the Ontological Status of Ideas, and Human Attention",2005,Journal of the history of philosophy,article,19,Arts and Humanities; Social Sciences,10.1353/hph.2005.0016
B4-R02517,Does the discussion help? The impact of a formally assessed online discussion on final student results,2007,British Journal of Educational Technology,article,182,Psychology; Social Sciences,10.1111/j.1467-8535.2007.00780.x
B4-R16370,Domain content querying using ontology-based context-awareness in information systems,2018,DATA & KNOWLEDGE ENGINEERING,article,7,Computer Science,10.1016/j.datak.2018.03.003
B4-R00635,Domain Ontology Analysis in Agent-Oriented Requirements Engineering,2003,Lecture notes in computer science,conference-paper,3,"Business, Management and Accounting; Computer Science",10.1007/978-3-540-45224-9_185
B4-R07172,DOOR - Towards a Formalization of Ontology Relations,2009,Keod 2009 1st International Conference on Knowledge Engineering and Ontology Development Proceedings,conference-paper,41,Computer Science,10.5220/0002276400130020
B4-R10777,Drug Abuse Ontology to Harness Web-Based Data for Substance Use Epidemiology Research: Ontology Development Study,2022,Jmir Public Health and Surveillance,article,21,Medicine; Psychology,10.2196/24938
B4-R08689,Drunk Driving in the United States: An Examination of Informal and Formal Factors to Explain Variation in DUI Enforcement across U.S. Counties,2012,,article,6,Health Professions; Medicine; Social Sciences,
B4-R05476,DynADL - Dynamic Architecture Description Language for System of Systems,2024,Syscon 2024 18th Annual IEEE International Systems Conference Proceedings,conference-paper,1,Computer Science; Engineering,10.1109/syscon61195.2024.10553612
B4-R03740,Dynamic contracts for distributed temporal logic control of traffic networks,2017,2017 IEEE 56th Annual Conference on Decision and Control Cdc 2017,conference-paper,20,Computer Science; Engineering,10.1109/cdc.2017.8264194
B4-R10905,Dynamic deontic logic and its paradoxes,2008,Studia Logica,article,15,Computer Science,10.1007/s11225-008-9135-4
B4-R16291,Dynamic evolutions based on ontologies,2007,KNOWLEDGE-BASED SYSTEMS,article,13,Computer Science,10.1016/j.knosys.2006.04.017
B4-R16418,Dynamic Frames in Java Dynamic Logic,2011,FORMAL VERIFICATION OF OBJECT-ORIENTED SOFTWARE,Proceedings Paper,14,Computer Science; Mathematics,
B4-R16581,Dynamic Interactive Voice Response System Using Ontology and Java Expert System Shell,2015,PROCEEDINGS OF THE 4TH INTERNATIONAL CONFERENCE ON ECO-FRIENDLY COMPUTING AND COMMUNICATION SYSTEMS,conference-paper,2,Computer Science,10.1016/j.procs.2015.10.049
B4-R03222,Dynamic logic for belief revision,2007,Journal of Applied Non-Classical Logics,article,399,Computer Science,10.3166/jancl.17.129-155
B4-R03221,Dynamic Logic for Plan Revision in Agent Programming,2006,Journal of Logic and Computation,article,5,Computer Science,10.1093/logcom/exi084
B4-R07324,Dynamic Logic of Legal Competences,2021,Journal of Logic Language and Information,article,6,Computer Science; Social Sciences,10.1007/s10849-021-09340-z
B4-R07299,Dynamic Logic of Power and Immunity,2017,Lecture notes in computer science,conference-paper,4,"Computer Science; Economics, Econometrics and Finance",10.1007/978-3-662-55665-8_9
B4-R16447,Dynamic logic programming: Various semantics are equal on acyclic programs,2004,COMPUTATIONAL LOGIC IN MULTI-AGENT SYSTEMS,Article; Proceedings Paper,3,Computer Science; Mathematics,
B4-R09954,"Dynamic Logic, Mode Selection, and Reconstruction Path of Platform Governance in the Perspective of Data Sovereignty",2024,Journal of Library Science in China,Article,3,Social Sciences,10.13530/j.cnki.jlis.2024007
B4-R03403,Dynamic Ontologies and Semantic Web Rules as Bigraphical Reactive Systems,2014,Lecture notes in computer science,conference-paper,1,Computer Science,10.1007/978-3-319-08260-8_8
B4-R08952,Dynamic semantics for agent communication languages,2007,Proceedings of the International Conference on Autonomous Agents,conference-paper,23,Computer Science,10.1145/1329125.1329156
B4-R15342,Dynamic specification of open agent systems,2012,JOURNAL OF LOGIC AND COMPUTATION,article,41,Computer Science,10.1093/logcom/exr018
B4-R16414,Dynamic superiorities in Defeasible Logic,2025,JOURNAL OF LOGIC AND COMPUTATION,article,0,Computer Science,10.1093/logcom/exae029
B4-R15860,Dynamics of formal and informal institutional change in the EU,2003,JOURNAL OF EUROPEAN PUBLIC POLICY,article,162,Social Sciences,10.1080/1350176032000148342
B4-R08769,E-government Tools to Formalise the Informal Economy,2023,SpringerBriefs in economics,book-chapter,6,"Business, Management and Accounting; Economics, Econometrics and Finance; Social Sciences",10.1007/978-3-031-37928-4_3
B4-R02473,EA-CSA-EFFECTIVE-ACT v1.0 The Effective Act: Cross-Species Semantic Labor and the Expansion of Witness,2026,Zenodo (CERN European Organization for Nuclear Research),article,10,Psychology; Social Sciences,10.5281/zenodo.19028176
B4-R02687,"Effect of Formal Contracts, Relational Norms and Trust on Performance of Joint Research and Development Projects",2011,British Journal of Management,article,123,"Business, Management and Accounting",10.1111/j.1467-8551.2011.00791.x
B4-R15062,Effects of commitment-based governance on the relationship between formal control and PPP projects performance: mediating and moderating,2024,ENGINEERING CONSTRUCTION AND ARCHITECTURAL MANAGEMENT,article,6,"Business, Management and Accounting",10.1108/ecam-06-2021-0499
B4-R07148,Effects of Intonation Pattern of Synthesized and Natural Speech Upon Listener Resolution of Semantic Ambiguity,1977,Language and Speech,article,3,Computer Science; Neuroscience; Psychology,10.1177/002383097702000309
B4-R11783,Effects of semantic integration on subject–verb agreement: Evidence from Dutch,2014,Language Cognition and Neuroscience,article,17,Neuroscience; Psychology,10.1080/01690965.2013.862284
B4-R16197,Efficient Compliance Checking Using BPMN-Q and Temporal Logic,2008,BUSINESS PROCESS MANAGEMENT,Proceedings Paper,165,Computer Science; Mathematics,
B4-R14186,Efficient Normalization of Linear Temporal Logic,2023,CoRR,Article,,,10.48550/arxiv.2310.12613
B4-R14188,Efficient Normalization of Linear Temporal Logic,2024,J. ACM,article,3,Computer Science,10.1145/3651152
B4-R16258,Efficient Paraconsistent Reasoning with Ontologies and Rules,2015,PROCEEDINGS OF THE TWENTY-FOURTH INTERNATIONAL JOINT CONFERENCE ON ARTIFICIAL INTELLIGENCE (IJCAI),Proceedings Paper,12,"Computer Science, Artificial Intelligence; Computer Science, Interdisciplinary Applications",
B4-R11829,Efficient semantic segmentation for 3D Gaussian Splatting via confidence-based label assignment,2026,Computer Vision and Image Understanding,article,0,Computer Science,10.1016/j.cviu.2026.104943
B4-R02128,eGovernment Ontologies: Social Participation in Building and Evolution,2010,Proceedings of the Annual Hawaii International Conference on System Sciences,conference-paper,12,Computer Science,10.1109/hicss.2010.174
B4-R15760,EIDSeg: A Pixel-Level Semantic Segmentation Dataset for Post-Earthquake Damage Assessment from Social Media Images,2026,"FORTIETH AAAI CONFERENCE ON ARTIFICIAL INTELLIGENCE, AAAI-26, VOL 40 NO 45",Proceedings Paper,0,Computer Science,
B4-R16572,Elastic IoT Ontologies for Industry 4.0: Methodological Approach and Hybrid Architecture,2026,FUTURE INTERNET,article,0,Computer Science; Engineering,10.3390/fi18050264
B4-R16545,Electric Security Data Integration Framework based on Ontology Reasoning,2018,6TH INTERNATIONAL CONFERENCE ON INFORMATION TECHNOLOGY AND QUANTITATIVE MANAGEMENT,conference-paper,6,Computer Science; Decision Sciences,10.1016/j.procs.2018.10.206
B4-R19121,Electronic Commerce in Kansas - Contract Formation and Formalities under Article 2,1999,Journal of the Kansas Bar Association,,,,
B4-R07053,Electronic Wills and Digital Assets: Reassessing Formality in the Digital Age,2020,SSRN Electronic Journal,preprint,9,"Business, Management and Accounting; Economics, Econometrics and Finance; Social Sciences",
B4-R01016,"Emergence, time and sociality: comparing conceptions of process ontology",2020,Cambridge Journal of Economics,article,8,Arts and Humanities; Social Sciences,10.1093/cje/beaa019
B4-R14104,Emotion-based norm enforcement and maintenance in multi-agent systems: foundations and petri net modeling,2006,AAMAS,conference-paper,32,Physics and Astronomy; Social Sciences,10.1145/1160633.1160646
B4-R10699,Empirically Evaluating the Semantic Qualities of Language Vocabularies,2021,Lecture Notes in Computer Science Including Subseries Lecture Notes in Artificial Intelligence and Lecture Notes in Bioinformatics,conference-paper,4,Computer Science,10.1007/978-3-030-89022-3_26
B4-R06652,Enabling Systems Modeling Language Authoring in a Collaborative Web-based Decision Support Tool,2013,Procedia Computer Science,conference-paper,9,Decision Sciences; Engineering,10.1016/j.procs.2013.01.039
B4-R15249,Enforcing Social Semantic in FIPA-ACL Using SPIN,2020,AGENTS AND MULTI-AGENT SYSTEMS: TECHNOLOGIES AND APPLICATIONS 2019,book-chapter,2,"Business, Management and Accounting; Computer Science; Social Sciences",10.1007/978-981-13-8679-4_1
B4-R10866,Engineering Commitment-Based Multiagent Systems: A Temporal Logic Approach,2003,Proceedings of the International Conference on Autonomous Agents,conference-paper,16,Computer Science; Decision Sciences,10.1145/860575.860719
B4-R12454,Engineering Governance and Interoperability for Healthcare Systems of Systems Through Ontology-Based Modeling,2026,International Conference on System of Systems Engineering Sose,conference-paper,1,Computer Science; Decision Sciences; Engineering; Medicine,10.1109/sose69681.2026.11622351
B4-R05202,Engineering safe autonomous mobile systems of systems using specification (model) based systems architecture & engineering,2013,Syscon 2013 7th Annual IEEE International Systems Conference Proceedings,conference-paper,5,Computer Science,10.1109/syscon.2013.6549944
B4-R15731,ENGLISH NATIVE SPEAKERS READING GERMAN - SYNTACTIC VERSUS SEMANTIC PROBLEMS AND STRATEGIC BEHAVIOR,1994,IRAL-INTERNATIONAL REVIEW OF APPLIED LINGUISTICS IN LANGUAGE TEACHING,Article,4,Social Sciences,
B4-R00646,ENGOnto: Integrated Multiple English Learning Ontology for Personalized Education,2008,Proceedings International Conference on Computer Science and Software Engineering Csse 2008,conference-paper,5,Computer Science,10.1109/csse.2008.9
B4-R00882,Enhancing Clinical Data and Clinical Research Data with Biomedical Ontologies - Insights from the Knowledge Representation Perspective,2019,Yearbook of Medical Informatics,article,15,"Biochemistry, Genetics and Molecular Biology; Computer Science; Health Professions",10.1055/s-0039-1677912
B4-R12173,Enhancing Model-Based System Architecting Through Formalized Decision Management,2024,IEEE International Conference on Automation Science and Engineering,conference-paper,1,Computer Science,10.1109/case59546.2024.10711329
B4-R13232,Enhancing privacy and authorization control scalability in the grid through ontologies,2009,IEEE Transactions on Information Technology in Biomedicine,article,24,Computer Science; Decision Sciences,10.1109/titb.2008.2003369
B4-R06243,Enhancing Regenerative Braking Efficiency in Electric Vehicles: An Advanced Fuzzy Logic-Based Control Strategy,2023,,conference-paper,4,Engineering,10.1109/wiecon-ece60392.2023.10456493
B4-R02665,Enhancing Semantic Web Services with Inheritance,2008,Lecture notes in computer science,conference-paper,14,"Business, Management and Accounting; Computer Science",10.1007/978-3-540-88564-1_11
B4-R07667,Enhancing the Effectiveness of Public Sector Performance Regimes: A Proposed Causal Model for Aligning Governance Design with Performance Logics,2023,Perspectives on Public Management and Governance,article,34,"Business, Management and Accounting; Social Sciences",10.1093/ppmgov/gvac026
B4-R10969,Enriching deontic logic,2019,Journal of Logic and Computation,article,3,Computer Science,10.1093/logcom/exy007
B4-R12756,Enriching RDF-based Document Management System with Semantic-based Reasoning,2023,Dmsviva 2023 Proceedings of the 29th International Dms Conference on Visualization and Visual Languages,Conference Paper,4,,10.18293/dmsviva23-034
B4-R11209,"Enterprise architecture approach for project-based organizations modeling, design, and analysis: An ontology-driven tool proposal",2024,Alexandria Engineering Journal,article,8,"Business, Management and Accounting; Computer Science",10.1016/j.aej.2024.04.052
B4-R14695,Enterprise Architecture Descriptions for Enhancing Local Government Transformation and Coherency Management: Case Study,2011,2011 IEEE 15th International Enterprise Distributed Object Computing Conference Workshops,conference-paper,15,"Business, Management and Accounting; Computer Science",10.1109/edocw.2011.39
B4-R03391,Enterprise Interaction Ontology for Change Impact Analysis of Complex Systems,2008,Proceedings of the 3rd IEEE Asia Pacific Services Computing Conference Apscc 2008,conference-paper,15,"Business, Management and Accounting; Computer Science",10.1109/apscc.2008.200
B4-R07280,Enterprise Isomorphic Mapping Mechanism: Towards Ontology Interoperability in EIS Development,2009,Proceedings IEEE International Conference on E Business Engineering Icebe 2009 IEEE Int Workshops Air 2009 Soaic 2009 Sokmbi 2009 Asoc 2009,conference-paper,4,Computer Science; Social Sciences,10.1109/icebe.2009.53
B4-R00648,Enterprise ontology based splitting and contracting of organizations,2008,Proceedings of the ACM Symposium on Applied Computing,conference-paper,9,"Business, Management and Accounting; Computer Science",10.1145/1363686.1363817
B4-R02170,Enterprise Ontology of Flood Control Domain,2019,Research Repository (Delft University of Technology),dissertation,5,"Business, Management and Accounting; Computer Science",
B4-R01021,Entre Nous: Charles Taylor’s Social Ontology,2021,International Journal of Philosophical Studies,article,1,Psychology; Social Sciences,10.1080/09672559.2021.1992478
B4-R11379,Epilepsy and seizure ontology: Towards an epilepsy informatics infrastructure for clinical research and patient care,2014,Journal of the American Medical Informatics Association,article,84,"Biochemistry, Genetics and Molecular Biology; Computer Science",10.1136/amiajnl-2013-001696
B4-R13373,Epistemic ethicality and agentic artificial intelligence: exploring cognitive affective ontologies of trust and engagement in omnichannel healthcare ecosystems,2026,International Journal of Pharmaceutical and Healthcare Marketing,article,1,Computer Science; Decision Sciences; Social Sciences,10.1108/ijphm-11-2025-0250
B4-R03550,ESCNet: Edge-Semantics Collaborative Network With Multiscale Fusion for Land Cover Classification,2025,IEEE Journal of Selected Topics in Applied Earth Observations and Remote Sensing,article,1,Engineering,10.1109/jstars.2025.3600332
B4-R01064,"Ethical Ontology, Volume III: Gigantomachia peri tes ousias - Controlling Plan V15.4, Governance and Deposit Protocol V2, Deep Research Prompt Register V3, Universal Loss-Condition Register V2.2 (unsealed)",2026,Zenodo (CERN European Organization for Nuclear Research),report,21,,10.5281/zenodo.21881941
B4-R17994,Ethnic fractionalization and informal entrepreneurship: An institutional logics perspective,2025,JOURNAL OF BUSINESS VENTURING,article,5,"Business, Management and Accounting; Economics, Econometrics and Finance; Social Sciences",10.1016/j.jbusvent.2025.106497
B4-R09495,EthVer: Formal Verification of Randomized Ethereum Smart Contracts,2021,Lecture notes in computer science,conference-paper,6,Computer Science,10.1007/978-3-662-63958-0_30
B4-R16829,Evaluating Compliance: From LTL to Abductive Logic Programming,2018,FUNDAMENTA INFORMATICAE,article,1,Computer Science,10.3233/fi-2018-1657
B4-R10628,Evaluating modeling languages: An example from the requirements domain,2014,Lecture Notes in Computer Science,conference-paper,12,Computer Science,10.1007/978-3-319-12206-9_21
B4-R14178,Evaluating Pre-Processing Techniques for the Separated Normal Form for Temporal Logics,2018,PAAR@FLoC,Inproceedings,,,
B4-R12168,"Evaluating Tool Support for Co-Evolution of Modeling Languages, Tools and Models",2023,Proceedings 2023 ACM IEEE International Conference on Model Driven Engineering Languages and Systems Companion Models C 2023,conference-paper,3,Computer Science,10.1109/models-c59198.2023.00144
B4-R01087,Evaluation as Conjecture: Reflective Judgment and the Ontological Ground of Rational Agency,,PhilPapers (PhilPapers Foundation),article,0,Neuroscience; Social Sciences,
B4-R02433,Evaluation of Substrate Hydraulic Properties Amended by Urea–formaldehyde Resin Foam,2012,HortScience,article,4,Engineering; Environmental Science,10.21273/hortsci.47.9.1375
B4-R13327,Evaluation of the trust values among human resources in the enterprise cloud using an optimization algorithm and fuzzy logic,2022,Kybernetes,article,7,Computer Science,10.1108/k-04-2021-0280
B4-R14265,Event Calculus Agent Minds Applied to Diabetes Monitoring,2017,AAMAS Workshops (Selected Papers),conference-paper,9,Computer Science,10.1007/978-3-319-71682-4_16
B4-R03743,Event-triggered Feedback Control for Signal Temporal Logic Tasks,2018,Proceedings of the IEEE Conference on Decision and Control,conference-paper,8,Computer Science,10.1109/cdc.2018.8619000
B4-R07142,Evidence-Grounded Runtime Assurance for AI-Assisted Power-Electronics Design: Three-State Constraint Semantics and Deterministic Validation,2026,Eng—Advances in Engineering,article,0,Computer Science,10.3390/eng7100495
B4-R04173,Evolving a Software Configuration Management Ontology,2008,,article,7,Arts and Humanities; Health Professions,
B4-R13791,Exception handling and recovery of semantic web services,2008,Proceedings 4th International Conference on Networking and Services Icns 2008,conference-paper,30,"Business, Management and Accounting; Computer Science",10.1109/icns.2008.35
B4-R00850,Exchanging Data and Ontological Definitions in Multi-Agent-Contexts Systems.,2015,Rules and Rule Markup Languages for the Semantic Web,article,11,Computer Science,
B4-R01359,Executable specification of open multi-agent systems,2009,Logic Journal of IGPL,article,34,Computer Science; Social Sciences,10.1093/jigpal/jzp071
B4-R00951,Executable Temporal Logic for Distributed A.I,1993,,article,4,Arts and Humanities; Health Professions,
B4-R14037,Existential Rules and Bayesian Networks for Probabilistic Ontological Data Exchange,2015,RuleML,conference-paper,5,Computer Science,10.1007/978-3-319-21542-6_19
B4-R01435,ExpanderGraph-128: A novel graph-theoretic block cipher with formal security analysis and hardware implementation,2026,Integration,article,0,Computer Science,10.1016/j.vlsi.2026.102715
B4-R06992,Expanding Automated Multiconformer Ligand Modeling to Macrocycles and Fragments,2024,bioRxiv (Cold Spring Harbor Laboratory),preprint,1,"Biochemistry, Genetics and Molecular Biology; Computer Science; Materials Science",10.1101/2024.09.20.613996
B4-R06998,Expanding automated multiconformer ligand modeling to macrocycles and fragments,2025,eLife,article,2,"Biochemistry, Genetics and Molecular Biology; Computer Science; Materials Science",10.7554/elife.103797
B4-R01281,Expanding the Capabilities of Ontological Modeling of Legal Knowledge Using Elements of Fuzzy Logic,2024,Cybernetics and computer engineering,article,1,"Computer Science; Economics, Econometrics and Finance; Engineering",10.15407/kvt218.04.029
B4-R13278,Expect the unexpected new perspectives on uncertainty management and value logics in event management,2015,International Journal of Event and Festival Management,article,12,"Business, Management and Accounting",10.1108/ijefm-02-2014-0003
B4-R14934,Experience of Developing a Meta-Semantic Search Engine,2013,2013 INTERNATIONAL CONFERENCE ON CLOUD & UBIQUITOUS COMPUTING & EMERGING TECHNOLOGIES (CUBE 2013),conference-paper,8,Computer Science,10.1109/cube.2013.38
B4-R03037,Experimental Evaluation and Formal Analysis of High‐Level Tasks with Dynamic Obstacle Anticipation on a Full‐Sized Autonomous Vehicle,2017,Journal of Field Robotics,article,13,Computer Science; Engineering,10.1002/rob.21695
B4-R08432,Experiments on semantic interoperability of agent reputation models using the SOARI architecture,2011,Engineering Applications of Artificial Intelligence,article,10,Computer Science; Social Sciences,10.1016/j.engappai.2011.05.004
B4-R08121,Explainable Artificial Intelligence Models for Automated Regulatory Compliance and Policy Enforcement,2025,Shodhshauryam International Scientific Refereed Research Journal,article,1,Computer Science; Medicine; Social Sciences,10.32628/shisrrj258474
B4-R02527,Exploiting semantics and virtualization for SLA‐driven resource allocation in service providers,2009,Concurrency and Computation Practice and Experience,article,17,"Business, Management and Accounting; Computer Science",10.1002/cpe.1468
B4-R15944,Exploring collective consumer innovation in health care: Cases and formal modeling,2021,RESEARCH POLICY,article,12,"Business, Management and Accounting; Economics, Econometrics and Finance; Pharmacology, Toxicology and Pharmaceutics",10.1016/j.respol.2021.104210
B4-R01026,Exploring the notion of inclusivity as facilitating students' ontological engagement for personally relevant learning,2023,European Journal of Education,article,6,Social Sciences,10.1111/ejed.12552
B4-R07452,EXPLORING THE ONTOLOGICAL BASIS OF LAW: JOSEPH RAZ'S VIEWS ON NORMATIVITY WITHIN THE FRAMEWORK OF LEGAL REALISM,2025,International Review of Humanities Studies,article,1,Social Sciences,10.7454/irhs.v10i1.1374
B4-R05828,Exploring Trust Levels Between Universities and Government Institutions: A Fuzzy Logic Approach,2024,Lecture notes in networks and systems,conference-paper,3,Computer Science; Decision Sciences,10.1007/978-3-031-81567-6_39
B4-R08532,Expressing Emotions and Ontological Security in International Organisations,2026,The Hague Journal of Diplomacy,article,0,Psychology; Social Sciences,10.1163/1871191x-bja10238
B4-R15764,Extended Ginzburg-Landau formalism: Systematic expansion in small deviation from the critical temperature,2012,PHYSICAL REVIEW B,article,47,Materials Science; Physics and Astronomy,10.1103/physrevb.85.014502
B4-R07215,Extended Hernquist–Springel formalism for cosmic star formation,2021,Monthly Notices of the Royal Astronomical Society,article,1,Engineering; Physics and Astronomy,10.1093/mnras/stab2845
B4-R15735,Extending OCL with Null-References Towards a Formal Semantics for OCL 2.1,2010,MODELS IN SOFTWARE ENGINEERING,Proceedings Paper,3,Computer Science; Mathematics,
B4-R10754,Extending the ANSI/SPARC architecture database with explicit data semantics: An ontology-based approach,2008,Lecture Notes in Computer Science Including Subseries Lecture Notes in Artificial Intelligence and Lecture Notes in Bioinformatics,conference-paper,15,Computer Science,10.1007/978-3-540-88030-1_27
B4-R05128,Extending the DEVS formalism for massively parallel simulation,1993,Discrete Event Dynamic Systems,article,9,Computer Science; Decision Sciences,10.1007/bf01439849
B4-R00989,Extending the REA-DSL by the Planning Layer of the REA Ontology,2012,Lecture notes in business information processing,conference-paper,4,"Business, Management and Accounting; Computer Science",10.1007/978-3-642-31069-0_45
B4-R04261,Extending the scope of configuration management for the development and life cycle support of systems of systems—An ontology‐driven framework applied to the Enceladus Submarine Exploration Lander,2020,Systems Engineering,article,11,"Business, Management and Accounting; Engineering",10.1002/sys.21532
B4-R09965,Extending UN/CEFACT's modeling methodology by a UML profile for local choreographies,2009,Information Systems and E Business Management,article,4,"Business, Management and Accounting; Computer Science",10.1007/s10257-008-0083-3
B4-R05532,Extending VDM-RT to enable the formal modelling of System of Systems,2012,Proceedings 2012 7th International Conference on System of Systems Engineering Sose 2012,conference-paper,9,Computer Science; Engineering,10.1109/sysose.2012.6384156
B4-R15756,Extending WordNet with UFO foundational ontology,2019,JOURNAL OF WEB SEMANTICS,article,7,Computer Science,10.1016/j.websem.2019.02.002
B4-R03385,Extending XML Query Language Xcerpt by Ontology Queries,2007,Proceedings of the IEEE Wic ACM International Conference on Web Intelligence Wi 2007,conference-paper,17,Computer Science,10.1109/wi.2007.128
B4-R00517,External oriented resources and social enterprises’ performance: The dominant mediating role of formal business planning,2019,Journal of Cleaner Production,article,72,"Business, Management and Accounting; Economics, Econometrics and Finance",10.1016/j.jclepro.2019.117693
B4-R10718,Extracting goal models from natural language requirement specifications,2024,Journal of Systems and Software,article,16,Computer Science,10.1016/j.jss.2024.111981
B4-R05386,"FADYRCOS, a semantic interoperability framework for collaborative model-based dynamic reconfiguration of networked services",2012,Computers in Industry,article,9,"Business, Management and Accounting; Computer Science",10.1016/j.compind.2012.08.007
B4-R12710,Failure detection by pilots during automatic landing: Models and experiments,1977,Journal of Aircraft,article,21,Computer Science; Engineering,10.2514/3.44580
B4-R07433,"Familial geopolitics and ontological security: intergenerational relations, migration and minority youth (in)securities in Scotland",2018,Geopolitics,article,28,Social Sciences,10.1080/14650045.2018.1512098
B4-R09617,Fast Model Adaptation for Automated Section Classification in Electronic Medical Records,2015,Studies in health technology and informatics,book-chapter,8,Computer Science; Health Professions,10.3233/978-1-61499-564-7-35
B4-R04220,FBS Linkage ontology and technique to support engineering change management,2014,Research in Engineering Design,article,70,"Business, Management and Accounting; Engineering",10.1007/s00163-014-0181-9
B4-R00119,FCL: A Formal Language for Writing Contracts,2017,Advances in intelligent systems and computing,conference-paper,9,Computer Science; Social Sciences,10.1007/978-3-319-56157-8_9
B4-R16218,Feature-Level Sentiment Analysis Based on Rules and Fine-Grained Domain Ontology,2020,KNOWLEDGE ORGANIZATION,article,10,Computer Science,10.5771/0943-7444-2020-2-105
B4-R10313,Features of CML: A formal modelling language for Systems of Systems,2012,Proceedings 2012 7th International Conference on System of Systems Engineering Sose 2012,conference-paper,75,Computer Science; Decision Sciences; Engineering,10.1109/sysose.2012.6384144
B4-R18814,FELIX: using rewriting-logic for generating functionally equivalent implementations,2005,"International Conference on Field Programmable Logic and Applications, 2005.",conference-paper,16,Computer Science,10.1109/fpl.2005.1515694
B4-R07432,Feminist Organizational Placemaking: The Relational Ontology of Place and Feminist Care,2018,Women s Studies in Communication,article,8,"Business, Management and Accounting; Social Sciences",10.1080/07491409.2018.1551687
B4-R11799,Ferromagnetic orderings in CoxCuyZn1−(x+y)O by GGA and GGA+U formalisms within density functional theory,2017,Computational Materials Science,article,7,Materials Science; Physics and Astronomy,10.1016/j.commatsci.2016.09.045
B4-R03389,FIDOE: A Framework for Intelligent Distributed Ontologies in Engineering,2008,Proceedings of the ASME Design Engineering Technical Conference,conference-paper,10,"Business, Management and Accounting; Computer Science",10.1115/detc2008-50099
B4-R02366,"Financial intermediation, regulation and the formal microcredit sector in South Africa",2004,Development Southern Africa,article,38,"Economics, Econometrics and Finance; Social Sciences",10.1080/0376835042000325732
B4-R16294,Finding and characterizing changes in ontologies,2002,CONCEPTUAL MODELING - ER 2002,Article; Proceedings Paper,6,Computer Science; Mathematics,
B4-R03604,FLAVOR: A Formal Language for a Posteriori Verification of Legal Rules,2011,Proceedings 2011 IEEE International Symposium on Policies for Distributed Systems and Networks Policy 2011,conference-paper,12,"Business, Management and Accounting; Computer Science; Social Sciences",10.1109/policy.2011.26
B4-R10863,Flexible protocol specification and execution: Applying event calculus planning using commitments,2002,Proceedings of the International Conference on Autonomous Agents,conference-abstract,235,Computer Science,10.1145/544862.544867
B4-R00880,Fluent Editor and Controlled Natural Language in Ontology Development,2019,International Journal of Artificial Intelligence Tools,article,10,Computer Science,10.1142/s0218213019400074
B4-R09524,Focusing on legal cases: Automatic classification of legal documents with sentence embeddings and deep learning models,2026,PLoS ONE,article,1,Computer Science; Social Sciences,10.1371/journal.pone.0350673
B4-R02188,Food process ontology requirements,2022,Semantic Web,article,8,"Biochemistry, Genetics and Molecular Biology; Computer Science",10.3233/sw-223096
B4-R01006,For reflexivity as an epistemic criterion of ontological coherence and virtuous social theorizing,2017,History of the Human Sciences,article,12,Social Sciences,10.1177/0952695117724660
B4-R07182,For your Eyes Only: A Q-Methodology on the Ontology of Happiness Among Chronically Ill Filipino Elderly in a Penal Institution,2011,Journal of Happiness Studies,article,13,Decision Sciences; Psychology,10.1007/s10902-011-9298-y
B4-R16761,Formal Analysis and Design of Supervisor and User Interface Allowing for Non-Deterministic Choices Using Weak Bi-Simulation,2018,APPLIED SCIENCES-BASEL,article,6,Engineering; Medicine; Psychology,10.3390/app8020221
B4-R11057,Formal Analysis of Deontic Logic Model for Ethical Decisions,2025,International Conference on Agents and Artificial Intelligence,conference-paper,3,Computer Science; Social Sciences,10.5220/0013385200003890
B4-R03056,Formal analysis of multi-party contract signing,2004,Proceedings of the Computer Security Foundations Workshop,conference-paper,17,Computer Science,10.1109/csfw.2004.1310746
B4-R03057,Formal Analysis of Multiparty Contract Signing,2006,Journal of Automated Reasoning,article,36,Computer Science,10.1007/s10817-005-9019-5
B4-R05889,Formal Analysis of Trust Dynamics in Human and Software Agent Experiments,2007,Lecture notes in computer science,conference-paper,10,Computer Science; Social Sciences,10.1007/978-3-540-75119-9_24
B4-R01852,Formal and Informal Amendment of the United States Constitution,2018,The American Journal of Comparative Law,article,4,"Economics, Econometrics and Finance; Social Sciences",10.1093/ajcl/avy019
B4-R02688,Formal and informal contracting processes in the competitive dialogue procedure: a multiple-case study,2011,Engineering Project Organization Journal,article,7,"Business, Management and Accounting; Decision Sciences",10.1080/21573727.2011.626403
B4-R02681,Formal and informal external linkages and firms’ innovative strategies. A cross-country comparison,2010,Journal of Evolutionary Economics,article,46,"Business, Management and Accounting; Social Sciences",10.1007/s00191-010-0188-y
B4-R02683,Formal and Informal External Linkages and Firms’ Innovative Strategies: A Cross-Country Comparison,2011,,book-chapter,12,"Business, Management and Accounting; Economics, Econometrics and Finance",10.1007/978-3-642-15886-5_6
B4-R02695,"Formal and informal governance in biotechnology alliances: board oversight, contractual control, and repeated deals",2013,Industrial and Corporate Change,article,18,"Business, Management and Accounting",10.1093/icc/dtt045
B4-R16004,Formal and informal institutional legacies and inward foreign direct investment into firms: Evidence from China,2022,JOURNAL OF INTERNATIONAL BUSINESS STUDIES,article,65,"Business, Management and Accounting; Economics, Econometrics and Finance; Social Sciences",10.1057/s41267-020-00359-1
B4-R15880,Formal and Informal Institutions and Development,2010,WORLD DEVELOPMENT,article,251,"Economics, Econometrics and Finance; Social Sciences",10.1016/j.worlddev.2009.10.008
B4-R15945,Formal and informal institutions under codecision: Continuous constitution-building in Europe,2003,GOVERNANCE-AN INTERNATIONAL JOURNAL OF POLICY ADMINISTRATION AND INSTITUTIONS,article,308,Social Sciences,10.1111/1468-0491.00229
B4-R06382,Formal and Informal Politics in Macao Special Administrative Region Elections 2004–2005,2007,Journal of Contemporary China,article,30,Social Sciences,10.1080/10670560701314248
B4-R08692,Formal and informal quota enforcement,2012,Resource and Energy Economics,article,9,"Economics, Econometrics and Finance; Social Sciences",10.1016/j.reseneeco.2012.10.001
B4-R10398,Formal and probabilistic modeling in design of resilient systems and system-of-systems,2019,AIAA Scitech 2019 Forum,conference-paper,9,Decision Sciences; Engineering,10.2514/6.2019-0223
B4-R02700,"Formal and relational governance in IT outsourcing: substitution, complementarity and the role of the psychological contract",2014,Information Systems Journal,article,85,"Business, Management and Accounting",10.1111/isj.12038
B4-R15582,Formal and relational governance of artificial intelligence outsourcing,2022,INFORMATION SYSTEMS AND E-BUSINESS MANAGEMENT,article,26,"Business, Management and Accounting; Economics, Econometrics and Finance",10.1007/s10257-022-00562-7
B4-R02658,Formal and relational incentives in a multitask model,2006,International Review of Law and Economics,article,11,"Business, Management and Accounting; Decision Sciences; Economics, Econometrics and Finance",10.1016/j.irle.2006.11.007
B4-R09930,Formal and semi-formal verification of a web voting system,2015,International Journal of Web Information Systems,article,1,Computer Science; Social Sciences,10.1108/ijwis-11-2014-0042
B4-R18395,Formal and Social Enforcement in Response to Individual Versus Corporate Transgressions,2016,JOURNAL OF EMPIRICAL LEGAL STUDIES,article,10,Decision Sciences; Neuroscience; Social Sciences,10.1111/jels.12133
B4-R17666,Formal Approach to Dynamic SoS Design,2019,PROCEEDINGS OF THE 14TH INTERNATIONAL CONFERENCE ON EVALUATION OF NOVEL APPROACHES TO SOFTWARE ENGINEERING (ENASE),conference-paper,4,"Business, Management and Accounting; Engineering",10.5220/0007730903770384
B4-R11985,Formal approach to multimedia information systems development,1998,Proceedings of the IEEE International Conference on Systems Man and Cybernetics,Conference Paper,2,Computer Science; Engineering,
B4-R10399,Formal architecture and verification of a smart flood monitoring system-of-systems,2019,International Arab Journal of Information Technology,Article,6,Computer Science,
B4-R12477,Formal aspects of a generic model of trust for electronic commerce,2000,Proceedings of the Hawaii International Conference on System Sciences,Conference Paper,23,,
B4-R05795,Formal Aspects of Security and Trust,2011,Lecture notes in computer science,conference-paper,10,Social Sciences,10.1007/978-3-642-19751-2
B4-R15394,Formal Commitments and States' Interests: Compliance in International Relations INTRODUCTION,2016,INTERNATIONAL INTERACTIONS,article,12,Social Sciences,10.1080/03050629.2016.1187144
B4-R07157,Formal competencies in the innovation systems of the Nordic countries: An analysis based on register data,1998,RePEc: Research Papers in Economics,preprint,9,"Economics, Econometrics and Finance; Social Sciences",
B4-R14139,Formal Contract Logic Based Patterns for Facilitating Compliance Checking against ISO 26262,2018,TERECOM@JURIX,Inproceedings,,,
B4-R02674,Formal Contracts in the Presence of Relational Enforcement Mechanisms: Evidence from Technology Development Projects,2009,Management Science,article,422,"Business, Management and Accounting; Decision Sciences",10.1287/mnsc.1090.0995
B4-R02844,"Formal Contracts, Relational Contracts, and the Threat-Point Effect",2011,American Economic Journal Microeconomics,article,15,"Decision Sciences; Economics, Econometrics and Finance; Social Sciences",10.1257/mic.20130111
B4-R02741,Formal control and trust in monitoring financial accounting outsourcing in hybrid organizations – a multiple case study of municipally owned corporations,2025,International Journal of Public Sector Management,article,2,"Business, Management and Accounting; Economics, Econometrics and Finance",10.1108/ijpsm-03-2024-0062
B4-R16877,Formal digital license language with OTS/CafeOBJ method,2008,"2008 IEEE/ACS INTERNATIONAL CONFERENCE ON COMPUTER SYSTEMS AND APPLICATIONS, VOLS 1-3",conference-paper,12,Computer Science,10.1109/aiccsa.2008.4493599
B4-R05393,Formal framework for specifying dynamic reconfiguration of adaptive systems,2013,IET Software,article,3,Computer Science,10.1049/iet-sen.2012.0163
B4-R01559,Formal Frameworks for Verifying Normative Multi-agent Systems,2016,Lecture notes in computer science,conference-paper,4,Computer Science,10.1007/978-3-319-30734-3_20
B4-R15933,Formal institutional change and informal institutional persistence: the case of Dutch provinces implementing the Spatial Planning Act,2015,ENVIRONMENT AND PLANNING C-GOVERNMENT AND POLICY,article,18,"Economics, Econometrics and Finance; Social Sciences",10.1068/c1391
B4-R15358,Formal institutional context in global strategy research: A layer cake perspective,2024,GLOBAL STRATEGY JOURNAL,article,29,"Business, Management and Accounting",10.1002/gsj.1455
B4-R02727,"Formal institutions, ICSID arbitration and firm performance: evidence from Latin America",2022,Eurasian economic review :,article,13,"Business, Management and Accounting; Economics, Econometrics and Finance",10.1007/s40821-022-00213-4
B4-R05407,Formal methods for a system of systems analysis framework applied to traffic management,2016,2016 11th Systems of Systems Engineering Conference Sose 2016,conference-paper,8,Computer Science; Engineering,10.1109/sysose.2016.7542918
B4-R15739,Formal Methods for Industrial Critical Systems,2024,INTERNATIONAL JOURNAL ON SOFTWARE TOOLS FOR TECHNOLOGY TRANSFER,article,1,Computer Science; Engineering,10.1007/s10009-024-00744-3
B4-R12240,Formal methods for the re-engineering of computing systems: A comparison,1997,Proceedings IEEE Computer Society S International Computer Software and Applications Conference,Conference Paper,16,Computer Science,
B4-R14981,Formal modeling and analysis of atomic commitment protocols,2000,"SEVENTH INTERNATIONAL CONFERENCE ON PARALLEL AND DISTRIBUTED SYSTEMS, PROCEEDINGS",conference-paper,2,Computer Science,10.1109/icpads.2000.857694
B4-R05323,Formal Modeling and Strategy Synthesis for Resource Optimization in System of Systems,2025,International Conference on System of Systems Engineering Sose,conference-paper,2,Decision Sciences; Engineering,10.1109/sose66311.2025.11083869
B4-R03045,Formal Modeling and Verification of ERC Smart Contracts: Application to NFT,2023,Proceedings IEEE Symposium on Computers and Communications,conference-paper,10,Computer Science,10.1109/iscc58397.2023.10218105
B4-R11879,Formal modeling and verification of sensor network encryption protocol in the OTS/CafeOBJ method,2010,Lecture Notes in Computer Science Including Subseries Lecture Notes in Artificial Intelligence and Lecture Notes in Bioinformatics,conference-paper,4,Computer Science,10.1007/978-3-642-16558-0_9
B4-R03040,Formal Modeling of Smart Contracts for Quality Acceptance in Construction,2020,,conference-paper,9,"Business, Management and Accounting; Computer Science; Engineering",10.3311/ccc2020-026
B4-R02578,Formal Modeling of Trust in Autonomous Delivery Vehicles,2025,Lecture notes in computer science,conference-paper,1,Psychology; Social Sciences,10.1007/978-3-032-10794-7_14
B4-R05249,Formal modeling systems-of-systems missions with mKAOS,2018,Proceedings of the ACM Symposium on Applied Computing,conference-paper,7,Computer Science; Engineering,10.1145/3167132.3167311
B4-R05545,Formal Models and Analysis for Self-adaptive Cyber-physical Systems,2017,Lecture notes in computer science,conference-paper,4,Computer Science; Engineering,10.1007/978-3-319-57666-4_1
B4-R16213,Formal Nonmonotonic Theories and Properties of Human Defeasible Reasoning,2017,MINDS AND MACHINES,article,11,Computer Science,10.1007/s11023-016-9414-1
B4-R00957,Formal Ontology Engineering in the DOGMA Approach,2002,Lecture notes in computer science,conference-paper,105,Computer Science,10.1007/3-540-36124-3_78
B4-R02083,"Formal Ontology in Information Systems : Proceedings of the First International Conference(FOIS'98), June 6-8, Trento, Italy",1998,,article,471,Computer Science,
B4-R02084,"Formal Ontology in Information Systems: Proceedings of the 1st International Conference June 6-8, 1998, Trento, Italy",1998,IOS Press eBooks,book,130,Computer Science,
B4-R11729,Formal paraphasias: A single case study,1990,Brain and Language,article,42,Neuroscience; Psychology,10.1016/0093-934x(90)90136-5
B4-R07041,Formal Process Virtual Machine for Smart Contracts Verification,2018,International Journal of Performability Engineering,article,20,"Business, Management and Accounting; Computer Science",10.23940/ijpe.18.08.p9.17261734
B4-R02835,Formal proof of a program: Find,2006,Science of Computer Programming,article,17,Computer Science,10.1016/j.scico.2006.10.002
B4-R16760,Formal reasoning on knowledge and commitments in multi-agent systems using Theatre,2020,SIMULATION-TRANSACTIONS OF THE SOCIETY FOR MODELING AND SIMULATION INTERNATIONAL,article,6,Computer Science,10.1177/0037549719879753
B4-R02545,Formal Reasoning Using an Iterative Approach with an Integrated Web IDE,2015,Electronic Proceedings in Theoretical Computer Science,article,6,Computer Science,10.4204/eptcs.187.5
B4-R16466,Formal Requirement Enforcement on Smart Contracts based on Linear Dynamic Logic,2018,"IEEE 2018 INTERNATIONAL CONGRESS ON CYBERMATICS / 2018 IEEE CONFERENCES ON INTERNET OF THINGS, GREEN COMPUTING AND COMMUNICATIONS, CYBER, PHYSICAL AND SOCIAL COMPUTING, SMART DATA, BLOCKCHAIN, COMPUTER AND INFORMATION TECHNOLOGY",conference-paper,6,Computer Science,10.1109/cybermatics_2018.2018.00181
B4-R19215,Formal Requirements for the Conclusion and Modifications of Contracts under the Ethiopian Civil Code of 1960,1967,Journal of Ethiopian Law,,,,
B4-R02642,Formal Semantics for Behavioural Substitutability of Agent Components: Application to Interaction Protocols,2002,Lecture notes in computer science,conference-paper,5,Computer Science,10.1007/3-540-45941-3_14
B4-R07916,Formal Specification and Analysis of Trusted Communities,2010,,conference-paper,5,Computer Science; Social Sciences,10.1109/sasow.2010.39
B4-R10823,Formal Specification and Automatic Verification of Conditional Commitments,2015,IEEE Intelligent Systems,article,8,Computer Science,10.1109/mis.2015.6
B4-R02848,Formal specification and management of security policies with collective group obligations,2013,Journal of Computer Security,article,6,Computer Science; Social Sciences,10.3233/jcs-2012-0459
B4-R03096,Formal Specification and Verification of Hyperledger Fabric Chaincode,2018,Repository KITopen (Karlsruhe Institute of Technology),conference-paper,15,Computer Science,10.5445/ir/1000092715
B4-R11370,Formal specification and verification of multi-agent robotics software systems: A case study,2009,Icaart 2009 Proceedings of the 1st International Conference on Agents and Artificial Intelligence,Conference Paper,5,"Computer Science, Artificial Intelligence; Computer Science, Software Engineering",
B4-R02880,Formal Specification and Verification of Smart Contract-Based Loan Management System Using TLA+,2025,IEEE Access,article,4,"Business, Management and Accounting; Economics, Econometrics and Finance",10.1109/access.2025.3558081
B4-R03038,Formal Specification and Verification of Smart Contracts for Azure Blockchain,2018,arXiv (Cornell University),preprint,58,Computer Science; Social Sciences,10.48550/arxiv.1812.08829
B4-R02116,FORMAL SPECIFICATION APPROACH OF ROLE DYNAMICS IN AGENT ORGANISATIONS: APPLICATION TO THE SATISFACTION-ALTRUISM MODEL,2007,International Journal of Software Engineering and Knowledge Engineering,article,13,"Business, Management and Accounting; Computer Science",10.1142/s0218194007003392
B4-R12475,Formal specification of automated auditing of trustworthy trade procedures for open electronic commerce,1999,Proceedings of the Hawaii International Conference on System Sciences,Conference Paper,7,,
B4-R06317,Formal Specification of Interaction in Agent Societies,2003,Lecture notes in computer science,conference-paper,81,Computer Science,10.1007/978-3-540-45133-4_4
B4-R02094,Formal specification of multi-agent systems: approach based on meta-models and high-level Petri nets - case study of a transportation system,2003,,conference-paper,9,"Business, Management and Accounting; Computer Science",10.1109/icsmc.2002.1176397
B4-R11361,Formal specification of multi-agent systems: Approach based on meta-models and high-level Petri nets - Case study of a transportation system,2002,Proceedings of the IEEE International Conference on Systems Man and Cybernetics,Conference Paper,7,,
B4-R10890,Formal specification of security requirements using the theory of normative positions,1992,Lecture Notes in Computer Science Including Subseries Lecture Notes in Artificial Intelligence and Lecture Notes in Bioinformatics,conference-paper,42,Computer Science; Social Sciences,10.1007/bfb0013894
B4-R01681,Formal Specification Verification of Settlement Protocols in Macroeconomic Dynamic Models: Auditing Fiscal Protocols via Mosler's Tax-Driven Production and the Genesis Model,2026,Zenodo (CERN European Organization for Nuclear Research),preprint,6,"Business, Management and Accounting; Economics, Econometrics and Finance",10.5281/zenodo.22369549
B4-R03055,Formal specifications for a project management approach,2002,,conference-paper,4,"Business, Management and Accounting; Computer Science",10.1109/icsmc.1995.537929
B4-R11360,Formal specifications for a project management approach,1995,Proceedings of the IEEE International Conference on Systems Man and Cybernetics,Conference Paper,3,,
B4-R15543,Formal Trade and the Informal Economy: Evidence From GATT/WTO Membership,2026,WORLD ECONOMY,article,4,"Economics, Econometrics and Finance",10.1111/twec.70051
B4-R14304,Formal Trust Model for Multiagent Systems,2007,IJCAI,Inproceedings,,,
B4-R07220,Formal Verification and Analysis of 5G AKA Protocol Using Mixed Strand Space Model,2022,Electronics,article,12,Computer Science; Engineering,10.3390/electronics11091333
B4-R01370,Formal Verification and Synthesis for Quality-of- Service in On-Chip Networks,2013,eScholarship (California Digital Library),dissertation,7,Computer Science,
B4-R03051,Formal Verification of Blockchain Consensus Mechanisms Using Event-B,2026,Journal of Visualized Experiments,article,0,"Business, Management and Accounting; Computer Science",10.3791/70193
B4-R09510,Formal Verification of Cyber-Physical Systems Using Domain-Specific Abstractions,2024,Lecture notes in computer science,conference-paper,1,Computer Science,10.1007/978-3-031-77382-2_1
B4-R10812,Formal verification of distributed transaction management in a SOA based control system,2011,Proceedings 18th IEEE International Conference and Workshops on Engineering of Computer Based Systems Ecbs 2011,conference-paper,8,Computer Science,10.1109/ecbs.2011.14
B4-R15153,Formal verification of group and propagated trust in multi-agent systems,2022,AUTONOMOUS AGENTS AND MULTI-AGENT SYSTEMS,article,31,Computer Science; Social Sciences,10.1007/s10458-021-09542-6
B4-R07175,Formal Verification of IEEE802.16m PKMv3 Protocol Using CasperFDR,2010,Communications in computer and information science,conference-paper,13,Computer Science; Engineering,10.1007/978-3-642-15766-0_101
B4-R03047,Formal Verification of Solidity Smart Contracts via Automata Theory,2025,Symmetry,article,1,Computer Science,10.3390/sym17081275
B4-R03039,Formal Verification of Workflow Policies for Smart Contracts in Azure Blockchain,2020,Lecture notes in computer science,conference-paper,60,Computer Science,10.1007/978-3-030-41600-3_7
B4-R11902,Formal Verification of Decentralized Autonomous Organizations,2026,Lecture Notes in Computer Science,conference-paper,0,Computer Science,10.1007/978-3-032-26752-8_17
B4-R07180,Formal versus Informal Default in Consumer Credit,2011,2012 Meeting Papers,article,16,"Business, Management and Accounting; Economics, Econometrics and Finance",
B4-R02702,Formal versus Informal Monitoring in Teams,2015,American Economic Journal Microeconomics,article,31,Decision Sciences; Social Sciences,10.1257/mic.20130277
B4-R07184,Formal vs. Informal Default in Consumer Credit,2012,RePEc: Research Papers in Economics,preprint,12,"Business, Management and Accounting; Economics, Econometrics and Finance",
B4-R02637,Formalisation of B in Isabelle/HOL,1998,Lecture notes in computer science,conference-paper,24,Computer Science,10.1007/bfb0053356
B4-R08671,Formalising deductive coherence : an application to norm evaluation,2008,Dipòsit Digital de Documents de la UAB (Universitat Autònoma de Barcelona),dissertation,5,Computer Science,
B4-R16845,Formalising Liveness Properties in Event-B with the Reflexive EB4EB Framework,2023,"NASA FORMAL METHODS, NFM 2023",conference-paper,11,Chemistry; Computer Science,10.1007/978-3-031-33170-1_19
B4-R07029,Formalising Message Exchange Patterns using BPEL Light,2008,"2008 IEEE INTERNATIONAL CONFERENCE ON SERVICES COMPUTING, PROCEEDINGS, VOL 1",conference-paper,11,"Business, Management and Accounting; Computer Science",10.1109/scc.2008.97
B4-R12438,Formalising Overdetermination in a Labelled Transition System,2025,Proceedings of the International Joint Conference on Autonomous Agents and Multiagent Systems Aamas,Conference Paper,1,Computer Science; Engineering,
B4-R09593,Formalising trust for online communities,2005,,conference-paper,5,Computer Science; Social Sciences,10.1145/1082473.1082715
B4-R07195,Formalism or pluralism? A reply to commentaries on ‘Causality and causal inference in epidemiology’,2016,International Journal of Epidemiology,letter,50,"Economics, Econometrics and Finance; Environmental Science; Mathematics",10.1093/ije/dyw298
B4-R08947,"Formalism, Realism, and the War on Drugs",2001,Scholarship - GEORGETOWN LAW (Georgetown University),article,4,Social Sciences,
B4-R03369,Formalization and Structural Disclosure of the Ontological System: A Definitive Breakthrough Beyond the Is–Ought Gap,,PhilPapers (PhilPapers Foundation),article,0,Neuroscience; Social Sciences,
B4-R11611,Formalization as a tool for environmental peacebuilding? Artisanal and small-scale mining in Liberia and Sierra Leone,2021,International Affairs,article,20,"Economics, Econometrics and Finance; Engineering; Social Sciences",10.1093/ia/iiaa199
B4-R11651,Formalization beyond legalization: ENAMI and the promotion of small-scale mining in Chile,2023,Journal of Rural Studies,article,17,Engineering; Social Sciences,10.1016/j.jrurstud.2023.02.004
B4-R08661,Formalization of a voting protocol for virtual organizations,2005,Proceedings of the International Conference on Autonomous Agents,conference-paper,35,Computer Science,10.1145/1082473.1082530
B4-R03616,FORMALIZED DESCRIPTION OF ASSESSMENT PROCEDURES OF TENDER OFFERS (OF THE CONSTRUCTION ORGANIZER AND CONTRACTING COMPANIES) IN CASE OF ENGINEERING CONTROL SCHEME,2016,Vestnik MGSU,article,11,"Economics, Econometrics and Finance; Engineering",10.22227/1997-0935.2016.10.105-111
B4-R07050,Formalized description of the process of vessel's engagement for carriage of cargo,2019,Collection of scientific works of the State University of Infrastructure and Technologies series Transport Systems and Technologies,article,4,"Business, Management and Accounting",10.32703/2617-9040-2019-34-2-9
B4-R16445,FORMALIZING AND IMPLEMENTING GRIES PROGRAM-DEVELOPMENT METHOD IN DYNAMIC LOGIC,1992,SCIENCE OF COMPUTER PROGRAMMING,article,6,Computer Science,10.1016/0167-6423(92)90035-a
B4-R03084,Formalizing and Verifying the Behaviors of Interacting Smart Contracts Using Model Checking,2022,SSRN Electronic Journal,preprint,4,"Business, Management and Accounting; Computer Science; Social Sciences",10.2139/ssrn.4048956
B4-R11537,Formalizing China's armed police: The 2009 PAP Law,2011,Crime Law and Social Change,article,3,Social Sciences,10.1007/s10611-011-9289-2
B4-R05679,FORMALIZING COLLABORATION-ORIENTED SERVICE SPECIFICATIONS USING TEMPORAL LOGIC,2007,International Conference on Networking,conference-paper,17,"Business, Management and Accounting; Computer Science",
B4-R10815,Formalizing commitments using action languages,2012,Lecture Notes in Computer Science Including Subseries Lecture Notes in Artificial Intelligence and Lecture Notes in Bioinformatics,conference-paper,9,Computer Science,10.1007/978-3-642-29113-5_6
B4-R06961,Formalizing Displacement: International Law and Population Transfers,2016,International Journal of Constitutional Law,article,24,Social Sciences,10.1093/icon/mow033
B4-R00762,Formalizing ontological commitments,1994,,article,60,"Biochemistry, Genetics and Molecular Biology; Computer Science",
B4-R02363,Formalizing the Informal Sector: Barriers and Costs,1995,Development and Change,article,39,"Economics, Econometrics and Finance",10.1111/j.1467-7660.1995.tb00545.x
B4-R08545,Formalizing the Informal? The Transformation of Cairo's Refuse Collection System,1996,Journal of Planning Education and Research,article,58,Social Sciences,10.1177/0739456x9601600204
B4-R17719,Formalizing the specification and execution of workflows using the event calculus,2006,INFORMATION SCIENCES,article,29,"Business, Management and Accounting; Computer Science",10.1016/j.ins.2005.10.007
B4-R07065,"Formalizing, Verifying and Applying ISA Security Guarantees as Universal Contracts",2023,arXiv (Cornell University),conference-paper,7,Computer Science,10.48550/arxiv.2306.05128
B4-R05245,Formally Describing Self-organizing Architectures for Systems-of-Systems on the Internet-of-Things,2018,Lecture notes in computer science,conference-paper,10,Computer Science; Engineering,10.1007/978-3-030-00761-4_2
B4-R10367,Formally Describing the Architectural Behavior of Software-Intensive Systems-of-Systems with SosADL,2016,Proceedings of the IEEE International Conference on Engineering of Complex Computer Systems ICECCS,conference-paper,27,Computer Science; Engineering,10.1109/iceccs.2016.012
B4-R14558,Formally describing the software architecture of Systems-of-Systems with SosADL,2016,2016 11th System of Systems Engineering Conference (SoSE),conference-paper,81,Computer Science; Engineering,10.1109/sysose.2016.7542926
B4-R03588,Formally specifying temporal constraints and error recovery,2002,Proceedings of the IEEE International Conference on Requirements Engineering,conference-paper,36,Computer Science,10.1109/isre.1993.324856
B4-R12181,Formulation of an Ontology-Based Digital Thread for Analysis and Decision Support Activities,2025,AIAA Science and Technology Forum and Exposition AIAA Scitech Forum 2025,conference-paper,4,"Business, Management and Accounting; Computer Science",10.2514/6.2025-1092
B4-R17988,Fostering distributed business logic in Open Collaborative Networks: an integrated approach based on semantic and swarm coordination,2018,INFORMATION SYSTEMS FRONTIERS,article,7,"Business, Management and Accounting; Computer Science",10.1007/s10796-016-9691-5
B4-R15744,Four formal(izable) theories of the firm?,2005,JOURNAL OF ECONOMIC BEHAVIOR & ORGANIZATION,article,680,"Business, Management and Accounting",10.1016/j.jebo.2004.09.010
B4-R16491,"FOWLA, A Federated Architecture for Ontologies",2015,"RULE TECHNOLOGIES: FOUNDATIONS, TOOLS, AND APPLICATIONS",conference-paper,12,Computer Science,10.1007/978-3-319-21542-6_7
B4-R02194,Frames and ontologies in the water conflict at Pampa Colorada in Chile,2024,World Water Policy,article,3,Engineering; Social Sciences,10.1002/wwp2.12234
B4-R05285,Framework for Formal Verification of Machine Learning Based Complex System‐of‐System,2021,INCOSE International Symposium,conference-paper,10,Engineering,10.1002/j.2334-5837.2021.00840.x
B4-R05303,Framework for Formal Verification of Machine Learning Based Complex System‐of‐Systems,2023,Insight,article,48,Engineering,10.1002/inst.12434
B4-R11642,Framing digital future: Selective formalization and legitimation of ridehailing platforms in Estonia,2022,Geoforum,article,29,"Business, Management and Accounting; Engineering; Social Sciences",10.1016/j.geoforum.2021.01.016
B4-R11824,From Ambiguous Language to Verifiable Plans: Integrating Formal Synthesis and Dynamic Affordance Reasoning,2026,IEEE Transactions on Robotics,article,0,Computer Science,10.1109/tro.2026.3718074
B4-R00120,From an Ontology of Service Contracts to Contract Modeling in Enterprise Architecture,2017,Proceedings 2017 IEEE 21st International Enterprise Distributed Object Computing Conference Edoc 2017,conference-paper,31,"Business, Management and Accounting; Computer Science",10.1109/edoc.2017.15
B4-R12604,From belief to trust: A quantitative framework based on modal logic,2022,Journal of Logic and Computation,article,6,Computer Science; Social Sciences,10.1093/logcom/exac016
B4-R01990,From cognitive overload to institutional escalation: formalizing the supply-demand production condition in patient-safety failure,2026,Frontiers in Health Services,article,0,"Economics, Econometrics and Finance; Health Professions; Medicine",10.3389/frhs.2026.1846144
B4-R00741,From Divine Illumination to the Clearing of Being: Heidegger’s Ontological Turn in the Grounding of Truth Beyond Aquinas,2026,Religions,article,0,Arts and Humanities; Psychology,10.3390/rel17050506
B4-R18602,From DSM-Based Planning to Design Process Simulation: A Review of Process Scheme Logic Verification Issues,2009,IEEE Transactions on Engineering Management,article,72,"Business, Management and Accounting; Engineering",10.1109/tem.2009.2032032
B4-R02320,From formal contracts to psychological contracts: a dual-contract process model of corporate governance,2026,International Journal of Organization Theory and Behavior,article,0,"Business, Management and Accounting; Social Sciences",10.1108/ijotb-05-2026-0145
B4-R13635,From Formalism to Flexibility: Mitigating the Legal Rigidity of Real Estate Transactions in Iraq,2025,Manchester Journal of Transnational Islamic Law and Practice,Article,0,Arts and Humanities; Social Sciences,
B4-R07340,From God to Technology: Multiple Ontologies of Reproductive Time,2023,Sociology,article,3,Arts and Humanities; Medicine; Social Sciences,10.1177/00380385231217585
B4-R06069,From Hopeful Heroes to Cynical Martyrs: Identity Work and the Path‐Dependent Identification with Maladaptive Logics,2025,Journal of Management Studies,article,6,"Business, Management and Accounting; Social Sciences",10.1111/joms.13173
B4-R16080,From Institutions to Code: Towards Automated Generation of Smart Contracts,2016,2016 IEEE 1ST INTERNATIONAL WORKSHOPS ON FOUNDATIONS AND APPLICATIONS OF SELF* SYSTEMS (FAS*W),conference-paper,228,"Business, Management and Accounting; Computer Science; Decision Sciences",10.1109/fas-w.2016.53
B4-R10737,From interaction to evolution: A behavior-driven framework for automated software requirements elicitation,2026,Automated Software Engineering,article,0,Computer Science,10.1007/s10515-026-00593-1
B4-R11932,"From joint attention to communicative action: Some remarks on critical theory, social ontology and cognitive science",2015,Philosophy and Social Criticism,article,3,Arts and Humanities; Social Sciences,10.1177/0191453714556693
B4-R16522,From Natural Language to Executable Healthcare Workflows: HELIOS Ontology-Guided AI Framework,2026,"ADVANCED INFORMATION NETWORKING AND APPLICATIONS, AINA-2026, VOL 4",conference-paper,0,"Business, Management and Accounting; Computer Science; Health Professions",10.1007/978-3-032-23304-2_7
B4-R14737,From natural language to formal proof goal - Structured goal formalisation applied to medical guidelines,2006,"MANAGING KNOWLEDGE IN A WORLD OF NETWORKS, PROCEEDINGS",Article; Proceedings Paper,3,Computer Science; Mathematics,
B4-R10580,From natural language to formal proof goal* structured goal formalisation applied to medical guidelines (extended abstract),2006,Lecture Notes in Computer Science Including Subseries Lecture Notes in Artificial Intelligence and Lecture Notes in Bioinformatics,conference-paper,6,Computer Science,10.1007/11891451_8
B4-R15573,From Outermost Reduction Semantics to Abstract Machine,2014,"LOGIC-BASED PROGRAM SYNTHESIS AND TRANSFORMATION, LOPSTR 2013",conference-paper,4,Computer Science,10.1007/978-3-319-14125-1_6
B4-R03955,From Petri Nets to Guard-Stage-Milestone Models,2013,Lecture notes in business information processing,conference-paper,13,"Business, Management and Accounting; Computer Science",10.1007/978-3-642-36285-9_38
B4-R13922,From Pixels to Semantics: Self-Supervised Video Object Segmentation with Multiperspective Feature Mining,2022,IEEE Transactions on Image Processing,article,7,Computer Science,10.1109/tip.2022.3201603
B4-R00822,From Relational Ontology to Transformative Activist Stance on Development and Learning: Expanding Vygotsky’s (CHAT) Project,2011,Marxism and Education,book-chapter,30,Psychology; Social Sciences,10.1057/9780230119864_8
B4-R05857,From Reputation Models and Systems to Reputation Ontologies,2011,IFIP International Federation for Information Processing/IFIP,conference-paper,11,Computer Science; Social Sciences,10.1007/978-3-642-22200-9_10
B4-R16256,From Rule Engines to Ontologies: An OWL 2 DL Approach for Domain-Specific Evaluation Information Systems,2026,COMPUTERS,article,0,Computer Science,10.3390/computers15080544
B4-R12761,From Scalp to Ear-EEG: A Generalizable Transfer Learning Model for Automatic Sleep Scoring in Older People,2024,IEEE Journal of Translational Engineering in Health and Medicine,article,9,Medicine; Neuroscience; Psychology,10.1109/jtehm.2024.3388852
B4-R17234,From structure from motion to historical building information modeling: populating a semantic -aware library of architectural elements,2017,JOURNAL OF ELECTRONIC IMAGING,article,49,Earth and Planetary Sciences; Engineering; Environmental Science,10.1117/1.jei.26.1.011007
B4-R03672,From Text to Executable Semantics: A Modular Ontology and SHACL Controls for University Intellectual Property Non-Disclosure Agreements in Colombia,2026,Applied Sciences,article,0,"Business, Management and Accounting; Computer Science",10.3390/app16157617
B4-R00235,From Trust and Forgiveness to Social Capital and Justice: Formal Models of Social Processes in Open Distributed Systems,2016,,book-chapter,7,Computer Science; Psychology; Social Sciences,10.1007/978-3-319-29201-4_7
B4-R13370,From Trust to Corporate Agency: An Argument in Social Ontology,2026,Utilitas,article,0,Arts and Humanities; Neuroscience,10.1017/s0953820826100387
B4-R05698,From UML to SRN: A performability modeling framework considering service components deployment,2012,,article,4,Computer Science,
B4-R05811,FTE: A Fuzzy Logic Based Trust Establishment Model for Intelligent Agents,2015,Proceedings 2015 IEEE Wic ACM International Joint Conference on Web Intelligence and Intelligent Agent Technology Wi Iat 2015,conference-paper,10,Computer Science; Social Sciences,10.1109/wi-iat.2015.105
B4-R06372,Function Over Formalism: A Provisional Theory of the Constitutional Law of Crime and Punishment,2004,Federal Sentencing Reporter,article,4,"Economics, Econometrics and Finance; Social Sciences",10.1525/fsr.2004.17.1.001
B4-R10900,Fundamental legal concepts: A formal and teleological characterisation,2006,Artificial Intelligence and Law,article,93,Computer Science; Social Sciences,10.1007/s10506-006-9009-x
B4-R09643,Fusing Global Domain Information and Local Semantic Information to Classify Financial Documents,2020,International Conference on Information and Knowledge Management Proceedings,conference-paper,12,Computer Science; Decision Sciences,10.1145/3340531.3412707
B4-R18637,Fusing Results of Several Deep Learning Architectures for Automatic Classification of Normal and Diabetic Macular Edema in Optical Coherence Tomography,2018,2018 40th Annual International Conference of the IEEE Engineering in Medicine and Biology Society (EMBC),conference-paper,37,Computer Science; Medicine,10.1109/embc.2018.8512371
B4-R02563,Future Applications of Blockchain in Education Sector: A Semantic Review,2022,Communications in computer and information science,conference-paper,4,Computer Science,10.1007/978-981-16-9576-6_8
B4-R05437,Fuzzy Architecture Description for Handling Uncertainty in IoT Systems-of-Systems,2020,Sose 2020 IEEE 15th International Conference of System of Systems Engineering Proceedings,conference-paper,6,Computer Science; Engineering,10.1109/sose50414.2020.9130553
B4-R13286,Fuzzy logic based cloud service trustworthiness model,2016,Proceedings of 2nd IEEE International Conference on Engineering and Technology Icetech 2016,conference-paper,13,Computer Science,10.1109/icetech.2016.7569215
B4-R06134,Fuzzy logic based integrated control of Anti-lock Brake System and Collision Avoidance System using CAN for electric vehicles,2009,,conference-paper,16,Engineering,10.1109/icit.2009.4939720
B4-R06228,"Fuzzy Logic, Artificial Neural Network, and Adaptive Neuro-Fuzzy Inference Methodology for Soft Computation and Modeling of Ion Sensing Data of a Terpyridyl-Imidazole Based Bifunctional Receptor",2022,Frontiers in Chemistry,article,21,Chemical Engineering; Chemistry; Engineering,10.3389/fchem.2022.864363
B4-R13364,Fuzzy Logic-Driven Strategies for Diversity and Inclusion in Multicultural Marketing,2025,Diversity and Inclusion Driven Marketing for Multicultural Marketplaces,book-chapter,5,"Business, Management and Accounting; Social Sciences",10.4018/979-8-3373-2111-0.ch009
B4-R05735,Fuzzy-Logical model for analysis of sustainable development of fuel and energy complex enterprises,2023,AIMS energy,article,4,"Business, Management and Accounting; Economics, Econometrics and Finance; Environmental Science",10.3934/energy.2023046
B4-R19035,G.H. Wright and Deontic Logic,2001,Pravny Obzor: Teoreticky Casopis Pre Otazky Statu a Prava,,,,
B4-R16592,Gaze-guided activity recognition for task-specific personal protective equipment compliance monitoring in hot work: An ontology-computer vision approach,2026,ADVANCED ENGINEERING INFORMATICS,article,2,Decision Sciences; Health Professions; Psychology,10.1016/j.aei.2025.104211
B4-R15541,Gender and property formalization: Conventional and alternative approaches,2007,WORLD DEVELOPMENT,article,67,Agricultural and Biological Sciences; Social Sciences,10.1016/j.worlddev.2007.06.005
B4-R15579,Gender matters: From L1 grammar to L2 semantics,2018,BILINGUALISM-LANGUAGE AND COGNITION,article,12,Arts and Humanities; Neuroscience; Psychology,10.1017/s1366728916000766
B4-R15865,"Gender, Power and Institutional Change - The Role of Formal and Informal Institutions in Promoting Women's Political Representation in Ghana",2019,JOURNAL OF ASIAN AND AFRICAN STUDIES,article,26,Social Sciences,10.1177/0021909618787851
B4-R13369,Gendered legitimacy and hybrid cultural logics in women’s international entrepreneurship: evidence from Nigerian female entrepreneurs,2026,International Journal of Gender and Entrepreneurship,article,0,"Business, Management and Accounting; Social Sciences",10.1108/ijge-02-2025-0047
B4-R03199,General Dynamic Logic,1994,,book-chapter,12,Computer Science,10.1093/oso/9780198538592.003.0004
B4-R02830,Generalized Metrics and Topology in Logic Programming Semantics,2001,"Cork Open Research Archive (University College Cork, Ireland)",dissertation,114,Computer Science,
B4-R02699,Generalized model of n-heptane pyrolysis and steam cracking kinetics based on automated reaction network generation,2014,Journal of Analytical and Applied Pyrolysis,article,25,Chemistry; Engineering,10.1016/j.jaap.2014.06.017
B4-R16796,Generalized Robust MTL Semantics for Problems in Cardiac Electrophysiology,2018,2018 ANNUAL AMERICAN CONTROL CONFERENCE (ACC),Proceedings Paper,4,Engineering,
B4-R11484,Geographic representation in parliamentary questions: the benefits of Wikipedia for automated analyses of legislative text,2026,Journal of Legislative Studies,article,2,Computer Science; Social Sciences,10.1080/13572334.2025.2518633
B4-R07036,"Getting One for Two, or the Contractors’ Bad Deal. Towards a Unified Solution to the Semantic Paradoxes",2015,"Logic, epistemology, and the unity of science",book-chapter,16,Computer Science; Psychology,10.1007/978-94-017-9673-6_23
B4-R00607,GO-FOR: A Goal-Oriented Framework for Ontology Reuse,2019,Proceedings 2019 IEEE 20th International Conference on Information Reuse and Integration for Data Science Iri 2019,conference-paper,5,"Business, Management and Accounting; Computer Science",10.1109/iri.2019.00028
B4-R10698,Goal-Centralized Metamodel Based Requirements Integration for Machine Learning Systems,2021,Proceedings Asia Pacific Software Engineering Conference APSEC,conference-paper,5,Computer Science,10.1109/apsecw53869.2021.00013
B4-R07295,Good in a crisis: the ontological institutionalism of social constructivism,2016,New Political Economy,article,229,"Economics, Econometrics and Finance; Social Sciences",10.1080/13563467.2016.1158800
B4-R16013,Governance and Deforestation: Understanding the Role of Formal Rule-Acknowledgement by Residents in Brazilian Extractive Reserves,2020,INTERNATIONAL JOURNAL OF THE COMMONS,article,8,"Economics, Econometrics and Finance; Engineering; Environmental Science",10.5334/ijc.966
B4-R17950,Governing nonprofits under competing institutional logics: The implementation of board governance in China,2024,GOVERNANCE-AN INTERNATIONAL JOURNAL OF POLICY ADMINISTRATION AND INSTITUTIONS,article,9,"Business, Management and Accounting; Social Sciences",10.1111/gove.12828
B4-R09427,Governing the Interface Between Natural and Formal Language in Smart Contracts,2025,SSRN Electronic Journal,preprint,1,"Business, Management and Accounting; Social Sciences",10.2139/ssrn.5282571
B4-R16855,Graphical formalization of real-time requirements,1996,FORMAL TECHNIQUES IN REAL-TIME AND FAULT-TOLERANT SYSTEMS,Article; Proceedings Paper,10,Computer Science; Mathematics,
B4-R00789,Grid organizational memory—provision of a high-level Grid abstraction layer supported by ontology alignment,2006,Future Generation Computer Systems,article,33,Computer Science; Decision Sciences,10.1016/j.future.2006.07.001
B4-R07200,Grounding knowledge acquisition with ontology explanation:A case study,2018,Journal of Web Semantics,article,6,Computer Science; Engineering,10.1016/j.websem.2018.12.005
B4-R14727,Growing Up Nonprofit: Predictors of Early-Stage Nonprofit Formalization,2022,NONPROFIT AND VOLUNTARY SECTOR QUARTERLY,article,15,"Economics, Econometrics and Finance; Social Sciences",10.1177/08997640211014280
B4-R13202,Guarded transition systems: A new states/events formalism for reliability studies,2008,Proceedings of the Institution of Mechanical Engineers Part O Journal of Risk and Reliability,article,89,Computer Science,10.1243/1748006xjrr177
B4-R10255,GUIDE: LLM-Driven GUI Generation Decomposition for Automated Prototyping,2025,Proceedings International Conference on Software Engineering,conference-paper,7,Computer Science,10.1109/icse-companion66252.2025.00010
B4-R11770,Guidelines for the management of chronic medication in the perioperative period: Systematic review and formal consensus,2011,Journal of Clinical Pharmacy and Therapeutics,review,35,Decision Sciences; Medicine,10.1111/j.1365-2710.2010.01202.x
B4-R03762,Gödel–Dummett linear temporal logic,2024,Artificial Intelligence,article,2,Computer Science,10.1016/j.artint.2024.104236
B4-R17900,Habitus emerging: The development of hybrid logics and collaborative business models in the Irish craft beer sector,2018,INTERNATIONAL SMALL BUSINESS JOURNAL-RESEARCHING ENTREPRENEURSHIP,article,61,"Business, Management and Accounting; Social Sciences",10.1177/0266242617751597
B4-R05801,HARM: A Hybrid Rule-Based Agent Reputation Model Based on Temporal Defeasible Logic,2012,Lecture notes in computer science,conference-paper,9,Computer Science; Social Sciences,10.1007/978-3-642-32689-9_15
B4-R09562,Hashing Fake: Producing Adversarial Perturbation for Online Privacy Protection Against Automatic Retrieval Models,2022,IEEE Transactions on Computational Social Systems,article,3,Computer Science,10.1109/tcss.2022.3204120
B4-R02641,Health Plans and Selection: Formal Risk Adjustment vs. Market Design and Contracts,2001,INQUIRY The Journal of Health Care Organization Provision and Financing,article,9,"Business, Management and Accounting; Economics, Econometrics and Finance; Health Professions",10.5034/inquiryjrnl_38.3.290
B4-R10745,Helping people (and machines) understanding each other: The role of formal ontology,2004,Lecture Notes in Computer Science Including Subseries Lecture Notes in Artificial Intelligence and Lecture Notes in Bioinformatics,conference-paper,11,Computer Science,10.1007/978-3-540-30468-5_38
B4-R15469,"Hic Rhodos, Hic Salta: From Reductionist Semantics to a Realist Ontology of Forceful Dispositions",2009,"DEBATING DISPOSITIONS: ISSUES IN METAPHYSICS, EPISTEMOLOGY AND PHILOSOPHY OF MIND",Proceedings Paper,6,History; Philosophy,
B4-R03372,Hierarchical development of concurrent systems in a temporal logic framework,1985,Lecture notes in computer science,conference-paper,37,Computer Science,10.1007/3-540-15670-4_2
B4-R06219,Hierarchical Hybridization Chain Reaction for Amplified Signal Output and Cascade DNA Logic Circuits,2021,Analytical Chemistry,article,54,"Biochemistry, Genetics and Molecular Biology; Engineering",10.1021/acs.analchem.0c04483
B4-R17727,High-level robot programming: An abductive approach using event calculus,2004,ADVANCES IN ARTIFICIAL INTELLIGENCE - SBIA 2004,Article; Proceedings Paper,1,Computer Science; Mathematics,
B4-R17118,HighGuard: Cross-Chain Business Logic Monitoring of Smart Contracts,2024,"PROCEEDINGS OF 2024 39TH ACM/IEEE INTERNATIONAL CONFERENCE ON AUTOMATED SOFTWARE ENGINEERING, ASE 2024",conference-paper,6,Computer Science; Decision Sciences,10.1145/3691620.3695356
B4-R06265,High‐Performance Air‐Stable Polymer Monolayer Transistors for Monolithic 3D CMOS logics,2025,Advanced Materials,article,2,Engineering; Materials Science,10.1002/adma.202515591
B4-R02034,Holacracy: redefining organizational ontology and epistemology,2024,International journal of organizational analysis,article,5,"Business, Management and Accounting; Decision Sciences",10.1108/ijoa-07-2024-4630
B4-R16490,Hotel room personalization via ontology and rule-based reasoning,2022,INTERNATIONAL JOURNAL OF WEB INFORMATION SYSTEMS,article,11,Computer Science; Social Sciences,10.1108/ijwis-02-2022-0045
B4-R02218,How and Where Do Shared Goals Exist? The Social Ontology and Normativity of Organizational Goals,2026,Business Ethics Quarterly,article,0,"Business, Management and Accounting; Neuroscience; Social Sciences",10.1017/beq.2026.10111
B4-R00953,How Can there be Personal Agency without an Ontology of the Individual?,1996,Theory & Psychology,article,6,Arts and Humanities; Psychology; Social Sciences,10.1177/0959354396063011
B4-R16398,How can we reward you? A compliance and reward ontology (CaRO) for eliciting quantitative reward rules for engagement in mHealth app and healthy behaviors,2024,JOURNAL OF BIOMEDICAL INFORMATICS,article,4,Computer Science; Health Professions; Psychology,10.1016/j.jbi.2024.104655
B4-R19034,How Deontic Logic Contributes to the Analysis of Legal Systems,2016,Revus: Journal for Constitutional Theory and Philosophy of Law,,,,
B4-R15434,How did the gene become a chemical compound? The ontology of the gene and the patenting of DNA,2011,SOCIAL SCIENCE INFORMATION SUR LES SCIENCES SOCIALES,article,36,"Biochemistry, Genetics and Molecular Biology; Business, Management and Accounting; Medicine",10.1177/0539018411399512
B4-R13305,How Hybrid Institutional Logics Matter: The Importance of Trust and Embeddedness in Neighborhood Revitalization Collaborations,2020,Journal of Applied Social Science,article,4,Health Professions; Social Sciences,10.1177/1936724420947012
B4-R16101,How policy designs influence the innovation performance of China's emergency industry: an institutional grammar perspective,2025,KYBERNETES,article,5,Social Sciences,10.1108/k-08-2023-1572
B4-R12711,How Semantic Is Automatic Semantic Priming?,1992,Journal of Experimental Psychology Learning Memory and Cognition,article,196,Psychology,10.1037/0278-7393.18.6.1191
B4-R17991,How service logics shape autonomous vehicle acceptance under varying operational scenarios,2026,TRANSPORT POLICY,article,1,Engineering; Psychology,10.1016/j.tranpol.2026.104404
B4-R00845,How substance-based ontologies for gravity can be productive: A case study,2014,Physical Review Special Topics - Physics Education Research,article,26,Arts and Humanities; Physics and Astronomy; Social Sciences,10.1103/physrevstper.10.010113
B4-R07477,How to avoid ontological security dilemmas: toward building a policy theory,2026,Journal of International Relations and Development,article,1,Social Sciences,10.1057/s41268-026-00369-w
B4-R15849,How to make forest governance reform real? Formal and informal institutions during implementation of the forest rights act 2006 in India,2022,ENVIRONMENTAL DEVELOPMENT,article,13,"Agricultural and Biological Sciences; Business, Management and Accounting; Environmental Science",10.1016/j.envdev.2022.100729
B4-R01124,How to Model Normative Behavior in Petri Nets,1995,RePub (Erasmus University Rotterdam),report,13,"Business, Management and Accounting; Computer Science",
B4-R04246,How to Repair Inconsistency in OWL 2 DL Ontology Versions?,2018,Data & Knowledge Engineering,article,7,"Business, Management and Accounting; Computer Science",10.1016/j.datak.2018.05.010
B4-R11552,"How You Downsize Is Who You Downsize: Biased Formalization, Accountability, and Managerial Diversity",2014,American Sociological Review,article,108,"Business, Management and Accounting; Social Sciences",10.1177/0003122413518553
B4-R02614,Hybrid Lexical–Semantic AI Architecture for Automated Cancer Registry Coding for the Vet-ICD-O-Canine-1 System from Free-Text Veterinary Pathology Reports,2026,Cancers,article,0,"Biochemistry, Genetics and Molecular Biology; Computer Science; Medicine",10.3390/cancers18172728
B4-R14006,Hypersequent calculi for non-normal modal and deontic logics: Countermodels and optimal complexity,2020,CoRR,Article,,,
B4-R14007,Hypersequent calculi for non-normal modal and deontic logics: countermodels and optimal complexity,2021,J. Log. Comput.,article,8,Computer Science,10.1093/logcom/exaa072
B4-R06396,I feel like I'm being hit from all directions: Enduring the bombardment as a mature-age learner returning to formal learning,2011,Acquire (CQUniversity),article,39,Social Sciences,
B4-R08507,Identifying high-risk over-entitlement in access control policies using fuzzy logic,2022,Cybersecurity,article,16,Computer Science; Social Sciences,10.1186/s42400-022-00112-1
B4-R03411,Identifying XML Schema Constraints Using Temporal Logic,2016,Lecture notes in computer science,conference-paper,1,Computer Science,10.1007/978-3-319-47677-3_9
B4-R02826,Identity Physics: Formally Verified 18 Digit Fine Structure Constant 1/α = 136.899099984016 + 0.136899099984016 = 137.035999084000016 CODATA 2018 Lean4/Coq 0 Sorry 0 Free Parameters CI Green,,PhilPapers (PhilPapers Foundation),article,0,Arts and Humanities; Computer Science; Materials Science,
B4-R09489,IELE: An Intermediate-Level Blockchain Language Designed and Implemented Using Formal Semantics,2018,Illinois Digital Environment for Access to Learning and Scholarship (University of Illinois at Urbana-Champaign),report,11,Computer Science,
B4-R13872,Illegality and inequity in Ghana's cocoa-forest landscape: How formalization can undermine farmers control and benefits from trees on their farms,2018,Land Use Policy,article,48,"Business, Management and Accounting; Engineering; Environmental Science",10.1016/j.landusepol.2018.02.014
B4-R16343,"Immigration, the ""Chinese Question"", and Ontological Insecurity in Colonial Australia",2021,AUSTRALIAN JOURNAL OF POLITICS AND HISTORY,article,1,Social Sciences,10.1111/ajph.12753
B4-R11535,Impacto da redução dos encargos trabalhistas sobre a formalização das empregadas domésticas,2011,Revista Brasileira De Economia,article,9,"Economics, Econometrics and Finance; Engineering",10.1590/s0034-71402011000100006
B4-R02131,Implementation and application of a well-founded configuration management ontology,2010,2010 IEEE IFIP Network Operations and Management Symposium Workshops NOMS 2010,conference-paper,4,"Business, Management and Accounting; Computer Science",10.1109/nomsw.2010.5486596
B4-R16385,Implementation of an ontological reasoning to support the guideline-based management of primary breast cancer patients in the DESIREE project,2020,ARTIFICIAL INTELLIGENCE IN MEDICINE,article,36,"Biochemistry, Genetics and Molecular Biology; Computer Science; Medicine",10.1016/j.artmed.2020.101922
B4-R13341,Implementing an hospital accreditation programme in a context of NPM reforms: Pressures and conflicting logics,2024,Public Money and Management,article,9,"Business, Management and Accounting; Health Professions",10.1080/09540962.2022.2133202
B4-R07176,Implementing and Testing a Semantic-Driven Approach Towards a Better Comprehension Between Service Consumers and Providers,2010,,conference-paper,5,"Business, Management and Accounting; Computer Science",10.1109/waina.2010.188
B4-R17686,Implementing discrete event calculus with semantic web technologies,2009,"PROCEEDINGS OF THE 2009 FIFTH INTERNATIONAL CONFERENCE ON NEXT GENERATION WEB SERVICES PRACTICES, NWESP 2009",conference-paper,4,Computer Science,10.1109/nwesp.2009.15
B4-R13233,Implementing new institutional logics in pioneering organizations: The burden of justifying ethical appropriateness and trustworthiness,2009,Journal of Business Ethics,book-chapter,32,"Business, Management and Accounting; Health Professions",10.1007/s10551-009-0045-9
B4-R15596,Improved syntheses of meso-tetraarylbenziporphyrins and observations of substituent effects on the diatropic characteristics of these formally nonaromatic carbaporphyrinoids,2009,TETRAHEDRON,article,29,"Biochemistry, Genetics and Molecular Biology; Materials Science; Medicine",10.1016/j.tet.2009.09.060
B4-R07227,Improving Causal Bayesian Networks Using Expertise in Authoritative Medical Ontologies,2023,ACM Transactions on Computing for Healthcare,article,6,"Biochemistry, Genetics and Molecular Biology; Computer Science",10.1145/3604561
B4-R10208,Improving supply chain communications for off-site construction using process specification language,2018,Isarc 2018 35th International Symposium on Automation and Robotics in Construction and International Aec Fm Hackathon the Future of Building Things,conference-paper,8,"Business, Management and Accounting; Computer Science",10.22260/isarc2018/0043
B4-R09853,Improving the quality of UML models in practice,2006,Proceedings International Conference on Software Engineering,conference-paper,35,Computer Science,10.1145/1134285.1134472
B4-R02676,Improving Traceability between KAOS Requirements Models and B Specifications,2010,Lecture notes in computer science,conference-paper,1,Computer Science,10.1007/978-3-642-11811-1_36
B4-R00814,In Defense of Chi's Ontological Incompatibility Hypothesis,2010,Journal of the Learning Sciences,article,33,Computer Science; Psychology; Social Sciences,10.1080/10508406.2011.535691
B4-R12619,In the company of women: Gender inequality and the logic of bureaucracy in start-up firms,2007,Work and Occupations,article,128,Social Sciences,10.1177/0730888406296945
B4-R00947,Inching towards the pluriverse: On ontological politics and epistemic justice in place-based conservation initiatives,2026,Journal of Political Ecology,article,0,Environmental Science; Social Sciences,10.2458/jpe.11972
B4-R16893,INCONSISTENCY HANDLING IN MULTIPERSPECTIVE SPECIFICATIONS,1994,IEEE TRANSACTIONS ON SOFTWARE ENGINEERING,article,539,"Business, Management and Accounting; Computer Science",10.1109/32.310667
B4-R03759,Incorporating Social Expectations into the Expectation Event Calculus,2024,,conference-paper,5,"Business, Management and Accounting",10.1162/isal_a_00765
B4-R16281,Incremental biomedical ontology change management through learning agents,2008,"AGENT AND MULTI-AGENT SYSTEMS: TECHNOLOGIES AND APPLICATIONS, PROCEEDINGS",Proceedings Paper,8,Computer Science; Mathematics,
B4-R16249,Incremental maintenance of materialized ontologies,2003,"ON THE MOVE TO MEANINGFUL INTERNET SYSTEMS 2003: COOPIS, DOA, AND ODBASE",Article; Proceedings Paper,10,Computer Science; Mathematics,
B4-R16474,Incremental Mining of Ontological Association Rules in Evolving Environments,2009,"NEXT-GENERATION APPLIED INTELLIGENCE, PROCEEDINGS",Proceedings Paper,2,Computer Science; Mathematics,
B4-R16811,Incremental model checking for fuzzy computation tree logic,2025,FUZZY SETS AND SYSTEMS,article,3,Computer Science,10.1016/j.fss.2024.109195
B4-R10186,Incremental stages of a semantic framework for automating the changes on long term composed services,2016,Human Centric Computing and Information Sciences,article,1,"Business, Management and Accounting; Computer Science",10.1186/s13673-016-0067-0
B4-R16252,Incrementally maintaining materializations of ontologies stored in logic databases,2005,JOURNAL ON DATA SEMANTICS II,Article; Proceedings Paper,19,Computer Science; Mathematics,
B4-R07352,Indigenous Ontology and International Law,2025,Oxford University Press eBooks,book-chapter,1,Social Sciences,10.1093/oxfordhb/9780192887658.013.6
B4-R17728,Indirect and conditional sensing in the event calculus,2004,"ECAI 2004: 16TH EUROPEAN CONFERENCE ON ARTIFICIAL INTELLIGENCE, PROCEEDINGS",Proceedings Paper,5,Computer Science,
B4-R00481,INDIVIDUALS’ FORMAL POWER AND THEIR SOCIAL NETWORK ACCURACY,2012,UKnowledge (University of Kentucky),article,6,Physics and Astronomy; Psychology; Social Sciences,
B4-R04121,Industrial Strength Ontology Management,2001,,article,53,Computer Science,
B4-R03741,Inferring and Obeying Norms in Temporal Logic,2018,ACM IEEE International Conference on Human Robot Interaction,conference-paper,2,Computer Science,10.1145/3173386.3176914
B4-R11778,Inflectional classes of Mazatec and diasystem. Critical empiricism and formalization,2012,Bulletin De La Societe De Linguistique De Paris,Article,4,Social Sciences,10.2143/bsl.107.1.2959709
B4-R09751,Infobuttons and classification models: A method for the automatic selection of on-line information resources to fulfill clinicians’ information needs,2007,Journal of Biomedical Informatics,article,17,Computer Science; Health Professions,10.1016/j.jbi.2007.11.007
B4-R02644,Informal and Formal Organization in New Institutional Economics,2002,SSRN Electronic Journal,preprint,41,"Business, Management and Accounting; Economics, Econometrics and Finance; Social Sciences",10.2139/ssrn.319300
B4-R02652,Informal and formal organization in new institutional economics,2004,Advances in strategic management,book-chapter,145,"Economics, Econometrics and Finance; Social Sciences",10.1016/s0742-3322(02)19009-7
B4-R13481,"Informal-sector entrepreneurs, development and formal law: A functional understanding of business law",2011,American Journal of Comparative Law,article,126,"Business, Management and Accounting; Social Sciences",10.5131/ajcl.2010.0011
B4-R13261,Information security governance practices in critical infrastructure organizations: A socio-technical and institutional logic perspective,2013,Electronic Markets,article,27,Computer Science; Social Sciences,10.1007/s12525-013-0137-3
B4-R03456,Informational self meaning as a structural theory in artificial intelligence ontology and epistemology,2026,Discover Artificial Intelligence,article,0,Neuroscience; Psychology; Social Sciences,10.1007/s44163-026-01984-9
B4-R07724,Initial learning to read in kindergarten – formal and research perspective,2013,L1 Educational Studies in Language and Literature,article,1,Psychology; Social Sciences,10.17239/l1esll-2013.01.09
B4-R13293,"Injunctive and descriptive logics during newcomer socialization: The impact on organizational identification, trustworthiness, and self-efficacy",2017,Journal of Organizational Behavior,article,44,"Business, Management and Accounting; Psychology; Social Sciences",10.1002/job.2131
B4-R16643,Input/output logics,2000,JOURNAL OF PHILOSOPHICAL LOGIC,article,292,Computer Science,10.1023/a:1004748624537
B4-R16363,INSTANCE MIGRATION BETWEEN ONTOLOGIES HAVING STRUCTURAL DIFFERENCES,2011,INTERNATIONAL JOURNAL ON ARTIFICIAL INTELLIGENCE TOOLS,article,11,"Biochemistry, Genetics and Molecular Biology; Computer Science",10.1142/s0218213011000553
B4-R16071,Institutional Analysis with the Institutional Grammar Palabras clave,2022,POLICY STUDIES JOURNAL,article,116,"Business, Management and Accounting; Social Sciences",10.1111/psj.12361
B4-R11095,Institutional checks and corruption: The effect of formal agenda access on governance,2016,European Journal of Political Research,article,28,"Economics, Econometrics and Finance; Social Sciences",10.1111/1475-6765.12155
B4-R15948,"Institutional formalism and criminal sentencing on the frontier: evidence from British Columbia's Jails, 1864-1913",2026,JOURNAL OF LAW ECONOMICS & ORGANIZATION,article,0,Social Sciences,10.1093/jleo/ewaf002
B4-R13374,Institutional Logics and Relational Inequality in UK Surgery: Demographic Dominance and the Uneven Governance of Careers,2026,Journal of Management Studies,article,2,"Business, Management and Accounting; Social Sciences",10.1111/joms.70107
B4-R17978,Institutional Logics as a Resource and Risk: Logic Deviance and Categorical Penalties in US Community Banks,2026,JOURNAL OF MANAGEMENT STUDIES,article,1,"Business, Management and Accounting; Social Sciences",10.1111/joms.13260
B4-R00876,Institutional ontology for Conceptual Modeling,2018,Journal of Information Technology,article,27,"Business, Management and Accounting; Social Sciences",10.1057/s41265-018-0053-2
B4-R02150,Institutional theory: reflections on ontology,2015,ORCA Online Research @Cardiff (Cardiff University),book-chapter,7,"Business, Management and Accounting; Economics, Econometrics and Finance; Social Sciences",10.4324/9780203795248-16
B4-R01369,Institutionalised Consensus in Vehicular Networks: Executable Specification and Empirical Validation,2012,Proceedings 2012 IEEE 6th International Conference on Self Adaptive and Self Organizing Systems Workshops Sasow 2012,conference-paper,6,Computer Science,10.1109/sasow.2012.21
B4-R10804,Institutionalising ontology-based semantic integration,2008,Applied Ontology,article,43,"Biochemistry, Genetics and Molecular Biology; Computer Science",10.3233/ao-2008-0041
B4-R16906,INSTITUTIONS - ABSTRACT MODEL-THEORY FOR SPECIFICATION AND PROGRAMMING,1992,JOURNAL OF THE ACM,article,992,Computer Science,10.1145/147508.147524
B4-R16228,Institutions Are Not Rules: Realigning the Ontology Behind Theories of Change,2024,POLITICAL STUDIES,article,5,"Economics, Econometrics and Finance; Social Sciences",10.1177/00323217231179551
B4-R00997,"Institutions, Emotions, and Group Agents: Contributions to Social Ontology",2013,,book,30,Social Sciences,
B4-R11378,"Institutions, emotions, and group agents: Contributions to social ontology",2014,Institutions Emotions and Group Agents Contributions to Social Ontology,book,40,Social Sciences,10.1007/978-94-007-6934-2
B4-R10967,"Institutions, Ideology, and Nonideal Social Ontology",2019,Philosophy of the Social Sciences,article,30,"Economics, Econometrics and Finance; Social Sciences",10.1177/0048393118823265
B4-R08504,Instructional reform and multiple institutional logics: insights from executive leadership in English Multi-Academy Trusts,2021,Educational Review,article,7,Decision Sciences; Social Sciences,10.1080/00131911.2021.1916441
B4-R06978,Integral sentences and numerical comparative calculations for the validity of the dispersion model for air pollutants AUSTAL2000,2020,ENVIRONMENTAL SYSTEMS RESEARCH,article,2,Chemical Engineering; Engineering; Environmental Science,10.1186/s40068-020-00181-6
B4-R16428,Integrating deductive verification and symbolic execution for abstract object creation in dynamic logic,2016,SOFTWARE AND SYSTEMS MODELING,article,5,Computer Science,10.1007/s10270-014-0446-9
B4-R14441,Integrating Human-Centered Design into Software Development: An Action Research Study in the Automation Industry,2011,2011 37th EUROMICRO Conference on Software Engineering and Advanced Applications,conference-paper,14,Computer Science,10.1109/seaa.2011.54
B4-R00780,"Integrating Information Extraction, Ontology Learning and Semantic Browsing into Organizational Knowledge Processes",2004,,article,5,Computer Science; Decision Sciences,
B4-R13356,INTEGRATING INFORMATION GOVERNANCE AS THE FOUNDATION FOR INFORMATION DASHBOARD DESIGN ONTOLOGY,2025,Journal of Information Technology Education Innovations in Practice,article,1,Computer Science,10.28945/5432
B4-R14622,Integrating Machine Learning in Digital Twins by utilizing SysML System Models,2022,2022 17th Annual System of Systems Engineering Conference (SOSE),conference-paper,14,Engineering,10.1109/sose55472.2022.9812700
B4-R18801,Integrating Machine Learning Models as Functional Components within a Systems Engineering Design Using SysML for System Simulations,2025,2025 20th Annual System of Systems Engineering Conference (SoSE),conference-paper,1,Engineering,10.1109/sose66311.2025.11083840
B4-R18851,Integrating simulation capabilities into SysML for enterprise information system design,2014,2014 9th International Conference on System of Systems Engineering (SOSE),conference-paper,12,"Business, Management and Accounting; Computer Science",10.1109/sysose.2014.6892500
B4-R17304,Integration and verification of semantic constraints in adaptive process management systems,2008,DATA & KNOWLEDGE ENGINEERING,article,134,"Business, Management and Accounting; Computer Science",10.1016/j.datak.2007.06.007
B4-R13300,Integration of Ontologies to Support Control as a Service in an Industry 4.0 Context,2019,2019 International Conference on High Performance Computing and Simulation Hpcs 2019,conference-paper,4,"Business, Management and Accounting; Engineering",10.1109/hpcs48598.2019.9188197
B4-R05748,Integration of Semantic Wiki Technologies with Large Language Models as a Technological Foundation for Experience Acquisition from Natural Language Documents,2025,Ceur Workshop Proceedings,conference-paper,1,Computer Science; Social Sciences,10.55056/ceur-ws.org/vol-4133/s_10_rogushina.pdf
B4-R16376,Intelligent Healthcare Service Provisioning Using Ontology with Low-Level Sensory Data,2011,KSII TRANSACTIONS ON INTERNET AND INFORMATION SYSTEMS,article,12,Computer Science; Health Professions,10.3837/tiis.2011.11.008
B4-R07831,Intention Recognition with Event Calculus Graphs,2010,Proceedings 2010 IEEE Wic ACM International Conference on Web Intelligence and Intelligent Agent Technology Workshops Wi Iat 2010,conference-paper,10,Computer Science,10.1109/wi-iat.2010.83
B4-R13186,Intention recognition with event calculus graphs and weight of evidence,2011,Icaart 2011 Proceedings of the 3rd International Conference on Agents and Artificial Intelligence,Conference Paper,9,"Computer Science, Artificial Intelligence",
B4-R00516,Intentionally building relationships between participatory online groups and formal organisations for effective emergency response,2019,Disasters,article,10,Social Sciences,10.1111/disa.12354
B4-R07165,Inter-annotator Agreement on a Multilingual Semantic Annotation Task,2006,,conference-paper,45,Computer Science; Psychology,10.63317/4oo5tfw2ky6d
B4-R07758,Interacting behavioral Petri nets analysis for distributed causal model-based diagnosis,2013,Autonomous Agents and Multi-Agent Systems,article,4,"Business, Management and Accounting; Computer Science",10.1007/s10458-013-9221-5
B4-R06491,Interaction between formal and informal actors in the shadow of policymaking: Case studies of community-based urban pluvial flood risk management in Pearl River Delta cities,2024,Journal of Urban Management,article,8,Environmental Science; Social Sciences,10.1016/j.jum.2024.07.001
B4-R15396,Intermunicipal cooperation and agreement formalization,2024,JOURNAL OF ECONOMIC POLICY REFORM,article,7,Social Sciences,10.1080/17487870.2023.2244628
B4-R15572,Internal contract formalization in business and its limits. The case of software design,2000,REVUE FRANCAISE DE SOCIOLOGIE,article,10,Social Sciences,10.2307/3322703
B4-R00679,"International political sociology, or: the social ontology and power politics of process",2017,Econstor (Econstor),report,9,Arts and Humanities; Social Sciences,
B4-R10832,Interoperable open specifications framework for the implementation of standardized urban platforms,2020,Sensors Switzerland,article,43,Computer Science; Engineering,10.3390/s20082402
B4-R03382,Interpretations of Ontologies for Breast Cancer,2006,ePrints Soton (University of Southampton),article,4,"Biochemistry, Genetics and Molecular Biology; Computer Science",
B4-R14538,Introducing a MOF-based Profile Generator to automate DSL Implementation from Formal Metamodels,2025,2025 IEEE 30th International Conference on Emerging Technologies and Factory Automation (ETFA),conference-paper,1,"Business, Management and Accounting; Computer Science; Engineering",10.1109/etfa65518.2025.11205578
B4-R00978,Introduction to Ontology,2009,Studies in computational intelligence,book-chapter,11,"Biochemistry, Genetics and Molecular Biology; Computer Science",10.1007/978-3-642-01904-3_3
B4-R11918,Introduction to Symposium on Institutions in Flux: The dynamics of formal and informal rules,2026,Journal of Comparative Economics,article,0,Social Sciences,10.1016/j.jce.2026.05.006
B4-R15962,Introduction to the symposium on 'crisis and persistence: dynamics of institutional changes at the interface between formal and informal institutions',2025,JOURNAL OF INSTITUTIONAL ECONOMICS,article,1,Social Sciences,10.1017/s1744137424000328
B4-R15961,Introduction: The rise of formal institutions in the Asia-Pacific region through competitive regime complexity,2024,INTERNATIONAL RELATIONS OF THE ASIA-PACIFIC,article,3,Social Sciences,10.1093/irap/lcae012
B4-R16787,Inverse reinforcement learning through logic constraint inference,2023,MACHINE LEARNING,article,4,Computer Science,10.1007/s10994-023-06311-2
B4-R11865,Investigating automated change analysis in FinTech regulations,2026,Information and Software Technology,article,0,Computer Science; Social Sciences,10.1016/j.infsof.2026.108144
B4-R07456,Investigating Multivocality through Basil Bernstein’s Ontology and Epistemology of Pedagogy,2025,Action Criticism and Theory for Music Education,article,0,Arts and Humanities; Medicine; Social Sciences,10.22176/act24.5.6
B4-R16365,IRSKG: Unified Intrusion Response System Knowledge Graph Ontology for Cyber Defense,2024,"2024 IEEE INTERNATIONAL CONFERENCE ON BIG DATA, BIGDATA",conference-paper,4,Computer Science; Decision Sciences; Physics and Astronomy,10.1109/bigdata62323.2024.10825797
B4-R18008,Is automatic priming semantic?,1996,EUROPEAN JOURNAL OF COGNITIVE PSYCHOLOGY,article,72,Neuroscience; Psychology,10.1080/095414496383121
B4-R16000,Is China's regulatory system on urban household waste collection effective? An evidence-based analysis on the evolution of formal rules and contravening informal practices,2017,JOURNAL OF CHINESE GOVERNANCE,article,17,Engineering; Environmental Science,10.1080/23812346.2017.1379166
B4-R15875,Is the French model giving way to a new 'Logic of Appropriateness'? Lessons from urban waste management,2004,LOCAL GOVERNMENT STUDIES,article,3,Social Sciences,10.1080/0300393042000310462
B4-R18005,"Is there a ""strength effect"" in automatic semantic priming?",2003,MEMORY & COGNITION,article,39,Neuroscience; Psychology,10.3758/bf03194385
B4-R12914,"ISLAMIC LEGAL THOUGHT AS AN INTEGRATIVE SYSTEM: ONTOLOGICAL, EPISTEMOLOGICAL, AND AXIOLOGICAL ANALYSIS IN THE DISCOURSE OF IUS INTEGRUM NUSANTARA",2026,Jurnal Ilmiah Islam Futura,Article,0,Arts and Humanities; Social Sciences,10.22373/jiif.v26i1.34261
B4-R02718,Isoprene Synthesis from Formaldehyde and Isobutylene over Zeolite Catalysts,2019,Petroleum Chemistry,article,10,Chemical Engineering; Chemistry; Engineering,10.1134/s0965544119070156
B4-R11362,Issues in automated negotiation: Protocol and ontology,2006,Journal of Southeast University English Edition,Article,4,Engineering,
B4-R01162,Issues in Designing Logical Models for Norm Change,2009,Lecture notes in computer science,conference-paper,11,Computer Science,10.1007/978-3-642-02377-4_1
B4-R10522,IT landscape discovery via runtime instrumentation for automating enterprise architecture model maintenance,2019,25th Americas Conference on Information Systems Amcis 2019,Conference Paper,5,,
B4-R02015,IT service management and governance modeling an ITSM Configuration process: A foundational ontology approach,2009,2009 IFIP IEEE International Symposium on Integrated Network Management Workshops IM 2009,conference-paper,21,"Business, Management and Accounting; Computer Science",10.1109/inmw.2009.5195930
B4-R17969,Iterative Rule Extension for Logic Analysis of Data: An MILP-Based Heuristic to Derive Interpretable Binary Classifiers from Large Data Sets,2024,INFORMS JOURNAL ON COMPUTING,article,4,Computer Science,10.1287/ijoc.2021.0284
B4-R15087,Jason Induction of Logical Decision Trees: A Learning Library and Its Application to Commitment,2010,"ADVANCES IN ARTIFICIAL INTELLIGENCE, MICAI 2010, PT I",Proceedings Paper,3,Computer Science; Mathematics,
B4-R10912,JDALMAS: A Java/Prolog framework for deontic action-logic multi-agent systems,2009,Lecture Notes in Computer Science Including Subseries Lecture Notes in Artificial Intelligence and Lecture Notes in Bioinformatics,conference-paper,9,Computer Science,10.1007/978-3-642-01665-3_12
B4-R09806,Joint Item Response Models for Manual and Automatic Scores on Open-Ended Test Items,2025,Psychometrika,article,1,Decision Sciences,10.1017/psy.2025.10018
B4-R03095,JOPA: Efficient Ontology-Based Information System Design,2016,Lecture notes in computer science,conference-paper,5,Computer Science,10.1007/978-3-319-47602-5_31
B4-R11905,Jumps and logic in the law: What can one expect from logical models of legal argumentation?,1996,Artificial Intelligence and Law,article,29,Computer Science; Social Sciences,10.1007/bf00118495
B4-R07290,Juridical Ontology: The Evolution of Legal Form,2015,Social Science Open Access Repository (GESIS – Leibniz Institute for the Social Sciences),article,14,"Economics, Econometrics and Finance; Social Sciences",10.12759/hsr.40.2015.1.170-184
B4-R16636,Justice Delayed Is Justice Denied: Logics for a Temporal Account of Reparations and Legal Compliance,2011,COMPUTATIONAL LOGIC IN MULTI-AGENT SYSTEMS,Proceedings Paper,13,Computer Science; Mathematics,
B4-R02288,Kedudukan dan Peran Peradilan Adat Pasca-Unifikasi Sistem Peradilan Formal,2021,Undang Jurnal Hukum,article,7,Social Sciences,10.22437/ujh.4.2.281-308
B4-R03152,"Keeping a distance but heading in the same direction: formal rules on unemployment benefit sanctions and social assistance benefit sanctions in Poland, 1989–2014",2021,International Journal of Sociology and Social Policy,article,1,"Business, Management and Accounting; Social Sciences",10.1108/ijssp-09-2021-0227
B4-R15747,Key Confirmation in Key Exchange: A Formal Treatment and Implications for TLS 1.3,2016,2016 IEEE SYMPOSIUM ON SECURITY AND PRIVACY (SP),conference-paper,41,Computer Science,10.1109/sp.2016.34
B4-R10977,Killing Gently by Means of the śyena: The Navya-Nyāya Analysis of Vedic and Secular Injunctions (vidhi) and Prohibitions (niṣedha) from the Perspective of Dynamic Deontic Logic,2021,Journal of Indian Philosophy,article,2,Computer Science,10.1007/s10781-021-09465-2
B4-R02144,KIPO: the knowledge-intensive process ontology,2014,Software & Systems Modeling,article,53,"Business, Management and Accounting; Computer Science",10.1007/s10270-014-0397-1
B4-R11006,Knowledge base modelling based on linguistics and founded in logic,1991,Data and Knowledge Engineering,article,22,Computer Science,10.1016/0169-023x(91)90031-r
B4-R02107,Knowledge Description Model for MAS Utilizing Distributed Ontology Repositories,2006,Lecture notes in computer science,conference-paper,7,Computer Science; Decision Sciences,10.1007/11802372_93
B4-R15755,Knowledge development about natural objects and artifacts: A new tool for assessing the semantic memory development in 5 to 9 years old children,2015,ANNEE PSYCHOLOGIQUE,Article,1,Arts and Humanities; Psychology,
B4-R09618,Knowledge formalization for vector data matching using belief theory,2015,Journal of Spatial Information Science,article,35,Computer Science; Social Sciences,10.5311/josis.2015.10.194
B4-R11366,Knowledge formalization in experience feedback processes: An ontology-based approach,2008,Computers in Industry,article,117,"Business, Management and Accounting; Computer Science",10.1016/j.compind.2007.12.014
B4-R03426,"Knowledge Management Technology Using Ontologies, Cognitive Models and Production Expert Systems",2019,,conference-paper,5,Computer Science,10.2991/csit-19.2019.49
B4-R15751,Knowledge management: ontologies and practical tools for the preservation of cultural heritage,2024,ARCHISTOR-ARCHITECTURE HISTORY RESTORATION,Article,0,Arts and Humanities; Engineering,10.14633/ahr444
B4-R16373,Knowledge sharing in virtual enterprises via an ontology-based access control approach,2008,COMPUTERS IN INDUSTRY,article,95,Computer Science; Social Sciences,10.1016/j.compind.2007.12.004
B4-R17999,Knowledge sharing over p2p knowledge networks: A peer ontology and semantic overlay driven approach,2004,"PEOPLE, KNOWLEDGE AND TECHNOLOGY: WHAT HAVE WE LEARNT SO FAR?",conference-paper,5,Computer Science; Social Sciences,10.1142/9789812702081_0030
B4-R17981,"Knowledge, action and public concern: the logic underlying mediators' actions in French labour conflicts",2009,INTERNATIONAL JOURNAL OF HUMAN RESOURCE MANAGEMENT,article,7,Health Professions; Social Sciences,10.1080/09585190902850349
B4-R04208,Knowledge-Assisted Ontology-Based Requirements Evolution,2013,Managing Requirements Knowledge,book-chapter,19,"Business, Management and Accounting; Computer Science",10.1007/978-3-642-34419-0_7
B4-R09777,Knowledge-based decision system for automatic sleep staging using symbolic fusion in a turing machine-like decision process formalizing the sleep medicine guidelines,2018,Expert Systems with Applications,article,4,Engineering; Medicine; Neuroscience,10.1016/j.eswa.2018.07.023
B4-R17380,Knowledge-based PPR modelling for assembly automation,2018,CIRP JOURNAL OF MANUFACTURING SCIENCE AND TECHNOLOGY,article,42,"Business, Management and Accounting; Engineering",10.1016/j.cirpj.2018.01.001
B4-R14928,Knowledge-oriented semantics modelling towards uncertainty reasoning,2016,SPRINGERPLUS,article,8,Computer Science,10.1186/s40064-016-2331-1
B4-R16556,KROMA: Ontology Matching with Knowledge Retrieval and Large Language Models,2026,"SEMANTIC WEB-ISWC 2025, PT I",conference-paper,3,Computer Science,10.1007/978-3-032-09527-5_34
B4-R11787,L2 learners' sensitivity to semantic and morphophonological information on Swahili nouns,2014,Iral International Review of Applied Linguistics in Language Teaching,article,5,Arts and Humanities; Psychology,10.1515/iral-2014-0013
B4-R07531,La continuidad del aparecer: hacia un ontología dinámica de la responsabilidad,,PhilPapers (PhilPapers Foundation),book,0,"Agricultural and Biological Sciences; Business, Management and Accounting; Social Sciences",
B4-R08569,La formalisation du devoir d’information dans les contrats de cyberconsommation : analyse de la solution québécoise,2010,McGill Law Journal,article,4,"Business, Management and Accounting; Social Sciences",10.7202/039647ar
B4-R08673,Labor Discipline in the informal economy: the semi-formal professional code of Istanbul's apparel urban factory,2009,Berkeley journal of sociology,article,5,"Economics, Econometrics and Finance; Health Professions; Social Sciences",
B4-R15914,"Land Property Rights, Social Trust, and Non-Agricultural Employment: An Interactive Study of Formal and Informal Institutions in China",2025,LAND,article,8,Agricultural and Biological Sciences; Social Sciences,10.3390/land14030613
B4-R13966,Laser ultrasonic system for metal pipe wall thickness measurement: Differential signal processing and geometric compensation calculation model,2025,Optics and Lasers in Engineering,article,6,Engineering,10.1016/j.optlaseng.2024.108625
B4-R01024,Latour on Politics: Political Turn in Epistemology or Ontological Turn in Politics?,2022,Perspectives on Science,article,1,Arts and Humanities; Neuroscience; Social Sciences,10.1162/posc_a_00583
B4-R10947,Law and logic: A review from an argumentation perspective,2015,Artificial Intelligence,article,145,Computer Science; Social Sciences,10.1016/j.artint.2015.06.005
B4-R06384,Lazy concord in the central Ladin feminine plural DP: a case study on the intercation between morphosintax and semantics,2008,Padua Research Archive (University of Padova),dissertation,7,Arts and Humanities; Social Sciences,
B4-R03440,Leading police organisations in crises: how changing customary police leadership responses impacts on frontline officers’ senses of ontological security,2025,Policing & Society,article,2,Social Sciences,10.1080/10439463.2025.2508201
B4-R09876,Learning Normative Behaviour Through Automated Theorem Proving,2024,Ki Kunstliche Intelligenz,article,2,Computer Science; Decision Sciences; Social Sciences,10.1007/s13218-024-00844-x
B4-R03217,Learning Transition Rules from Temporal Logic Properties,2005,HAL (Le Centre pour la Communication Scientifique Directe),report,4,Computer Science,
B4-R08911,Legal and Constitutional Gaps in Strategic Environmental Assessment: Between Formality and Substantive Environmental Protection in Indonesia,2025,Jurnal IUS Kajian Hukum dan Keadilan,article,2,Environmental Science; Social Sciences,10.29303/ius.v13i2.1698
B4-R09863,Legal contractions: A logical analysis,2013,Proceedings of the International Conference on Artificial Intelligence and Law,conference-paper,19,Computer Science,10.1145/2514601.2514609
B4-R02202,Legal institutionalism and the role of law in market transformation during sustainability transitions: exploring alternative ontological perspectives,2025,Environmental Innovation and Societal Transitions,article,1,"Business, Management and Accounting",10.1016/j.eist.2025.101011
B4-R13613,Legal Judgements on the Employee Status of Platform Workers in China—A Combination of Legal Formalism and Pragmatism,2023,China an International Journal,Article,2,"Business, Management and Accounting; Economics, Econometrics and Finance; Social Sciences",
B4-R01132,Legal modeling and automated reasoning with ON-LINE,1999,International Journal of Human-Computer Studies,article,56,Computer Science; Social Sciences,10.1006/ijhc.1999.0298
B4-R16248,Legal ontologies over time: A systematic mapping study,2019,EXPERT SYSTEMS WITH APPLICATIONS,article,49,Computer Science; Social Sciences,10.1016/j.eswa.2019.04.009
B4-R01101,Legal Ontology for Modelling GDPR Concepts and Norms,2018,Frontiers in artificial intelligence and applications,book-chapter,58,Computer Science; Social Sciences,10.3233/978-1-61499-935-5-91
B4-R10982,Legal Power-Subjection Relations: Ontological Analysis and Modeling Pattern,2022,Lecture Notes in Computer Science Including Subseries Lecture Notes in Artificial Intelligence and Lecture Notes in Bioinformatics,conference-paper,5,Computer Science,10.1007/978-3-031-17995-2_5
B4-R10992,"Legal powers, subjections, disabilities, and immunities: Ontological analysis and modeling patterns",2023,Data and Knowledge Engineering,article,11,Computer Science; Social Sciences,10.1016/j.datak.2023.102219
B4-R07316,Legal Tech: Documents’ Validation Method Based on the Associative-Ontological Approach,2020,Lecture notes in computer science,conference-paper,1,"Economics, Econometrics and Finance; Social Sciences",10.1007/978-3-030-60276-5_25
B4-R19041,"Legal, Deontic, and Modal Logic",2012,Acta Facultatis Politico-Iuridicae Universitatis Scientiarum Budapestinensis de Rolando Eotvos Nominatae,,,,
B4-R17984,Legitimacy building strategies in conditions of discretionary legal enforcement: A logic of social action approach,2014,INDUSTRIAL MARKETING MANAGEMENT,article,7,"Business, Management and Accounting; Social Sciences",10.1016/j.indmarman.2014.04.016
B4-R11055,LEGO-Like Small Model Constructions for Åqvist's Logics,2024,Advances in Modal Logic,Conference Paper,1,,
B4-R13381,Let's be emotional! Experimental evidence for an alternative mediation logic of emotions in business relationships,2026,Industrial Marketing Management,article,3,"Business, Management and Accounting; Social Sciences",10.1016/j.indmarman.2025.12.002
B4-R14897,Leveraging Semantic Technologies for Collaborative Inference of Threatening IoT Dependencies,2023,APPLIED COMPUTING REVIEW,conference-paper,4,Computer Science; Decision Sciences,10.1145/3555776.3578573
B4-R03129,"Lex Minus Dixit Quam Voluit, Lex Magis Dixit Quam Voluit: A Formal Study on Legal Compliance and Interpretation",2010,Lecture notes in computer science,article,9,"Computer Science; Economics, Econometrics and Finance; Social Sciences",10.1007/978-3-642-16524-5_11
B4-R05815,"Liar liar, pants on fire; or how to use subjective logic and argumentation to evaluate information from untrustworthy sources",2016,Artificial Intelligence Review,article,12,Computer Science; Social Sciences,10.1007/s10462-016-9499-1
B4-R16557,Lightweight Ontology Architecture for QoS Aware Service Discovery and Semantic CoAP Data Management in Heterogeneous IoT Environment,2026,CMC-COMPUTERS MATERIALS & CONTINUA,article,0,Computer Science,10.32604/cmc.2026.075613
B4-R14852,Linguistic⇆Rational Agents' Semantics,2017,JOURNAL OF LOGIC LANGUAGE AND INFORMATION,article,2,Computer Science,10.1007/s10849-017-9258-y
B4-R05383,LISPARC: Using an architecture description language approach for modelling an adaptive processor microarchitecture,2012,7th IEEE International Symposium on Industrial Embedded Systems Sies 2012 Conference Proceedings,conference-paper,5,Computer Science,10.1109/sies.2012.6356596
B4-R11383,"Local government and practice ontologies: agency, resistance and sector speaks in homelessness services",2020,Local Government Studies,article,10,"Economics, Econometrics and Finance; Health Professions",10.1080/03003930.2020.1729748
B4-R06070,Localization to globalization: the spatial logic of dual circulation and its driving factors in China’s battery electric vehicle industry,2025,Humanities and Social Sciences Communications,article,2,"Business, Management and Accounting; Economics, Econometrics and Finance",10.1057/s41599-025-05829-1
B4-R00885,Location ontologies based on mereotopological pluralism,2020,Applied Ontology,article,7,Computer Science,10.3233/ao-200224
B4-R01189,"Logic and Ethics: An Integrated Model for Norms, Intentions and Actions",2015,Lecture notes in computer science,conference-paper,4,Arts and Humanities; Computer Science,10.1007/978-3-662-48561-3_22
B4-R07321,Logic of defeasible permission and its dynamics,2021,Journal of Logic and Computation,article,2,Computer Science,10.1093/logcom/exab022
B4-R14003,Logic of Violations: A Gentzen System for Reasoning with Contrary-To-Duty Obligations,2006,Australas. J. Log.,article,132,Computer Science,10.26686/ajl.v4i0.1780
B4-R15138,Logic Programming with Post-Quantum Cryptographic Primitives for Smart Contract on Quantum-Secured Blockchain,2021,ENTROPY,article,13,Computer Science,10.3390/e23091120
B4-R13265,"Logic, language, and values of co-operation versus competition in the context of recreating sustainable community systems",2014,International Review of Sociology,article,10,"Business, Management and Accounting; Decision Sciences",10.1080/03906701.2014.894342
B4-R06169,Logic-based implementation of fault-tolerant routing in 3D network-on-chips,2016,,conference-paper,14,Computer Science; Engineering,10.1109/nocs.2016.7579317
B4-R05802,Logic-Based Reputation Model in E-Commerce Simulation,2012,Journal of Artificial Societies and Social Simulation,article,6,Computer Science; Decision Sciences,10.18564/jasss.2024
B4-R09550,Logic-statistical information models in control function of accounting,2019,Independent Journal of Management & Production,article,25,Computer Science; Engineering,10.14807/ijmp.v10i7.906
B4-R16806,Logical Inference as Cost Minimization in Vector Spaces,2020,ARTIFICIAL INTELLIGENCE. IJCAI 2019 INTERNATIONAL WORKSHOPS,conference-paper,4,Computer Science,10.1007/978-3-030-56150-5_12
B4-R16899,Logical Specification and Uniform Synthesis of Robust Controllers,2019,17TH ACM-IEEE INTERNATIONAL CONFERENCE ON FORMAL METHODS AND MODELS FOR SYSTEM DESIGN (MEMOCODE),conference-paper,2,Computer Science,10.1145/3359986.3361213
B4-R08510,Logics and Agency in Public Management Research,2022,Public Organization Review,article,10,"Business, Management and Accounting; Decision Sciences; Social Sciences",10.1007/s11115-021-00576-8
B4-R08716,Logics for Modelling and Verifying Normative Multi-Agent Systems,2016,Utrecht University Repository (Utrecht University),dissertation,5,Computer Science; Social Sciences,
B4-R15877,Logics of Action and Models of Capitalism: Explaining Bottom-Up Non-Liberal Change,2014,SWISS POLITICAL SCIENCE REVIEW,article,14,Social Sciences,10.1111/spsr.12082
B4-R17977,Logics of risk: police communications in an age of uncertainty,2016,JOURNAL OF RISK RESEARCH,article,21,Social Sciences,10.1080/13669877.2015.1115423
B4-R07193,Loose coupling in heterogeneous event-based systems via approximate semantic matching and dynamic enrichment,2016,Arrow@dit (Dublin Institute of Technology),dissertation,9,Computer Science; Decision Sciences,10.13025/17855
B4-R09887,Low Power Dynamic Ternary Logic,1988,IEE Proceedings G Electronics Circuits and Systems,article,14,Computer Science; Engineering,10.1049/ip-g-1.1988.0032
B4-R09903,Low-power split-path data-driven dynamic logic,2009,Iet Circuits Devices and Systems,article,30,Engineering,10.1049/iet-cds.2009.0099
B4-R16069,Machine coding of policy texts with the Institutional Grammar,2021,PUBLIC ADMINISTRATION,article,31,"Business, Management and Accounting; Decision Sciences; Social Sciences",10.1111/padm.12711
B4-R16419,Machine learning biochemical networks from temporal logic properties,2006,TRANSACTIONS ON COMPUTATIONAL SYSTEMS BIOLOGY VI,Proceedings Paper,65,Computer Science; Mathematics,
B4-R16513,MAD-Onto: an ontology design for mobile app development,2025,FRONTIERS IN ARTIFICIAL INTELLIGENCE,article,5,Computer Science,10.3389/frai.2025.1508225
B4-R00665,Maize Disease Diagnosis Model Based on Ontology and Multi-Agent,2013,IFIP advances in information and communication technology,conference-paper,4,Computer Science,10.1007/978-3-642-36137-1_32
B4-R03394,Making Sense of the Copyrightability of Plots: A Case Study in the Ontology of Art,2009,Journal of Aesthetics and Art Criticism,article,1,"Business, Management and Accounting; Computer Science; Social Sciences",10.1111/j.1540-6245.2009.01369.x
B4-R07274,Making Tracks: The Ontology of Rock Music,2006,Journal of Aesthetics and Art Criticism,article,117,Arts and Humanities; Computer Science,10.1111/j.1540-594x.2006.00219.x
B4-R12064,Management of heterogeneous security access control configuration using an ontology engineering approach,2010,Proceedings of the ACM Conference on Computer and Communications Security,conference-paper,9,Computer Science,10.1145/1866898.1866903
B4-R02735,Managers’ dispositions toward formal contracts: A cross-country examination,2023,Journal of Business Research,article,5,Decision Sciences; Social Sciences,10.1016/j.jbusres.2023.114231
B4-R06381,MANAGING EUROPE FROM AN IRISH PERSPECTIVE: CRITICAL JUNCTURES AND THE INCREASING FORMALIZATION OF THE CORE EXECUTIVE IN IRELAND,2007,Public Administration,article,33,Social Sciences,10.1111/j.1467-9299.2007.00639.x
B4-R11525,Managing flexible work arrangements in US organizations: Formalized discretion or 'a right to ask',2006,Socio Economic Review,article,230,Health Professions; Social Sciences,10.1093/ser/mwl001
B4-R09090,Managing Semantic Compensation in a Multi-agent System,2004,Lecture notes in computer science,conference-paper,8,Computer Science,10.1007/978-3-540-30468-5_17
B4-R18830,Managing the Life-cycle of Industrial Automation Systems with Product Line Variability Models,2008,2008 34th Euromicro Conference Software Engineering and Advanced Applications,conference-paper,30,Computer Science; Engineering,10.1109/seaa.2008.21
B4-R16531,Mapping between relational database schema and OWL ontology for deep annotation,2006,"2006 IEEE/WIC/ACM INTERNATIONAL CONFERENCE ON WEB INTELLIGENCE, (WI 2006 MAIN CONFERENCE PROCEEDINGS)",conference-paper,85,Computer Science,10.1109/wi.2006.114
B4-R00730,Mapping Complex Agent-Based Model Parameter Spaces Using Metamodels and Mixed Adaptive Sampling,2026,Journal of Artificial Societies and Social Simulation,article,0,Computer Science; Engineering; Physics and Astronomy,10.18564/jasss.6161
B4-R02707,Marcelo Diamand’s contributions to economic theory through the lens of the classical Keynesian approach: a formal representation of unbalanced productive structures,2015,Journal of Post Keynesian Economics,article,8,"Economics, Econometrics and Finance; Social Sciences",10.1080/01603477.2015.1077143
B4-R13284,Market Meets Community: Institutional Logics as Strategic Resources for Development Work,2016,Organization Studies,article,123,"Business, Management and Accounting; Economics, Econometrics and Finance",10.1177/0170840615613370
B4-R08536,Markets or relationships? Institutional logics shaping home energy retrofit program design and delivery in Australia,2026,Energy Research & Social Science,article,1,Environmental Science; Social Sciences,10.1016/j.erss.2026.104932
B4-R15381,Materialising social ontology,2017,CAMBRIDGE JOURNAL OF ECONOMICS,article,12,"Business, Management and Accounting; Neuroscience; Social Sciences",10.1093/cje/bex038
B4-R02189,"Mathematical Practice, Fictionalism and Social Ontology",2022,Topoi,article,4,Arts and Humanities; Psychology,10.1007/s11245-022-09856-4
B4-R07408,Matter in Plotinus's Normative Ontology,2004,Phronesis,article,32,Arts and Humanities; Social Sciences,10.1163/1568528042568631
B4-R15892,Maturation by practice: shaping the EU's international identity in the absence of formal institutional change,2024,EUROPEAN SECURITY,article,5,Social Sciences,10.1080/09662839.2024.2383405
B4-R16656,Maximality vs. Optimality in Dyadic Deontic Logic,2014,JOURNAL OF PHILOSOPHICAL LOGIC,article,18,Computer Science,10.1007/s10992-013-9308-0
B4-R14035,MDROntology : An Ontology for Managing Ontology Changes Impacts on Business Rules,2012,EvoDyn@ISWC,Inproceedings,,,
B4-R02243,Measurement of formaldehyde as dimedone adduct and potential formaldehyde precursors in hard tissues of human teeth by overpressured layer chromatography,1999,Biomedical Chromatography,article,5,Chemistry; Engineering; Environmental Science,10.1002/(sici)1099-0801(199912)13:8<513::aid-bmc917>3.0.co;2-5
B4-R10913,Measurement-theoretic foundation of preference-based dyadic deontic logic,2009,Lecture Notes in Computer Science Including Subseries Lecture Notes in Artificial Intelligence and Lecture Notes in Bioinformatics,conference-paper,8,Computer Science,10.1007/978-3-642-04893-7_22
B4-R13359,Mechanistic logic and optimization strategies for government data security risk governance,2025,Studies in Science of Science,Article,1,Social Sciences,
B4-R09637,Medical Decision Support Systems and Semantic Technologies in Healthcare,2020,,conference-paper,10,"Business, Management and Accounting; Health Professions",10.2991/aebmr.k.200730.068
B4-R03584,Meeting the deadline: On the formal specification of temporal deontic constraints,1996,Lecture notes in computer science,conference-paper,30,Computer Science,10.1007/3-540-61286-6_149
B4-R05648,Membership in meta-organizations between organizational membership and inter-organizational relationship. A three-logics model to assess the heterogeneity of meta-organizations and variations among them,2024,Scandinavian Journal of Management,article,3,"Business, Management and Accounting",10.1016/j.scaman.2024.101394
B4-R01346,Memes as Signs in the Dynamic Logic of Semiosis: Beyond Molecular Science and Computation Theory,2004,Lecture notes in computer science,conference-paper,22,Neuroscience; Social Sciences,10.1007/978-3-540-27769-9_2
B4-R10659,MEMO GoalML: A context-enriched modeling language to support reflective organizational goal planning and decision processes,2016,Lecture Notes in Computer Science,conference-paper,9,Computer Science,10.1007/978-3-319-46397-1_40
B4-R16430,Mental State Ascription Using Dynamic Logic,2010,ECAI 2010 - 19TH EUROPEAN CONFERENCE ON ARTIFICIAL INTELLIGENCE,book-chapter,2,Computer Science,10.3233/978-1-60750-606-5-561
B4-R04123,Metamodel for Object-Oriented Database Management Systems,2002,,article,6,Computer Science,
B4-R00626,Metamodel for porous rock: Porosity and water-weakening controls on brittle–ductile transition in sandstones,2026,International Journal of Rock Mechanics and Mining Sciences,article,3,Engineering,10.1016/j.ijrmms.2026.106546
B4-R07281,Methodological Questions about the Ontology of Music,2009,Journal of Aesthetics and Art Criticism,article,20,Arts and Humanities; Computer Science,10.1111/j.1540-6245.2009.01367.x
B4-R02166,Methodology for The Development of an Ontology Network on The Brazilian National System for the Evaluation of higher Education (OntoSINAES),2018,Figshare,article,4,Computer Science,10.6084/m9.figshare.6388055
B4-R02027,Methodology to design ontologies from organizational models: application to creativity workshops,2019,Artificial intelligence for engineering design analysis and manufacturing,article,11,"Business, Management and Accounting; Computer Science",10.1017/s0890060419000088
B4-R11868,Metric semantics for concurrency,1988,BIT,article,37,Computer Science,10.1007/bf01941131
B4-R13391,MFSSIA: Ontology of blockchain-based multi-factor challenge set self-sovereign identity authentication,2026,Telematics and Informatics Reports,article,0,Computer Science; Social Sciences,10.1016/j.teler.2026.100322
B4-R16455,MIFTel: a multimodal interactive framework based on temporal logic rules,2020,MULTIMEDIA TOOLS AND APPLICATIONS,article,5,Computer Science,10.1007/s11042-019-08590-1
B4-R16469,Mining equalized association rules from multi concept layers of ontology using genetic network programming,2007,"2007 IEEE CONGRESS ON EVOLUTIONARY COMPUTATION, VOLS 1-10, PROCEEDINGS",Proceedings Paper,5,"Computer Science, Artificial Intelligence; Computer Science, Theory & Methods",
B4-R16878,Mining for Meaning: Ontology-Aware Process Mining Methods Through Knowledge Patterns,2025,"RESEARCH CHALLENGES IN INFORMATION SCIENCE, RCIS 2025, PT II",conference-paper,0,"Business, Management and Accounting; Computer Science",10.1007/978-3-031-92471-2_8
B4-R00708,MITREtrieval: Retrieving MITRE Techniques From Unstructured Threat Reports by Fusion of Deep Learning and Ontology,2024,IEEE Transactions on Network and Service Management,article,25,Computer Science; Social Sciences,10.1109/tnsm.2024.3401200
B4-R14520,MOBO-NFV: Automated Tuning of a Network Function Virtualization System using Multi-Objective Bayesian Optimization,2021,2021 IFIP/IEEE International Symposium on Integrated Network Management (IM),Conferences,,,
B4-R14008,Modal logic investigations in the Modal logic investigations in the semantics of counts semantics of counts-as as,2005,ICAIL,conference-paper,24,Computer Science,10.1145/1165485.1165487
B4-R10321,Model Based Systems Engineering (MBSE) applied through a sysML model to the mascot asteroid lander,2013,Proceedings of the International Astronautical Congress Iac,Conference Paper,6,Earth and Planetary Sciences; Engineering; Physics and Astronomy,
B4-R00438,Model checking early requirements specifications in Tropos,2002,Proceedings of the IEEE International Conference on Requirements Engineering,conference-paper,176,Computer Science,10.1109/isre.2001.948557
B4-R14717,Model checking early requirements specifications in Tropos,2001,"FIFTH IEEE INTERNATIONAL SYMPOSIUM ON REQUIREMENTS ENGINEERING, PROCEEDINGS",Proceedings Paper,68,"Computer Science, Software Engineering",
B4-R15156,Model checking for multi-agent systems with the interaction of fuzzy commitment and epistemic logic,2026,FUZZY SETS AND SYSTEMS,article,0,Computer Science,10.1016/j.fss.2026.109916
B4-R16793,Model checking fuzzy computation tree logic,2015,FUZZY SETS AND SYSTEMS,Article,40,Computer Science; Mathematics,10.1016/j.fss.2014.07.0080165
B4-R00038,Model Checking Logics of Social Commitments for Agent Communication,2012,Spectrum Research Repository (Concordia University),dissertation,4,Computer Science,
B4-R16427,Model Predictive Control with Variational Autoencoders for Signal Temporal Logic Specifications,2024,SENSORS,article,4,Computer Science; Engineering,10.3390/s24144567
B4-R09615,Model-driven agent-based simulation: Procedural semantics of a MAIA model,2014,Simulation Modelling Practice and Theory,article,11,Computer Science; Decision Sciences,10.1016/j.simpat.2014.07.009
B4-R18201,Model-Driven Development of UML-Based Domain-Specific Languages for System Architecture Variants,2019,2019 13TH ANNUAL IEEE INTERNATIONAL SYSTEMS CONFERENCE (SYSCON),conference-paper,7,Computer Science; Decision Sciences,10.1109/syscon.2019.8836895
B4-R18723,Modeling a reconfigurable system for computing the FFT in place via rewriting-logic,2003,"16th Symposium on Integrated Circuits and Systems Design, 2003. SBCCI 2003. Proceedings.",conference-paper,4,Computer Science; Engineering,10.1109/sbcci.2003.1232830
B4-R02851,Modeling and Analysis of Reliable Contract Net Protocol Using Timed Colored Petri Nets,2013,2013 IEEE/WIC/ACM International Joint Conferences on Web Intelligence (WI) and Intelligent Agent Technologies (IAT),conference-paper,4,Computer Science,10.1109/wi-iat.2013.85
B4-R16429,Modeling and inference of extended interval temporal logic for nondeterministic intervals,2005,IEEE TRANSACTIONS ON SYSTEMS MAN AND CYBERNETICS PART A-SYSTEMS AND HUMANS,article,11,Computer Science,10.1109/tsmca.2005.851128
B4-R09975,Modeling and integration of hospital information systems with petri nets,2009,2009 IEEE Informs International Conference on Service Operations Logistics and Informatics Soli 2009,conference-paper,23,"Business, Management and Accounting; Computer Science",10.1109/soli.2009.5203928
B4-R18812,Modeling and prototyping dynamically reconfigurable systems for efficient computation of dynamic programming methods by rewriting-logic,2004,Proceedings. SBCCI 2004. 17th Symposium on Integrated Circuits and Systems Design (IEEE Cat. No.04TH8784),conference-paper,8,Computer Science,10.1145/1016568.1016634
B4-R16587,Modeling and reasoning of IoT architecture in semantic ontology dimension,2020,COMPUTER COMMUNICATIONS,article,45,Computer Science,10.1016/j.comcom.2020.02.006
B4-R01229,Modeling artificial agents’ actions in context – a deontic cognitive event ontology,2020,Applied Ontology,article,4,Computer Science,10.3233/ao-200236
B4-R08462,Modeling Automation Trust Diffusion in Teams: Linking Micro- and Macro-Trust Dynamics,2026,Human Factors The Journal of the Human Factors and Ergonomics Society,article,0,Decision Sciences; Psychology,10.1177/00187208261472131
B4-R12006,Modeling C0 Family Logics for Artificial Intelligence: Doxastic-Temporal Logics for Reasoning About Goals,2024,Ki Kunstliche Intelligenz,article,1,Computer Science,10.1007/s13218-024-00848-7
B4-R10178,Modeling factory systems using graphs - Ontology-based design of a domain specific modeling approach,2015,Proceedings of the International Conference on Engineering Design Iced,Conference Paper,8,,
B4-R12245,Modeling Feynman’s quantum computer using Stochastic High Level Petri nets,2001,Proceedings of the IEEE International Conference on Systems Man and Cybernetics,conference-paper,2,Computer Science; Physics and Astronomy,10.1109/icsmc.2001.972980
B4-R05686,Modeling Human Activity From Voxel Person Using Fuzzy Logic,2008,IEEE Transactions on Fuzzy Systems,article,107,Computer Science,10.1109/tfuzz.2008.2004498
B4-R03317,Modeling legal conflict resolution based on dynamic logic,2020,Journal of Logic and Computation,article,2,Computer Science; Social Sciences,10.1093/logcom/exaa054
B4-R03728,Modeling Obligations with Event-Calculus,2014,Lecture notes in computer science,conference-paper,22,"Business, Management and Accounting; Computer Science",10.1007/978-3-319-09870-8_22
B4-R03778,Modeling of large-scale complex re-entrant manufacturing systems by extended object-oriented Petri nets,2004,The International Journal of Advanced Manufacturing Technology,article,16,Computer Science; Engineering,10.1007/s00170-004-2153-0
B4-R16348,Modeling ontology evolution via Pi-Calculus,2016,INFORMATION SCIENCES,article,8,Computer Science,10.1016/j.ins.2016.01.059
B4-R16302,Modeling ontology evolution with SetPi,2014,INFORMATION SCIENCES,article,11,Computer Science,10.1016/j.ins.2013.07.017
B4-R00656,Modeling Ontology of Folksonomy with Latent Semantics of Tags,2010,Proceedings 2010 IEEE Wic ACM International Conference on Web Intelligence Wi 2010,conference-paper,10,Computer Science,10.1109/wi-iat.2010.10
B4-R06058,Modeling Performance and Thermal Induced Reliability Issues of a 3nm FinFET Logic Chip Operation in a Fan-Out and a Flip-Chip Packages,2019,Intersociety Conference on Thermal and Thermomechanical Phenomena in Electronic Systems Itherm,conference-paper,4,Engineering; Materials Science,10.1109/itherm.2019.8757442
B4-R05589,Modeling Semantic Business Process Models,2008,IGI Global eBooks,book-chapter,19,"Business, Management and Accounting; Computer Science; Social Sciences",10.4018/978-1-59904-660-0.ch013
B4-R16739,Modeling Temporal Aspects of Contract Net Protocol Using Timed Colored Petri Nets,2012,PROCEEDINGS OF THE SIXTH STARTING AI RESEARCHERS' SYMPOSIUM (STAIRS 2012),book-chapter,4,"Business, Management and Accounting; Computer Science",10.3233/978-1-61499-096-3-83
B4-R04174,Modeling the home environment using ontology with applications in software configuration management,2008,2008 International Conference on Telecommunications ICT,conference-paper,28,Computer Science,10.1109/ictel.2008.4652663
B4-R04006,Modeling uncertainty in declarative artifact-centric process models using fuzzy logic,2021,Information Sciences,article,9,"Business, Management and Accounting; Computer Science",10.1016/j.ins.2021.07.075
B4-R05673,Modeling with the semantic Web in the geosciences,2005,IEEE Intelligent Systems,article,24,Computer Science; Decision Sciences; Earth and Planetary Sciences,10.1109/mis.2005.32
B4-R14228,Modelling adaptive multi-agent manufacturing control with discrete event system formalism,2004,Int. J. Syst. Sci.,article,17,"Business, Management and Accounting; Computer Science; Engineering",10.1080/00207220412331297947
B4-R01238,Modelling Ceteris Paribus Preferences with Deontic Logic,2021,Journal of Logic and Computation,article,6,Computer Science,10.1093/logcom/exab088
B4-R17392,Modelling Co-occurring Changes in a BPEL Process with Petri Nets,2019,PROCEEDINGS OF THE 14TH INTERNATIONAL CONFERENCE ON EVALUATION OF NOVEL APPROACHES TO SOFTWARE ENGINEERING (ENASE),conference-paper,2,"Business, Management and Accounting; Computer Science",10.5220/0007741804100416
B4-R11138,Modelling competence-based virtual organisations using the unified enterprise competence modelling language,2013,International Journal of Production Research,article,10,"Business, Management and Accounting",10.1080/00207543.2012.709648
B4-R05153,Modelling Moral Reasoning and Ethical Responsibility with Logic Programming,2015,Lecture notes in computer science,conference-paper,38,Computer Science,10.1007/978-3-662-48899-7_37
B4-R03779,Modelling of semiconductor wafer fabrication systems by extended object-oriented Petri nets,2005,International Journal of Production Research,article,19,Computer Science; Engineering,10.1080/0020754042000264563
B4-R02101,"Modelling of the Patient Care Process: a Two-Way Journey from a Hospital Case Study to Ontological, Epistemological and Methodological Challenges",2004,Journal of the Association for Information Systems,article,1,"Biochemistry, Genetics and Molecular Biology; Decision Sciences; Social Sciences",
B4-R04169,Modelling the configuration/management API middleware using coloured petri nets,2008,,conference-paper,2,"Business, Management and Accounting; Computer Science; Engineering",10.4108/icst.simutools2008.3043
B4-R04277,Models@Runtime: The Development and Re-Configuration Management of Python Applications Using Formal Methods,2021,Applied Sciences,article,10,Computer Science,10.3390/app11209743
B4-R05221,Model‐based Engineering of Emergence in a Collaborative SoS: Exploiting SysML & Formalism,2015,INCOSE International Symposium,conference-paper,5,Computer Science; Engineering,10.1002/j.2334-5837.2015.00071.x
B4-R03706,Modern temporal logic: The philosophical background,2006,Handbook of the history of logic,book-chapter,10,Computer Science; Psychology,10.1016/s1874-5857(06)80032-4
B4-R11752,Modification or termination of contract and formalities: Remarks on the manner in which the UNIDROIT Principles of International Commercial Contracts may be used to interpret or supplement Article 29 of the CISG,2007,An International Approach to the Interpretation of the United Nations Convention on Contracts for the International Sale of Goods 1980 as Uniform Sales Law,book-chapter,171,"Business, Management and Accounting; Social Sciences",10.1017/cbo9780511511417.022
B4-R09875,Modular orders on defaults in formal argumentation,2024,Journal of Logic and Computation,article,6,Computer Science,10.1093/logcom/exac084
B4-R00759,Modular verification of Petri Nets,1990,Lecture notes in computer science,conference-paper,26,Computer Science,10.1007/3-540-52559-9_65
B4-R07296,Modularising ontology and designing inference patterns to personalise health condition assessment: the case of obesity,2016,Journal of Biomedical Semantics,article,24,"Biochemistry, Genetics and Molecular Biology; Computer Science; Health Professions",10.1186/s13326-016-0049-1
B4-R11724,Molecular and Macromolecular Nonlinear Optical Materials. Probing Architecture/Electronic Structure/Frequency Doubling Relationships via an SCF-LCAO MECI π Electron Formalism,1988,Journal of the American Chemical Society,article,191,Chemistry; Engineering; Materials Science,10.1021/ja00214a008
B4-R11739,Molecular models and calculations in microscopic theory of order-disorder structural phase transitions: application to kh2po4 and related compounds,1996,Journal of Physical Chemistry,article,20,Chemistry; Materials Science; Physics and Astronomy,10.1021/jp9527970
B4-R07838,Monitoring business constraints with the event calculus,2013,ACM Transactions on Intelligent Systems and Technology,article,120,Computer Science,10.1145/2542182.2542199
B4-R00027,Monitoring Time-Aware Social Commitments with Reactive Event Calculus,2010,Archivio istituzionale della ricerca (Alma Mater Studiorum Università di Bologna),conference-paper,8,Computer Science; Social Sciences,
B4-R10917,Moral particularism and deontic logic,2010,Lecture Notes in Computer Science Including Subseries Lecture Notes in Artificial Intelligence and Lecture Notes in Bioinformatics,conference-paper,4,Arts and Humanities; Computer Science; Neuroscience,10.1007/978-3-642-14183-6_8
B4-R10923,Moral particularism in the light of deontic logic,2011,Artificial Intelligence and Law,article,19,Arts and Humanities; Neuroscience,10.1007/s10506-011-9108-1
B4-R01005,"Morality, Ontology, and Corporate Rights",2017,Law & Ethics of Human Rights,article,14,"Arts and Humanities; Economics, Econometrics and Finance; Neuroscience",10.1515/lehr-2017-0002
B4-R02095,"Motor ontology: the representational reality of goals, actions and selves",2003,Philosophical Psychology,article,137,Neuroscience; Psychology,10.1080/0951508032000121760
B4-R03234,Moving in the Time: An Ontology for Identifying Legal Resources,2008,Lecture notes in computer science,conference-paper,12,Computer Science; Social Sciences,10.1007/978-3-540-85569-9_5
B4-R11928,Moving in the time: An ontology for identifying legal resources,2007,Lecture Notes in Computer Science Including Subseries Lecture Notes in Artificial Intelligence and Lecture Notes in Bioinformatics,Conference Paper,4,Computer Science; Mathematics,10.1007/978-3-540-85569-9-5
B4-R18914,MP/L1: an automated model of organisational power and its application as a conflict prediction aid in information systems strategy implementation,1995,Proceedings the 11th Conference on Artificial Intelligence for Applications,conference-paper,6,"Business, Management and Accounting; Social Sciences",10.1109/caia.1995.378790
B4-R08367,Multi Agent System-Based Dynamic Trust Calculation Model and Credit Management Mechanism of Online Trading,2015,Lecture notes in computer science,conference-paper,6,"Business, Management and Accounting; Computer Science; Decision Sciences",10.1007/978-3-319-15554-8_14
B4-R08371,Multi agent system-based dynamic trust calculation model and credit management mechanism of online trading,2016,Intelligent Automation & Soft Computing,article,5,Computer Science; Decision Sciences,10.1080/10798587.2016.1152778
B4-R08134,Multi-formalism modelling and simulation,2000,Ghent University Academic Bibliography (Ghent University),dissertation,21,Decision Sciences,
B4-R12718,Multi-paradigm Models as Source for Automated Test Construction,2005,Electronic Notes in Theoretical Computer Science,article,5,Computer Science,10.1016/j.entcs.2004.12.002
B4-R11951,Multi-perspective enterprise modeling (MEMO) conceptual framework and modeling languages,2002,Proceedings of the Annual Hawaii International Conference on System Sciences,conference-paper,229,"Business, Management and Accounting; Computer Science",10.1109/hicss.2002.993989
B4-R16563,Multi-strategies Ontology Alignment Aggregated by AHP,2012,ADVANCES IN KNOWLEDGE-BASED AND INTELLIGENT INFORMATION AND ENGINEERING SYSTEMS,book-chapter,4,Computer Science,10.3233/978-1-61499-105-2-1583
B4-R15556,Multi-topic assignment for exploratory navigation of consumer health information in NetWellness using formal concept analysis,2014,BMC MEDICAL INFORMATICS AND DECISION MAKING,article,5,"Biochemistry, Genetics and Molecular Biology; Computer Science; Health Professions",10.1186/1472-6947-14-63
B4-R07282,Multilevel Legal Ontologies,2010,Lecture notes in computer science,conference-paper,33,Arts and Humanities; Computer Science,10.1007/978-3-642-12837-0_8
B4-R04250,Multilevel Ontology Framework for Improving Requirements Change Management in Global Software Development,2019,IEEE Access,article,10,Computer Science,10.1109/access.2019.2916782
B4-R17243,Multimedia Abstract Generation of Intensive Care Data: The Automation of Clinical Processes Through AI Methodologies,2010,WORLD JOURNAL OF SURGERY,article,12,Computer Science; Health Professions,10.1007/s00268-009-0319-5
B4-R08054,Multiple-Valued Logic Modelling for Agents Controlled via Optical Networks,2022,Applied Sciences,article,8,Computer Science; Physics and Astronomy,10.3390/app12031263
B4-R10940,"Narrative and human existence: Ontology, epistemology, and ethics",2014,New Literary History,article,89,Arts and Humanities; Psychology,10.1353/nlh.2014.0001
B4-R17781,"Natural actions, concurrency and continuous time in the situation calculus",1996,PRINCIPLES OF KNOWLEDGE REPRESENTATION AND REASONING: PROCEEDINGS OF THE FIFTH INTERNATIONAL CONFERENCE (KR '96),Proceedings Paper,57,"Computer Science, Artificial Intelligence",
B4-R00671,Natural language dependencies for ontological relation extraction,2014,2014 14th International Conference on Advances in ICT for Emerging Regions Icter 2014 Conference Proceedings,conference-paper,6,Computer Science,10.1109/icter.2014.7083893
B4-R09788,Natural Language Model for Automatic Identification of Intimate Partner Violence Reports from Twitter,2021,medRxiv,preprint,4,Social Sciences,10.1101/2021.11.24.21266793
B4-R09790,Natural language model for automatic identification of Intimate Partner Violence reports from Twitter,2022,Array,article,47,Health Professions; Social Sciences,10.1016/j.array.2022.100217
B4-R16901,Natural Language Processing based Auto Generation of Proof Obligations for Formal Verification of Control Requirements in Safety-Critical Systems,2024,IFAC PAPERSONLINE,article,4,Computer Science; Engineering,10.1016/j.ifacol.2024.05.001
B4-R13351,Navigating artificial intelligence in care homes: Competing stakeholder views of trust and logics of care,2024,Social Science and Medicine,article,23,Computer Science; Medicine; Social Sciences,10.1016/j.socscimed.2024.117187
B4-R02193,Navigating change: an exploration of socio-epistemic process of extending Wikidata ontology with new properties,2024,Journal of Documentation,article,1,Computer Science; Social Sciences,10.1108/jd-01-2024-0008
B4-R02159,NCRIO: A Normative Holonic Metamodel for Multi-agent Systems,2017,Lecture notes in computer science,conference-paper,4,"Business, Management and Accounting; Computer Science",10.1007/978-3-319-59650-1_54
B4-R11817,Negative Ontology. Eckhartian Mysticism Echoes of the esse absolute in Idealistic Egophany,2024,De Medio Aevo,article,1,Arts and Humanities; Social Sciences,10.5209/dmae.92070
B4-R16611,Neural Collaborative Filtering with Ontologies for Integrated Recommendation Systems,2022,SENSORS,article,12,Computer Science,10.3390/s22020700
B4-R09540,Neural Decision Forests for Semantic Image Labelling,2014,,conference-paper,136,Computer Science,10.1109/cvpr.2014.18
B4-R15560,NEUTRAL WOMEN'S NICKNAME IN GERMAN DIALECTS IN LUXEMBOURG AND BETWEEN PRAGMATIC AND SEMANTIC GENDER ASSIGNMENT*,2013,ZEITSCHRIFT FUR DIALEKTOLOGIE UND LINGUISTIK,Article,9,Social Sciences,
B4-R17958,New development: Resilience without justice? How resilience agendas can drift nonprofits toward neutrality logics,2026,PUBLIC MONEY & MANAGEMENT,article,0,Environmental Science; Psychology; Social Sciences,10.1080/09540962.2026.2669291
B4-R02439,New Formalities for Casual Labor: Addressing Unintended Consequences of China's Labor Contract Law,2015,Pacific Rim law & policy journal,article,9,Social Sciences,
B4-R12007,"No universal patient: temporal logics of harm prevention in emotional AI healthcare across Japan, China, and Hong Kong",2026,AI and Society,article,0,Neuroscience; Psychology; Social Sciences,10.1007/s00146-026-03355-5
B4-R00727,No-Meta Intelligence Under Ontology Drift: Information-Theoretic Limits and Operational Laws for Persistent Semantics,2026,SSRN Electronic Journal,preprint,5,Computer Science; Social Sciences,10.2139/ssrn.6245638
B4-R07222,Nominalist Constituent Ontologies: A Development and Critique,2022,PhilPapers (PhilPapers Foundation),book,4,Computer Science; Psychology,10.7274/cv43nv9580d
B4-R01577,Non-Functional Norms Specification and Verification Approach for Normative Multi-agents Systems,2019,Procedia Computer Science,conference-paper,4,Computer Science,10.1016/j.procs.2019.09.227
B4-R09866,Non-monotonic reasoning with normative conflicts in multi-agent deontic logic,2014,Journal of Logic and Computation,article,10,Computer Science,10.1093/logcom/exs059
B4-R08537,"Norm enforcement, learning and repair: three moral logics in organisational responses to unintended and unwanted healthcare outcomes",2026,Journal of Medical Ethics,article,0,"Economics, Econometrics and Finance; Health Professions",10.1136/jme-2026-111894
B4-R03381,Norm Modifications in Defeasible Logic,2005,Frontiers in Artificial Intelligence and Applications,article,34,Computer Science,
B4-R03727,Norm Representation and Reasoning: A Formalization in Event Calculus,2013,Lecture notes in computer science,conference-paper,9,Computer Science; Decision Sciences,10.1007/978-3-642-44927-7_2
B4-R11073,Norm specification and verification in multi-agent systems,2018,Journal of Applied Logics,Article,25,Mathematics,
B4-R14174,Normal Form Expressions of Propositional Projection Temporal Logic,2014,COCOON,conference-paper,1,Computer Science,10.1007/978-3-319-08783-2_8
B4-R14165,Normal Forms and Proofs in Combined Modal and Temporal Logics,2000,FroCoS,conference-paper,18,Computer Science,10.1007/10720084_6
B4-R01539,NorMAS-ML - A Modeling Language to Model Normative Multi-agent Systems,2012,Iceis 2012 Proceedings of the 14th International Conference on Enterprise Information Systems,conference-paper,4,Computer Science,10.5220/0004005501130119
B4-R14041,Normative Conflicts in a Dynamic Logic of Norms and Codes,2018,DEON,Inproceedings,,,
B4-R01121,Normative consequence relation and consequence operations on the language of dyadic deontic logic,1994,Theoria,article,2,Computer Science,10.1111/j.1755-2567.1994.tb00876.x
B4-R09861,Normative Inconsistency and Logical Theories: A First Critique of Defeasibilism,2013,Law and Philosophy Library,book-chapter,18,Arts and Humanities; Computer Science; Psychology,10.1007/978-94-007-6110-0_6
B4-R17056,Normative requirements for regulatory compliance: An abstract formal framework,2016,INFORMATION SYSTEMS FRONTIERS,article,75,"Business, Management and Accounting; Computer Science",10.1007/s10796-015-9558-1
B4-R10889,"Normative Systems, Permission and Deontic Logic",1991,Ratio Juris,article,18,"Economics, Econometrics and Finance; Social Sciences",10.1111/j.1467-9337.1991.tb00103.x
B4-R11936,Norms as Meanings. A Review of the Debate on the Ontology of Norms and Legal Theory,2024,Doxa Cuadernos De Filosofia Del Derecho,article,0,Social Sciences,10.14198/doxa2024.48.4
B4-R14011,"Norms, Institutional Power and Roles: Towards a Logical Framework",2006,ISMIS,conference-paper,18,Computer Science; Decision Sciences,10.1007/11875604_58
B4-R16673,Novel metaphor comprehension: Semantic neighbourhood density interacts with concreteness,2017,MEMORY & COGNITION,article,29,Psychology,10.3758/s13421-016-0650-7
B4-R10806,Novel ontological structure for semantic retrieval,2010,Xi Tong Gong Cheng Yu Dian Zi Ji Shu Systems Engineering and Electronics,Article,4,Engineering,
B4-R13112,Novel Quantitative Causal Logic Models for Human Reliability Analysis,2025,Proceedings of the 19th International Conference on Probabilistic Safety Assessment and Analysis Psa 2025,Conference Paper,1,,10.13182/psa2025-46421
B4-R16520,O3R: Ontology-based mechanism for a human-centered environment targeted at the analysis of navigation patterns,2010,KNOWLEDGE-BASED SYSTEMS,article,11,Computer Science,10.1016/j.knosys.2010.03.001
B4-R10946,"Obligation, free choice, and the logic of weakest permissions",2015,Review of Symbolic Logic,article,26,Arts and Humanities; Computer Science,10.1017/s1755020315000209
B4-R10922,Obligations and prohibitions in Talmudic deontic logic,2011,Artificial Intelligence and Law,article,16,Arts and Humanities; Computer Science; Social Sciences,10.1007/s10506-011-9109-0
B4-R03607,Obligations with deadlines: a formalization in Dynamic Deontic Logic,2012,Journal of Logic and Computation,article,2,Computer Science,10.1093/logcom/exs015
B4-R02686,Obligatory translation shift as a sub-component of a model of quality assurance specifications and performance translator assessment,2011,Babel Revue internationale de la traduction / International Journal of Translation / Revista Internacional de Traducción,article,5,"Arts and Humanities; Economics, Econometrics and Finance; Social Sciences",10.1075/babel.57.2.02kuf
B4-R16300,OBPP: An ontology-based framework for privacy-preserving in IoT-based smart city,2021,FUTURE GENERATION COMPUTER SYSTEMS-THE INTERNATIONAL JOURNAL OF ESCIENCE,article,253,Computer Science; Social Sciences,10.1016/j.future.2021.01.028
B4-R02109,Observed-MAS: An Ontology-Based Method for Analyzing Multi-Agent Systems Design Models,2007,Lecture notes in computer science,conference-paper,9,"Business, Management and Accounting; Computer Science",10.1007/978-3-540-70945-9_8
B4-R00737,OEMA: ontology-enhanced multi-agent collaboration framework for zero-shot clinical named entity recognition,2026,JAMIA Open,article,0,"Biochemistry, Genetics and Molecular Biology; Computer Science",10.1093/jamiaopen/ooag049
B4-R02089,OIL Ontologies for Collaborative Task Performance in Coalitions of Self-Interested Actors,2002,Lecture notes in computer science,conference-paper,10,"Business, Management and Accounting; Computer Science",10.1007/3-540-46140-x_30
B4-R07032,On 0-Complete Partial Metric Spaces and Quantitative Fixed Point Techniques in Denotational Semantics,2013,Abstract and Applied Analysis,article,30,Computer Science; Mathematics,10.1155/2013/985095
B4-R15323,On a fundamental problem of deontic logic,1999,"NORMS, LOGICS AND INFORMATION SYSTEMS: NEW STUDIES IN DEONTIC LOGIC AND COMPUTER SCIENCE",Proceedings Paper,63,Computer Science,
B4-R05351,On A Software Architecture Description supporting Component Deployment and System Runtime Reconfiguration,2004,,article,31,Computer Science,
B4-R15726,On Carnap's Syntactic and Semantic Explications of Analyticity,2026,JOURNAL FOR GENERAL PHILOSOPHY OF SCIENCE,article,0,Arts and Humanities; Psychology,10.1007/s10838-025-09719-7
B4-R02516,On Formal Feature Licensing in Minimalism: Aspects of Standard Arabic Morphosyntax,2007,University Libraries (University of Maryland),dissertation,166,Computer Science,
B4-R16220,On formalizing social commitments in dialogue and argumentation models using temporal defeasible logic,2013,KNOWLEDGE AND INFORMATION SYSTEMS,article,14,Computer Science,10.1007/s10115-012-0578-6
B4-R08043,On formally integrating science and policy: walking the walk,2015,Journal of Applied Ecology,article,75,"Economics, Econometrics and Finance; Engineering; Environmental Science",10.1111/1365-2664.12406
B4-R14004,On How Kelsenian Jurisprudence and Intuitionistic Logic help to avoid Contrary-to-Duty paradoxes in Legal Ontologies,2018,CoRR,Article,,,
B4-R16440,On interval dynamic logic: Introducing quasi-action lattices,2019,SCIENCE OF COMPUTER PROGRAMMING,article,8,Computer Science,10.1016/j.scico.2019.01.007
B4-R11816,On Mixed Semantics of Path Description Dependencies in FunDL,2024,Ceur Workshop Proceedings,Conference Paper,2,Computer Science,
B4-R03752,On Modelling Process Aspects With Deontic Event-Calculus,2022,International Journal of Service Science Management Engineering and Technology,article,2,"Business, Management and Accounting; Computer Science",10.4018/ijssmet.297498
B4-R09622,On providing semantic alignment and unified access to music library metadata,2017,International Journal on Digital Libraries,article,18,"Biochemistry, Genetics and Molecular Biology; Computer Science",10.1007/s00799-017-0223-9
B4-R16658,On Some Weakened Forms of Transitivity in the Logic of Conditional Obligation,2024,JOURNAL OF PHILOSOPHICAL LOGIC,article,2,Computer Science,10.1007/s10992-024-09748-5
B4-R07174,On the application of homogenization formalisms to active dielectric composite materials,2009,Optics Communications,article,21,Engineering; Materials Science; Physics and Astronomy,10.1016/j.optcom.2009.03.035
B4-R16439,On the application of the semantic web rule language in the definition of policies for system security management,2005,"ON THE MOVE TO MEANINGFUL INTERNET SYSTEMS 2005: OTM 2005 WORKSHOPS, PROCEEDINGS",Article; Proceedings Paper,1,Computer Science; Mathematics,
B4-R03378,On the automatic evolution of an OS kernel using temporal logic and AOP,2004,Proceedings 18th IEEE International Conference on Automated Software Engineering Ase 2003,conference-paper,46,Computer Science,10.1109/ase.2003.1240307
B4-R01355,On the Completeness of Dynamic Logic,2009,Lecture notes in computer science,conference-paper,2,Computer Science,10.1007/978-3-642-00596-1_7
B4-R11001,On the Conceptual Limits of Standard Deontic Logic,2026,Logica Universalis,book-chapter,1,Arts and Humanities; Computer Science; Neuroscience,10.1007/s11787-026-00407-8
B4-R14033,On the Creation of Structural FaceBook using Rule-Based Methods to Build and Exchange Ontology for Drug Design,2009,RuleML Challenge,Inproceedings,,,
B4-R11375,On the elements of an enterprise: Towards an ontology-based account,2011,Proceedings of the ACM Symposium on Applied Computing,conference-paper,5,"Business, Management and Accounting; Computer Science",10.1145/1982185.1982256
B4-R00677,On the Elements of Ontology,2016,On the Elements of Ontology Attribute Instances and Structure,book,10,Computer Science,10.1515/9783110455212
B4-R17659,On the Emergent Behavior Oxymoron of System-of-Systems Architecture Description,2018,2018 13TH ANNUAL CONFERENCE ON SYSTEM OF SYSTEMS ENGINEERING (SOSE),Proceedings Paper,5,"Engineering, Industrial; Engineering, Electrical & Electronic; Operations Research & Management Science",
B4-R07155,On the equivalence of semantics for normal logic programs,1995,The Journal of Logic Programming,article,61,Computer Science,10.1016/0743-1066(94)00023-y
B4-R16802,On the existence and unicity of stable models in normal residuated logic programs,2012,INTERNATIONAL JOURNAL OF COMPUTER MATHEMATICS,article,26,Computer Science,10.1080/00207160.2011.580842
B4-R14172,On the Existence of Answer Sets in Normal Extended Logic Programs,2006,ECAI,Inproceedings,,,
B4-R01507,On the Formal Specification of Electronic Institutions,2001,Lecture notes in computer science,conference-paper,273,"Business, Management and Accounting; Computer Science",10.1007/3-540-44682-6_8
B4-R11881,On the formal verification of systems of synchronous software components,2012,Lecture Notes in Computer Science Including Subseries Lecture Notes in Artificial Intelligence and Lecture Notes in Bioinformatics,conference-paper,7,Computer Science,10.1007/978-3-642-33678-2_25
B4-R00783,On the Impact of Ontological Commitment,2005,Birkhäuser-Verlag eBooks,book-chapter,8,Computer Science,10.1007/3-7643-7361-x_2
B4-R10807,On the integration of declarative choreographies and commitment-based agent societies into the SCIFF logic programming framework,2010,Multiagent and Grid Systems,article,7,"Business, Management and Accounting; Computer Science",10.3233/mgs-2010-0147
B4-R16695,"On the logic of 'being motivated to achieve ρ, before δ'",2004,"LOGICS IN ARTIFICIAL INTELLIGENCE, PROCEEDINGS",conference-paper,4,Computer Science,10.1007/978-3-540-30227-8_29
B4-R14013,On the Logic of Constitutive Rules,2007,Normative Multi-agent Systems,Inproceedings,,,
B4-R19042,On the Logic of Deontic Conditionals,1991,Ratio Juris,article,18,Computer Science,10.1111/j.1467-9337.1991.tb00105.x
B4-R16801,On the Logic of Normative Systems,2007,20TH INTERNATIONAL JOINT CONFERENCE ON ARTIFICIAL INTELLIGENCE,Proceedings Paper,24,"Computer Science, Artificial Intelligence; Computer Science, Theory & Methods",
B4-R02102,On the Ontological Status of Norms,2005,Lecture notes in computer science,conference-paper,9,Computer Science; Social Sciences,10.1007/978-3-540-32253-5_8
B4-R02100,On the Ontological Status of Plans and Norms,2004,Artificial Intelligence and Law,article,13,Arts and Humanities; Computer Science,10.1007/s10506-005-4158-x
B4-R00888,On the Ontological Turn in Economics: The Promises of Agent-Based Computational Economics,2020,Philosophy of the Social Sciences,article,5,"Economics, Econometrics and Finance",10.1177/0048393120917641
B4-R02285,On the physical origin of the quantum operator formalism,2021,Quantum Studies Mathematics and Foundations,article,6,Computer Science; Physics and Astronomy,10.1007/s40509-020-00241-7
B4-R18471,On the Refinement of Compensation-Based Semantics for Weighted Argumentation Frameworks,2021,"10TH BRAZILIAN CONFERENCE, BRACIS 2021, PT 1",conference-paper,1,Computer Science,10.1007/978-3-030-91702-9_23
B4-R14167,On the Relationship between [ohgr]-automata and Temporal Logic Normal Forms,2002,J. Log. Comput.,article,18,Computer Science,10.1093/logcom/12.4.561
B4-R16651,On the strong completeness of Aqvist's dyadic deontic logic G,2008,DEONTIC LOGIC IN COMPUTER SCIENCE,Proceedings Paper,8,Computer Science; Mathematics,
B4-R16235,On updates of hybrid knowledge bases composed of ontologies and rules,2015,ARTIFICIAL INTELLIGENCE,article,19,Computer Science,10.1016/j.artint.2015.07.008
B4-R00808,On Using the REA Enterprise Ontology as a Foundation for Service System Representations,2010,Lecture notes in business information processing,conference-paper,4,"Business, Management and Accounting; Computer Science",10.1007/978-3-642-16496-5_10
B4-R11445,On-orbit servicing ontology applied to recommended standards for satellites in earth orbit,2020,Journal of Space Safety Engineering,article,8,Engineering,10.1016/j.jsse.2020.02.002
B4-R16371,OntCAAC: An Ontology-Based Approach to Context-Aware Access Control for Software Services,2015,COMPUTER JOURNAL,article,37,Computer Science; Social Sciences,10.1093/comjnl/bxv034
B4-R00111,OntoBacen: A Modular Ontology for Risk Management in the Brazilian Financial System.,2015,,article,5,Computer Science,
B4-R00642,OntoBayes: An Ontology-Driven Uncertainty Model,2006,"INTERNATIONAL CONFERENCE ON COMPUTATIONAL INTELLIGENCE FOR MODELLING, CONTROL & AUTOMATION JOINTLY WITH INTERNATIONAL CONFERENCE ON INTELLIGENT AGENTS, WEB TECHNOLOGIES & INTERNET COMMERCE, VOL 1, PROCEEDINGS",conference-paper,104,Computer Science,10.1109/cimca.2005.1631307
B4-R10748,OntoBayes: An ontology-driven uncertainty model,2005,Proceedings International Conference on Computational Intelligence for Modelling Control and Automation Cimca 2005 and International Conference on Intelligent Agents Web Technologies and Internet,Conference Paper,104,,
B4-R16585,OntoCSD: an ontology-based security model for an integrated solution of cyberspace defense,2024,FRONTIERS OF INFORMATION TECHNOLOGY & ELECTRONIC ENGINEERING,article,1,Computer Science,10.1631/fitee.2300662
B4-R16589,OntoDynS: expediting personalization and diversification in semantic search by facilitating cognitive human interaction through ontology bagging and dynamic ontology alignment,2022,JOURNAL OF AMBIENT INTELLIGENCE AND HUMANIZED COMPUTING,article,6,Computer Science,10.1007/s12652-021-03624-9
B4-R12899,Ontologi Penelitian Hukum Islam Berbasis Paradigma Guba dan Lincoln,2020,Jurnal Hukum Islam,article,1,Social Sciences,10.28918/jhi.v18i1.2672
B4-R00724,Ontological (In)Security Encounters and the Epistemic Violence of Genocide Denial,2026,Journal of Genocide Research,article,1,Psychology; Social Sciences,10.1080/14623528.2025.2609395
B4-R02196,Ontological Analysis of Money,2024,Frontiers in artificial intelligence and applications,book-chapter,0,"Economics, Econometrics and Finance",10.3233/faia241301
B4-R07343,Ontological and Metaphysical Foundations of the Social Danger of Crimes: On the Dead End in Neocriminology,2024,Russian Journal of Criminology,article,6,Social Sciences,10.17150/2500-4255.2024.18(2).128-136
B4-R00858,Ontological Approach to Design Reasoning with the Use of Many-Sorted First-Order Logic,2016,Lecture notes in computer science,conference-paper,3,Engineering,10.1007/978-3-319-39384-1_31
B4-R10956,Ontological approach to the normative dimension of organizations: An application of documents acts ontology,2017,Ciencia Da Informacao,Article,5,Social Sciences,10.18225/ci.inf..v46i1.4024
B4-R00956,Ontological Commitment for Participative Simulation,2002,Lecture notes in computer science,conference-paper,5,"Business, Management and Accounting; Computer Science",10.1007/3-540-46140-x_11
B4-R04177,Ontological Configuration Management for Wireless Mesh Routers,2009,Lecture notes in computer science,conference-paper,2,Computer Science; Engineering,10.1007/978-3-642-04968-2_10
B4-R07381,Ontological Culture and the Divergent Trajectories of Christianity in Modern East Asia: A Comparative Historical Analysis of China and Korea,2026,Religions,article,1,Arts and Humanities; Social Sciences,10.3390/rel17020269
B4-R16305,Ontological emergence scheme in self-organized and emerging systems,2020,ADVANCED ENGINEERING INFORMATICS,article,12,Computer Science,10.1016/j.aei.2020.101045
B4-R00784,Ontological Engineering in Data Warehousing,2005,Lecture notes in computer science,conference-paper,2,Computer Science,10.1007/11610113_96
B4-R01090,ONTOLOGICAL FLATNESS AND THE ALIGNMENT PROBLEM: How a Mismodelled Ontology of Action Blinds AI Alignment Research,,PhilPapers (PhilPapers Foundation),article,0,Arts and Humanities; Neuroscience; Social Sciences,
B4-R12905,Ontological framework for user-driven system specification,1999,Proceedings of the Hawaii International Conference on System Sciences,Conference Paper,4,,
B4-R14034,Ontological generation of filter rules for context exchange in autonomic multimedia networks,2010,NOMS,conference-paper,12,Computer Science; Social Sciences,10.1109/noms.2010.5488448
B4-R07493,Ontological insecurity and the routinization of securitization: EU–DPRK relations beyond material threat,2026,The Pacific Review,article,0,Social Sciences,10.1080/09512748.2026.2674198
B4-R00817,Ontological Investigation of the Role of Internet in Religious Education,2011,Procedia - Social and Behavioral Sciences,conference-paper,10,Arts and Humanities; Social Sciences,10.1016/j.sbspro.2011.11.420
B4-R16607,Ontological knowledge base for concrete bridge rehabilitation project management,2021,AUTOMATION IN CONSTRUCTION,article,113,"Business, Management and Accounting; Computer Science; Engineering",10.1016/j.autcon.2020.103428
B4-R04336,Ontological Knowledge Maintenance Methodology,2008,Lecture notes in computer science,conference-paper,6,Computer Science; Decision Sciences,10.1007/978-3-540-85563-7_71
B4-R02121,Ontological matchmaking in a Duty Trip Support application in a virtual organization,2008,Proceedings of the International Multiconference on Computer Science and Information Technology,conference-paper,5,Computer Science,10.1109/imcsit.2008.4747246
B4-R16377,Ontological Method for the Modeling and Management of Building Component Construction Process Information,2023,BUILDINGS,article,11,Computer Science; Engineering,10.3390/buildings13082065
B4-R01179,Ontological model of legal norms for creating and using legislation,2012,Computer Science and Information Systems,article,14,"Business, Management and Accounting; Computer Science",10.2298/csis110804035g
B4-R00694,Ontological model of multi-agent Smart-system for predicting drug properties based on modified algorithms of artificial immune systems,2020,Theoretical Biology and Medical Modelling,article,4,"Biochemistry, Genetics and Molecular Biology; Engineering; Social Sciences",10.1186/s12976-020-00130-x
B4-R03327,Ontological modeling of the psychological field of a play,2023,PSIHOLOGÌÂ Ì SUSPÌLʹSTVO,article,5,"Business, Management and Accounting; Computer Science; Social Sciences",10.35774/pis2023.02.106
B4-R07278,Ontological modelling of content management and provision,2008,Information and Software Technology,article,16,Computer Science; Social Sciences,10.1016/j.infsof.2008.03.008
B4-R02195,Ontological pleasure: Exploring eating as enjoyment among people with experience of homelessness,2024,Social Science & Medicine,article,2,"Economics, Econometrics and Finance; Health Professions",10.1016/j.socscimed.2024.117622
B4-R16346,Ontological query answering under many-valued group preferences in Datalog plus /-,2018,INTERNATIONAL JOURNAL OF APPROXIMATE REASONING,article,5,Computer Science,10.1016/j.ijar.2017.11.008
B4-R02809,Ontological Reversal and Deep-Time Responsibility,,PhilPapers (PhilPapers Foundation),article,0,Medicine; Neuroscience; Social Sciences,
B4-R01031,Ontological Security and Climate Policy in Jair Bolsonaro’s Brazil: Understanding the Emotional Underpinnings of Environmental Destruction,2024,Global Studies Quarterly,article,7,Social Sciences,10.1093/isagsq/ksae079
B4-R07346,Ontological security crisis and role conception change: the impact of the Russian invasion of Ukraine on the European Union’s role conceptions,2024,European Journal of International Relations,article,13,Social Sciences,10.1177/13540661241304533
B4-R07308,"Ontological Security, Civilian Power, and German Foreign Policy Toward Russia1",2018,Foreign Policy Analysis,article,46,Social Sciences,10.1093/fpa/ory012
B4-R16308,Ontological Ship Behavior Modeling Based on COLREGs for Knowledge Reasoning,2022,JOURNAL OF MARINE SCIENCE AND ENGINEERING,article,28,Engineering; Environmental Science,10.3390/jmse10020203
B4-R12908,Ontological status and valuable determination of social norms and normative systems,2015,Social Sciences Pakistan,Article,7,,10.3923/sscience.2015.2216.2220
B4-R04242,Ontological Support for Process-Oriented Competency Management,2018,Lecture notes in business information processing,conference-paper,2,"Business, Management and Accounting; Computer Science",10.1007/978-3-319-77721-4_3
B4-R00918,Ontological theorising and the history of economic thought: an introduction,2025,Cambridge Journal of Economics,article,1,"Economics, Econometrics and Finance; Social Sciences",10.1093/cje/beaf054
B4-R16239,Ontological user modelling and semantic rule-based reasoning for personalisation of Help-On-Demand services in pervasive environments,2014,FUTURE GENERATION COMPUTER SYSTEMS-THE INTERNATIONAL JOURNAL OF ESCIENCE,article,74,Computer Science,10.1016/j.future.2013.10.027
B4-R07358,Ontological-Societal Security Node as a Phenomenon of the Digital Environment,2025,RUDN Journal of Philosophy,article,1,Social Sciences,10.22363/2313-2302-2025-29-2-317-334
B4-R07230,Ontologically grounding appearances in experience: Transcendental Idealism according to Anja Jauernig's The World According to Kant,2024,Philosophy and Phenomenological Research,article,0,Arts and Humanities; Social Sciences,10.1111/phpr.13100
B4-R07275,Ontologies and Probabilities: Working Together for Effective Multi-INT Fusion,2007,,article,4,Computer Science,
B4-R16324,Ontologies for Business Networks Identification,2015,"FORMAL ONTOLOGIES MEET INDUSTRY, FOMI 2015",conference-paper,2,"Business, Management and Accounting; Computer Science",10.1007/978-3-319-21545-7_2
B4-R00868,Ontologies for Commitment-Based Smart Contracts,2017,Lecture notes in computer science,conference-paper,34,"Business, Management and Accounting; Computer Science; Decision Sciences",10.1007/978-3-319-69459-7_26
B4-R16482,Ontologies for crisis contagion management in financial institutions,2009,JOURNAL OF INFORMATION SCIENCE,article,18,"Business, Management and Accounting; Computer Science",10.1177/0165551509105194
B4-R02129,Ontologies for Distributed Command and Control Messaging,2010,Frontiers in artificial intelligence and applications,article,10,Computer Science,10.3233/978-1-60750-535-8-373
B4-R00815,Ontologies for Emergency Response: Effect-Based Assessment as the Main Ontological Commitment,2011,Communications in computer and information science,conference-paper,4,Computer Science; Social Sciences,10.1007/978-3-642-24731-6_9
B4-R02090,"Ontologies for information management: balancing formality, stability, and sharing scope",2002,Expert Systems with Applications,article,60,Computer Science,10.1016/s0957-4174(02)00071-4
B4-R16484,Ontologies for intellectual property rights protection,2012,EXPERT SYSTEMS WITH APPLICATIONS,article,15,"Business, Management and Accounting; Computer Science",10.1016/j.eswa.2011.08.021
B4-R02099,Ontologies for Knowledge Management: An Information Systems Perspective,2004,Knowledge and Information Systems,article,201,"Business, Management and Accounting; Computer Science",10.1007/s10115-003-0135-4
B4-R09590,Ontologies for the Semantic Web in Casl,2005,Lecture notes in computer science,conference-paper,13,Computer Science,10.1007/978-3-540-31959-7_7
B4-R02168,Ontologies in the problems of building a concept domain model,2018,Международный журнал Программные продукты и системы,article,4,Computer Science,10.15827/0236-235x.124.677-683
B4-R02147,Ontologies in the Time of Linked Data,2015,NASKO,article,5,Computer Science,10.7152/nasko.v5i1.15176
B4-R00699,"Ontologies of live-work mix in Amsterdam, Brussels and Stockholm: an institutionalist approach drawing on path dependency",2021,European Planning Studies,article,6,"Economics, Econometrics and Finance; Social Sciences",10.1080/09654313.2021.2007858
B4-R03401,Ontology Adaptation upon Updates,2013,Lecture notes in computer science,conference-paper,2,Computer Science,10.1007/978-3-642-41242-4_4
B4-R00653,Ontology alignment argumentation with mutual dependency between arguments and mappings,2010,Proceedings International Conference on Data Engineering,conference-paper,2,Computer Science,10.1109/icdew.2010.5452705
B4-R07188,Ontology alignment repair through modularization and confidence-based heuristics,2013,arXiv (Cornell University),preprint,5,"Biochemistry, Genetics and Molecular Biology; Computer Science; Decision Sciences",10.48550/arxiv.1307.5322
B4-R03238,Ontology and Aesthetics of Digital Art,2008,Journal of Aesthetics and Art Criticism,article,3,Arts and Humanities; Computer Science; Neuroscience,10.1111/j.1540-594x.2008.00296.x
B4-R16303,Ontology and DSL Co-evolution Using Graph Transformations Methods,2017,"PERSPECTIVES IN BUSINESS INFORMATICS RESEARCH, BIR 2017",conference-paper,12,Computer Science,10.1007/978-3-319-64930-6_17
B4-R01029,Ontology and interdisciplinary research in esports,2023,Sport Ethics and Philosophy,article,20,Psychology; Social Sciences,10.1080/17511321.2023.2260567
B4-R16456,Ontology and production rules-based dynamic knowledge base construction methodology for machining process,2024,JOURNAL OF MANUFACTURING SYSTEMS,article,12,Computer Science; Engineering,10.1016/j.jmsy.2024.11.006
B4-R03377,Ontology and Taxonomy Collaborated Framework for Meeting Classification,2004,,article,55,Computer Science,
B4-R11927,Ontology and teleofunctions: A defense and revision of the systematic account of teleological explanation,2006,Synthese,article,34,Arts and Humanities; Psychology,10.1007/s11229-004-6257-8
B4-R00764,Ontology and terminology servers in agent-based health-care information systems.,1997,PubMed,article,14,Computer Science,10.1055/s-0038-1634688
B4-R00025,Ontology and Time Evolution of Obligations and Prohibitions Using Semantic Web Technology,2010,Lecture notes in computer science,conference-paper,29,Computer Science,10.1007/978-3-642-11355-0_7
B4-R13240,Ontology based approach in knowledge sharing measurement,2010,Journal of Universal Computer Science,Article,20,Computer Science; Mathematics,
B4-R16567,"Ontology based E-learning framework: A personalized, adaptive and context aware model",2019,MULTIMEDIA TOOLS AND APPLICATIONS,article,72,Computer Science,10.1007/s11042-019-08125-8
B4-R16359,Ontology Based Framework for Interactive Self-Assessment of e-Health Applications,2016,IEICE TRANSACTIONS ON INFORMATION AND SYSTEMS,article,4,Computer Science; Health Professions,10.1587/transinf.2015nti0001
B4-R16507,Ontology Based Integration and Decision Support in the Insigma Route Planning Subsystem,2012,2012 FEDERATED CONFERENCE ON COMPUTER SCIENCE AND INFORMATION SYSTEMS (FEDCSIS),Proceedings Paper,5,"Computer Science, Information Systems; Engineering, Electrical & Electronic",
B4-R16263,Ontology Based Object-Oriented Domain Modeling: Representing Behavior,2009,JOURNAL OF DATABASE MANAGEMENT,article,35,"Business, Management and Accounting; Computer Science",10.4018/jdm.2009010103
B4-R16282,Ontology based requirements analysis: Lightweight semantic processing approach,2005,"QSIC 2005: FIFTH INTERNATIONAL CONFERENCE ON QUALITY SOFTWARE, PROCEEDINGS",Proceedings Paper,62,"Computer Science, Software Engineering",
B4-R04265,Ontology Configuration Management for Knowledge-Centric Systems Engineering in Industry,2020,Proceedings 50th Annual IEEE IFIP International Conference on Dependable Systems and Networks Supplemental Volume Dsn S 2020,conference-paper,5,"Business, Management and Accounting; Computer Science; Engineering",10.1109/dsn-s50200.2020.00022
B4-R03415,Ontology Driven Approach to Generate Distributed Automation Control From Substation Automation Design,2016,IEEE Transactions on Industrial Informatics,article,28,Computer Science; Engineering,10.1109/tii.2016.2634095
B4-R02024,Ontology Driven Sentiment Analysis on Social Web for Government Intelligence,2017,ACM International Conference Proceeding Series,conference-paper,27,Computer Science,10.1145/3055219.3055229
B4-R13267,Ontology engineering in provenance enablement for the National Climate Assessment,2014,Environmental Modelling and Software,article,35,Computer Science; Decision Sciences,10.1016/j.envsoft.2014.08.002
B4-R00896,Ontology Engineering Methodologies: State of the Art,2022,Lecture notes in networks and systems,conference-paper,4,"Biochemistry, Genetics and Molecular Biology; Computer Science",10.1007/978-3-031-07969-6_5
B4-R00859,Ontology Evaluation Approaches: A Case Study from Agriculture Domain,2016,Lecture notes in computer science,conference-paper,24,Computer Science,10.1007/978-3-319-42089-9_23
B4-R16325,Ontology Evolution in the Context of Model-Based Secure Software Engineering,2020,RESEARCH CHALLENGES IN INFORMATION SCIENCE (RCIS 2020),conference-paper,4,"Business, Management and Accounting; Computer Science",10.1007/978-3-030-50316-1_26
B4-R10130,Ontology evolution: A survey and future challenges,2009,Communications in Computer and Information Science,conference-paper,26,Computer Science,10.1007/978-3-642-10580-7_11
B4-R00799,Ontology Extraction by Collaborative Tagging with Social Networking,2008,,article,11,Computer Science,
B4-R18361,Ontology for cloud manufacturing based Product Lifecycle Management,2019,JOURNAL OF INTELLIGENT MANUFACTURING,article,42,"Business, Management and Accounting; Engineering",10.1007/s10845-017-1376-5
B4-R09845,Ontology for commitments in multiagent systems: toward a unification of normative concepts,1999,Artificial Intelligence and Law,article,354,Computer Science; Decision Sciences,10.1023/a:1008319631231
B4-R11373,Ontology for the Knowledge Management in the product devevolpment process,2010,Gestao E Producao,article,8,"Business, Management and Accounting; Computer Science; Decision Sciences",10.1590/s0104-530x2010000300008
B4-R16289,Ontology formalism and semantic rules supporting traceability management in model-based systems engineering,2026,JOURNAL OF ENGINEERING DESIGN,article,5,"Business, Management and Accounting; Computer Science",10.1080/09544828.2025.2532291
B4-R04301,Ontology inference for data quality improvement: a support vector regression-based test effort estimation model,2025,Cluster Computing,article,0,Computer Science; Decision Sciences,10.1007/s10586-025-05384-z
B4-R16353,Ontology Learning in Educational Systems,2026,INFORMATION,article,0,"Biochemistry, Genetics and Molecular Biology; Computer Science",10.3390/info17020147
B4-R16530,Ontology mapping for learning objects repositories interoperability,2006,"INTELLIGENT TUTORING SYSTEMS, PROCEEDINGS",Article; Proceedings Paper,2,Computer Science; Mathematics,
B4-R04151,Ontology mapping for the interoperability problem in network management,2005,IEEE Journal on Selected Areas in Communications,article,128,Computer Science,10.1109/jsac.2005.854130
B4-R10892,Ontology Matters: The Relational Materiality of Nature and Agro-food Studies,2001,Sociologia Ruralis,article,162,"Agricultural and Biological Sciences; Business, Management and Accounting",10.1111/1467-9523.00177
B4-R11526,Ontology modeling for contract: Using OWL to express semantic relations,2006,Proceedings IEEE International Enterprise Distributed Object Computing Workshop Edoc,conference-paper,19,Computer Science,10.1109/edoc.2006.37
B4-R16602,Ontology Modeling Using Fractal and Fuzzy Concepts to Optimize Metadata Management,2025,APPLIED SCIENCES-BASEL,article,1,Computer Science,10.3390/app15137193
B4-R16383,Ontology negotiation between intelligent information agents,2002,KNOWLEDGE ENGINEERING REVIEW,article,68,Computer Science,10.1017/s0269888902000292
B4-R07304,ONTOLOGY OF SCIENTIFIC COGNITION OF SHADOW ECONOMY AND ECONOMIC SHADING,2018,Baltic Journal of Economic Studies,article,5,"Economics, Econometrics and Finance; Environmental Science",10.30525/2256-0742/2018-4-2-151-158
B4-R16349,Ontology Oriented Threat Detection System (OOTDS),2009,PROCEEDINGS OF THE INTERNATIONAL CONFERENCE ON DEPENDABILITY OF COMPUTER SYSTEMS,conference-paper,4,Computer Science; Decision Sciences,10.1109/depcos-relcomex.2009.45
B4-R16234,Ontology Reasoning Using Rules in an eHealth Context,2015,"RULE TECHNOLOGIES: FOUNDATIONS, TOOLS, AND APPLICATIONS",conference-paper,7,Computer Science,10.1007/978-3-319-21542-6_31
B4-R00993,Ontology Revisited,2012,Ontology Revisited Metaphysics in Social and Political Philosophy,book,16,Arts and Humanities; Social Sciences,10.4324/9780203855157
B4-R03226,Ontology schema for an agent belief store,2007,International Journal of Human-Computer Studies,article,28,Computer Science,10.1016/j.ijhcs.2007.03.004
B4-R16330,Ontology services-based information integration in mining telecom business intelligence,2004,"PRICAI 2004: TRENDS IN ARTIFICIAL INTELLIGENCE, PROCEEDINGS",Article; Proceedings Paper,8,Computer Science; Mathematics,
B4-R00976,Ontology Support for Biomedical Information Resources,2008,Proceedings IEEE Symposium on Computer Based Medical Systems,conference-paper,7,"Biochemistry, Genetics and Molecular Biology; Computer Science",10.1109/cbms.2008.21
B4-R00827,Ontology Supported Policy Modeling in Opinion Mining Process,2012,Lecture notes in computer science,conference-paper,4,Computer Science,10.1007/978-3-642-33618-8_34
B4-R01088,Ontology Under Constraint: PIUs and an Operator Architecture for Epistemic Access and Ontological Articulation,,PhilPapers (PhilPapers Foundation),article,0,Computer Science; Neuroscience; Psychology,
B4-R16283,Ontology versioning and change detection on the web,2002,"KNOWLEDGE ENGINEERING AND KNOWLEDGE MANAGEMENT, PROCEEDINGS: ONTOLOGIES AND THE SEMANTIC WEB",Article; Proceedings Paper,83,Computer Science; Mathematics,
B4-R16584,"Ontology, a Mediator for Agent-Based Modeling in Social Science",2010,JASSS-THE JOURNAL OF ARTIFICIAL SOCIETIES AND SOCIAL SIMULATION,article,55,"Business, Management and Accounting; Decision Sciences; Economics, Econometrics and Finance",10.18564/jasss.1538
B4-R00911,"Ontology, Epistimologi dan Axiologi dalam Filsafat Ilmu Untuk Pengembangan Teori Manajemen Pendidikan Islam",2024,Indo-MathEdu Intellectuals Journal,article,1,Social Sciences,10.54373/imeij.v5i5.2002
B4-R16386,Ontology-augmented Prognostics and Health Management for shopfloor-synchronised joint maintenance and production management decisions,2022,JOURNAL OF INDUSTRIAL INFORMATION INTEGRATION,article,25,Engineering; Health Professions,10.1016/j.jii.2021.100286
B4-R07438,Ontology-Based Approach to Decentralized Production Control in the Context of Cloud Manufacturing Execution Systems,2020,Publication Server of Kaiserslautern University of Technology (Kaiserslautern University of Technology),dissertation,5,Computer Science; Engineering,10.13140/rg.2.2.11486.46402
B4-R16582,Ontology-based approach to real-time risk management and cyber-situational awareness,2023,FUTURE GENERATION COMPUTER SYSTEMS-THE INTERNATIONAL JOURNAL OF ESCIENCE,article,41,Computer Science,10.1016/j.future.2022.12.006
B4-R16306,Ontology-based clinical information extraction from physician's free-text notes,2019,JOURNAL OF BIOMEDICAL INFORMATICS,article,48,"Biochemistry, Genetics and Molecular Biology; Computer Science; Health Professions",10.1016/j.jbi.2019.103276
B4-R04167,Ontology-Based Compatibility Checking for Web Service Configuration Management,2008,Lecture notes in computer science,conference-paper,4,"Business, Management and Accounting; Computer Science",10.1007/978-3-540-89652-4_31
B4-R02097,Ontology-Based Conceptual Modeling of Policy-Driven Control Framework: Oriented to Multi-agent System for Web Services Management,2004,Lecture notes in computer science,conference-paper,12,Computer Science; Social Sciences,10.1007/978-3-540-30483-8_42
B4-R16478,Ontology-based Context-aware Recommendation Approach For Dynamic Situations Enrichment,2018,2018 13TH INTERNATIONAL WORKSHOP ON SEMANTIC AND SOCIAL MEDIA ADAPTATION AND PERSONALIZATION (SMAP 2018),Proceedings Paper,8,"Computer Science, Artificial Intelligence; Computer Science, Information Systems; Computer Science, Interdisciplinary Applications; Mathematics, Applied",
B4-R10750,Ontology-based controlled natural language editor using CFG with lexical dependency,2007,Lecture Notes in Computer Science Including Subseries Lecture Notes in Artificial Intelligence and Lecture Notes in Bioinformatics,conference-paper,17,Computer Science,10.1007/978-3-540-76298-0_26
B4-R16397,Ontology-Based Crime News Semantic Retrieval System,2023,CMC-COMPUTERS MATERIALS & CONTINUA,article,7,Computer Science; Decision Sciences,10.32604/cmc.2023.036074
B4-R16536,ONTOLOGY-BASED CRITICAL INFRASTRUCTURE MODELING AND SIMULATION,2009,CRITICAL INFRASTRUCTURE PROTECTION III,Proceedings Paper,6,Computer Science; Decision Sciences,
B4-R16316,Ontology-based Decision Making on Uncontrolled Intersections and Narrow Roads,2015,2015 IEEE INTELLIGENT VEHICLES SYMPOSIUM (IV),Proceedings Paper,30,Computer Science; Engineering; Mathematics,
B4-R16552,Ontology-Based Decision Support Framework for Urban Road Renewal,2026,APPLIED SCIENCES-BASEL,article,1,Computer Science; Engineering,10.3390/app16052462
B4-R16483,Ontology-based enterprise knowledge integration,2008,ROBOTICS AND COMPUTER-INTEGRATED MANUFACTURING,article,68,"Business, Management and Accounting; Computer Science",10.1016/j.rcim.2007.07.007
B4-R03408,Ontology-Based Executable Design Decision Template Representation and Reuse,2015,Proceedings of the ASME Design Engineering Technical Conference,conference-paper,8,"Business, Management and Accounting; Engineering",10.1115/detc2015-46272
B4-R12067,Ontology-based information extraction from the configuration command line of network routers,2014,Lecture Notes in Computer Science Including Subseries Lecture Notes in Artificial Intelligence and Lecture Notes in Bioinformatics,conference-paper,4,Computer Science,10.1007/978-3-319-13817-6_30
B4-R17932,Ontology-based Information Model for the Exchange of Uncertainty in Load Carrying Structures,2012,UNCERTAINTY IN MECHANICAL ENGINEERING,article,6,Decision Sciences; Engineering,10.4028/www.scientific.net/amm.104.55
B4-R16441,Ontology-based knowledge modeling for automated construction safety checking,2015,SAFETY SCIENCE,article,131,Decision Sciences; Engineering; Health Professions,10.1016/j.ssci.2015.05.008
B4-R13275,Ontology-based knowledge platform to support equipment health in plant operations,2015,Ontology Modeling in Physical Asset Integrity Management,book-chapter,9,Decision Sciences; Engineering,10.1007/978-3-319-15326-1_8
B4-R03246,Ontology-Based Learning for Negotiation,2009,Proceedings 2009 IEEE Wic ACM International Conference on Intelligent Agent Technology Iat 2009,conference-paper,9,"Business, Management and Accounting; Computer Science",10.1109/wi-iat.2009.148
B4-R00657,Ontology-Based Matchmaking and Composition of Business Processes,2011,Studies in computational intelligence,book-chapter,7,"Business, Management and Accounting; Computer Science",10.1007/978-3-642-18308-9_7
B4-R16311,Ontology-Based Method for Schema Matching in a Peer-to-Peer Database System,2009,"DATASPACE: THE FINAL FRONTIER, PROCEEDINGS",Proceedings Paper,1,Computer Science; Mathematics,
B4-R16395,Ontology-based methods for enhancing autonomous vehicle path planning,2004,ROBOTICS AND AUTONOMOUS SYSTEMS,article,30,Computer Science,10.1016/j.robot.2004.07.020
B4-R13342,Ontology-Based Metrics Computation for System Security Assurance Evaluation,2024,Journal of Applied Security Research,article,4,Computer Science; Engineering,10.1080/19361610.2022.2157190
B4-R16542,Ontology-Based Model to Support Ubiquitous Healthcare Systems for COPD Patients,2018,ELECTRONICS,article,51,"Biochemistry, Genetics and Molecular Biology; Computer Science; Health Professions",10.3390/electronics7120371
B4-R16401,Ontology-based modeling of process selection knowledge for machining feature,2013,INTERNATIONAL JOURNAL OF PRECISION ENGINEERING AND MANUFACTURING,article,35,Engineering,10.1007/s12541-013-0231-7
B4-R16497,Ontology-Based Modeling of User-Environment Interaction in a Virtual Reality Exhibition,2024,"METADATA AND SEMANTIC RESEARCH, MTSR 2023",conference-paper,1,Computer Science; Engineering,10.1007/978-3-031-65990-4_22
B4-R16314,Ontology-based module selection in the design of reconfigurable machine tools,2020,JOURNAL OF INTELLIGENT MANUFACTURING,article,12,"Business, Management and Accounting; Engineering",10.1007/s10845-018-1446-3
B4-R16505,Ontology-Based Multidimensional Personalization Modeling for the Automatic Generation of Mashups in Next-Generation Portals,2008,"ONTORACT 2008: FIRST INTERNATIONAL WORKSHOP ON ONTOLOGIES IN INTERACTIVE SYSTEMS, PROCEEDINGS",conference-paper,7,Computer Science,10.1109/ontoract.2008.13
B4-R16526,Ontology-based Processing of Dynamic Maps in Automated Driving,2020,"PROCEEDINGS OF THE 12TH INTERNATIONAL JOINT CONFERENCE ON KNOWLEDGE DISCOVERY, KNOWLEDGE ENGINEERING AND KNOWLEDGE MANAGEMENT (KEOD), VOL 2",conference-paper,5,Computer Science,10.5220/0010133900980107
B4-R16382,Ontology-Based Reasoning to Classify Behaviors Associated with Chronic Disease Risk Factors,2023,PROCEEDINGS OF THE 19TH BRAZILIAN SYMPOSIUM ON INFORMATION SYSTEMS,conference-paper,4,"Biochemistry, Genetics and Molecular Biology; Computer Science; Health Professions",10.1145/3592813.3592917
B4-R16272,Ontology-Based Representation and Reasoning Framework for Supporting Job Hazard Analysis,2011,JOURNAL OF COMPUTING IN CIVIL ENGINEERING,article,115,Decision Sciences; Health Professions; Psychology,10.1061/(asce)cp.1943-5487.0000125
B4-R16514,Ontology-based resource matching in the grid the grid meets the semantic web,2003,SEMANTIC WEB - ISWC 2003,Article; Proceedings Paper,25,Computer Science; Mathematics,
B4-R16566,Ontology-based Semantic Blog Model for Recommending Blog Resource to Interest Communities,2009,"2009 IEEE CONGRESS ON SERVICES (SERVICES-1 2009), VOLS 1 AND 2",conference-paper,1,Computer Science,10.1109/services-i.2009.75
B4-R16399,Ontology-Based Semantic Normalization of Resumes for Classification,2026,APPLIED SYSTEM INNOVATION,article,0,"Business, Management and Accounting; Computer Science",10.3390/asi9070154
B4-R16541,ONTOLOGY-BASED SEMANTIC VERIFICATION FOR UML BEHAVIORAL MODELS,2013,INTERNATIONAL JOURNAL OF SOFTWARE ENGINEERING AND KNOWLEDGE ENGINEERING,article,12,Computer Science,10.1142/s0218194013500010
B4-R16337,Ontology-based Spectrum Access Policies for Policy-based Cognitive Radios,2012,2012 IEEE INTERNATIONAL SYMPOSIUM ON DYNAMIC SPECTRUM ACCESS NETWORKS,Proceedings Paper,7,"Computer Science, Hardware & Architecture; Engineering, Electrical & Electronic",
B4-R16458,Ontology-based supply chain decision support for steel manufacturers in China,2013,EXPERT SYSTEMS WITH APPLICATIONS,article,41,"Business, Management and Accounting; Computer Science",10.1016/j.eswa.2013.07.061
B4-R08102,Ontology-Based Test Modeling and Partition Testing of Web Services,2008,Proceedings of the IEEE International Conference on Web Services Icws 2008,conference-paper,71,Computer Science,10.1109/icws.2008.111
B4-R16503,Ontology-Based Web Service Architecture for Retail Supply Chain Management,2018,"9TH INTERNATIONAL CONFERENCE ON AMBIENT SYSTEMS, NETWORKS AND TECHNOLOGIES (ANT 2018) / THE 8TH INTERNATIONAL CONFERENCE ON SUSTAINABLE ENERGY INFORMATION TECHNOLOGY (SEIT-2018) / AFFILIATED WORKSHOPS",conference-paper,34,"Business, Management and Accounting; Computer Science",10.1016/j.procs.2018.04.101
B4-R00669,"Ontology-Based, Process-Oriented, and Society-Independent Agent System for Cloud Computing",2014,International Journal of Distributed Sensor Networks,article,6,"Business, Management and Accounting; Computer Science",10.1155/2014/689650
B4-R11937,Ontology-Constrained Knowledge Graph Construction and Relation-Grounded Question Answering for Specialty Crop Knowledge Services: A Jujube Industry Case Study,2026,Applied Sciences Switzerland,article,0,"Biochemistry, Genetics and Molecular Biology; Computer Science",10.3390/app16157810
B4-R12048,Ontology-drive virtual production network configuration: A concept and constraint-object-oriented knowledge management,2001,Iceis 2001 Proceedings of the 3rd International Conference on Enterprise Information Systems,Conference Paper,5,,
B4-R02014,Ontology-driven analysis of UML-based collaborative processes using OWL-DL and CPN,2009,Science of Computer Programming,article,33,"Business, Management and Accounting; Computer Science",10.1016/j.scico.2009.05.002
B4-R16595,Ontology-Driven Automatic Scoring of Mechanization Rate in Power Grid Construction Projects Using Large Language Models,2026,BUILDINGS,article,0,Decision Sciences; Engineering,10.3390/buildings16051010
B4-R16350,Ontology-Driven Event Detection and Indexing in Smart Spaces,2010,2010 IEEE FOURTH INTERNATIONAL CONFERENCE ON SEMANTIC COMPUTING (ICSC 2010),conference-paper,27,Computer Science,10.1109/icsc.2010.63
B4-R16318,Ontology-driven evolution of software security,2021,DATA & KNOWLEDGE ENGINEERING,article,20,Computer Science,10.1016/j.datak.2021.101907
B4-R02112,Ontology-Driven Information System for Supply Chain Management,2007,,book-chapter,5,"Business, Management and Accounting; Computer Science",10.1007/978-0-387-37022-4_25
B4-R07471,Ontology-driven Physics Informed Neural Network (O-PINN) of interpretable melt pool behavior for real-time process anomalies’ prognosis/diagnosis,2026,The International Journal of Advanced Manufacturing Technology,article,1,Engineering; Materials Science,10.1007/s00170-025-17207-x
B4-R17542,Ontology-Driven Risk Modeling and Simulation Framework for Earthquake-Affected Complex Systems,2026,IEEE ACCESS,article,0,Computer Science; Decision Sciences; Engineering,10.1109/access.2026.3723794
B4-R09680,Ontology-Driven Semantic Interoperability Framework for Multi-Center Healthcare Big Data with Graph-Based Query Analysis,2025,,conference-paper,1,Decision Sciences,10.1109/comp-sif65618.2025.10969920
B4-R16297,Ontology-driven slope modeling for disaster management service,2015,CLUSTER COMPUTING-THE JOURNAL OF NETWORKS SOFTWARE TOOLS AND APPLICATIONS,article,37,Health Professions; Social Sciences,10.1007/s10586-015-0424-1
B4-R16515,Ontology-guided adversarial scenario generation for AV testing,2026,JOURNAL OF KING SAUD UNIVERSITY COMPUTER AND INFORMATION SCIENCES,article,1,Computer Science; Engineering,10.1007/s44443-026-00497-w
B4-R16233,Ontology-guided change detection to the Semantic Web data,2004,"CONCEPTUAL MODELING - ER 2004, PROCEEDINGS",Article; Proceedings Paper,3,Computer Science; Mathematics,
B4-R02087,Ontology-Related Services in Agent-Based Distributed Information Infrastructures.,2001,,article,6,Computer Science,
B4-R02092,Ontology-Services to Facilitate Agents’ Interoperability,2003,Lecture notes in computer science,conference-paper,14,Computer Science,10.1007/978-3-540-39896-7_15
B4-R04416,Ontology-Supported Design Parameter Management for Change Impact Analysis,2018,Proceedings 44th Euromicro Conference on Software Engineering and Advanced Applications Seaa 2018,conference-paper,1,"Business, Management and Accounting; Engineering",10.1109/seaa.2018.00011
B4-R07027,OntoMove: A Knowledge Based Framework for Semantic Requirement Profiling and Resource Acquisition,2007,"2007 AUSTRALIAN SOFTWARE ENGINEERING CONFERENCE, PROCEEDINGS",conference-paper,13,"Biochemistry, Genetics and Molecular Biology; Computer Science",10.1109/aswec.2007.36
B4-R18995,OntoSoS.CM: A business process architecture driven and semantically enriched change management framework for systems of systems engineering,2016,2016 IEEE International Symposium on Systems Engineering (ISSE),conference-paper,9,"Business, Management and Accounting; Engineering",10.1109/syseng.2016.7753178
B4-R16590,OntRel: An Ontology Indexer to store OWL-DL Ontologies and its Instances,2009,2009 INTERNATIONAL CONFERENCE OF SOFT COMPUTING AND PATTERN RECOGNITION,conference-paper,12,Computer Science,10.1109/socpar.2009.98
B4-R04122,OODBMS Metamodel Supporting Configuration Management of Large Applications,2002,Lecture notes in computer science,conference-paper,1,"Business, Management and Accounting; Computer Science",10.1007/3-540-46102-7_8
B4-R02139,Open Ontology-Driven Sociotechnical Systems: Transparency as a Key for Business Resiliency,2012,Information Systems Crossroads for Organization Management Accounting and Engineering Itais the Italian Association for Information Systems,book-chapter,14,"Business, Management and Accounting; Computer Science; Social Sciences",10.1007/978-3-7908-2789-7_58
B4-R16315,OPENET LD An Ontology-based Petri Net Engine to Execute IMS LD Units of Learning,2009,ICALT: 2009 IEEE INTERNATIONAL CONFERENCE ON ADVANCED LEARNING TECHNOLOGIES,conference-paper,7,"Business, Management and Accounting; Computer Science",10.1109/icalt.2009.163
B4-R16463,OPENET: Ontology-based engine for high-level Petri nets,2010,EXPERT SYSTEMS WITH APPLICATIONS,article,13,"Business, Management and Accounting; Computer Science",10.1016/j.eswa.2010.02.136
B4-R18882,Operational Context-Based Design Method of Autonomous Vehicles Logical Architectures,2020,2020 IEEE 15th International Conference of System of Systems Engineering (SoSE),conference-paper,7,Computer Science; Engineering,10.1109/sose50414.2020.9130533
B4-R02842,Operational semantics for multi-language programs,2009,ACM Transactions on Programming Languages and Systems,article,71,Computer Science,10.1145/1498926.1498930
B4-R03618,Operational Semantics of an Extension of ODRL Able to Express Obligations,2018,Lecture notes in computer science,conference-paper,6,Computer Science,10.1007/978-3-030-01713-2_13
B4-R00001,Operational specification of a commitment-based agent communication language,2002,Proceedings of the International Conference on Autonomous Agents,conference-paper,16,Computer Science,10.1145/544862.544868
B4-R11022,OPJK and DILIGENT: Ontology modeling in a distributed environment,2007,Artificial Intelligence and Law,article,31,Computer Science,10.1007/s10506-007-9036-2
B4-R06258,Optimal fixed-time sliding mode control for anti-lock braking systems based fuzzy logic and neural network,2025,Results in Engineering,article,13,Engineering,10.1016/j.rineng.2025.103921
B4-R15583,Optimization of the process variables for the synthesis of spherical novolac-typed resin by dispersion polycondensation of 2-phenoxyethanol with formaldehyde using response surface methodology,2011,JOURNAL OF THE TAIWAN INSTITUTE OF CHEMICAL ENGINEERS,article,3,Engineering; Materials Science,10.1016/j.jtice.2010.05.007
B4-R02664,"Orality and literacy, formality and informality in email communication",2008,Dialnet (Universidad de la Rioja),article,35,Arts and Humanities; Computer Science,
B4-R02653,Order with Some Law: Complementarity versus Substitution of Formal and Informal Arrangements,2004,The Journal of Law Economics and Organization,article,192,"Economics, Econometrics and Finance; Social Sciences",10.1093/jleo/ewh034
B4-R02639,Order with Some Law: Complementarity vs. Substitution of Formal and Informal Arrangements,2001,SSRN Electronic Journal,preprint,68,"Economics, Econometrics and Finance; Social Sciences",10.2139/ssrn.293803
B4-R10862,Organisation ontology for enterprise modelling: preliminary concepts for linking structure and behaviour,1995,Proceedings of the Workshop on Enabling Technologies Infrastructure for Collaborative Enterprises WET ICE,Conference Paper,33,,
B4-R02162,Organisational Metamodel for Large-Scale Multi-Agent Systems: First Steps Towards Modelling Organisation Dynamics,2017,ADCAIJ ADVANCES IN DISTRIBUTED COMPUTING AND ARTIFICIAL INTELLIGENCE JOURNAL,article,33,"Business, Management and Accounting; Computer Science",10.14201/adcaij2017631727
B4-R17976,Organizational crisis: The logic of failure,2005,ACADEMY OF MANAGEMENT EXECUTIVE,article,249,"Business, Management and Accounting",10.5465/ame.2005.15841958
B4-R08684,"Organizational Culture, Formal Reward Structure, and Effective Strategy Implementation: A Conceptual Model",2011,"Journal of organizational culture, communication and conflict",article,46,"Business, Management and Accounting; Psychology",
B4-R06083,"Organizational Memory Theory: A Study of Multi-Level Memory Storage, Transmission, and Emergence Mechanisms Based on Organizational Ontology",,PhilPapers (PhilPapers Foundation),article,0,"Business, Management and Accounting; Computer Science; Neuroscience",
B4-R12627,Organized research-Historical evolution and theoretical logics,2025,Studies in Science of Science,Article,0,Social Sciences,
B4-R08683,Organizing agent organizations : syntax and operational semantics of an organization-oriented programming language,2011,Utrecht University Repository (Utrecht University),dissertation,46,"Business, Management and Accounting; Computer Science",
B4-R00658,Outbound logistics exception monitoring: A multi-perspective ontologies’ approach with intelligent agents,2011,Expert Systems with Applications,article,32,"Business, Management and Accounting; Computer Science",10.1016/j.eswa.2011.04.111
B4-R16229,Overview and Reflexion on OWL 2 DL Ontology Consistency Rules,2017,"PROCEEDINGS OF THE SECOND INTERNATIONAL CONFERENCE ON INTERNET OF THINGS, DATA AND CLOUD COMPUTING (ICC 2017)",conference-paper,5,Computer Science; Decision Sciences,10.1145/3018896.3036376
B4-R03503,Overview of Business Process Modeling Languages Supporting Enterprise Collaboration,2014,Lecture notes in business information processing,conference-paper,6,"Business, Management and Accounting; Computer Science",10.1007/978-3-319-06671-4_2
B4-R17163,Overview of Cellular Automaton Models for Corrosion,2014,CELLULAR AUTOMATA: 11TH INTERNATIONAL CONFERENCE ON CELLULAR AUTOMATA FOR RESEARCH AND INDUSTRY,Proceedings Paper,17,Computer Science; Mathematics,
B4-R07038,Overview of the MPEG-21 Media Contract Ontology,2016,Semantic Web,article,18,Computer Science,10.3233/sw-160215
B4-R03370,PARACONSISTENT FOUNDATIONS OF ONTOLOGICAL DENSITY,,PhilPapers (PhilPapers Foundation),article,0,Computer Science; Social Sciences,
B4-R05135,"Parallel DEVS: a parallel, hierarchical, modular modeling formalism",2005,,conference-paper,122,"Business, Management and Accounting; Computer Science; Decision Sciences",10.1109/wsc.1994.717419
B4-R12426,"Parallel DEVS: A parallel, hierarchical, modular modeling formalism and its distributed simulator",1996,Transactions of the Society for Computer Simulation,Article,91,"Computer Science, Interdisciplinary Applications; Computer Science, Software Engineering",
B4-R05130,"Parallel DEVS: a parallel, hierarchical, modular, modeling formalism",1994,NCSU Libraries Repository (North Carolina State University Libraries),report,174,"Business, Management and Accounting; Computer Science; Decision Sciences",10.5555/193201.194336
B4-R15489,Parliamentary Scrutiny Without Formal Powers? The European Parliament's Practice of Securing Access to Information in Informal EU Readmission Policy,2025,EUROPEAN LAW REVIEW,Article,0,Social Sciences,
B4-R00891,Participatory design for ontologies: a case study of an open science ontology for qualitative coding schemas,2020,Aslib Journal of Information Management,article,10,"Biochemistry, Genetics and Molecular Biology; Computer Science; Decision Sciences",10.1108/ajim-11-2019-0320
B4-R07069,Particle Swarm Algorithm for Smart Contract Vulnerability Detection Based on Semantic Web,2024,International Journal on Semantic Web and Information Systems,article,0,Computer Science,10.4018/ijswis.342850
B4-R00942,Parts Work and the Psychology of Self: Ontology of Subpersonalities,2026,Human Arenas,article,1,Psychology; Social Sciences,10.1007/s42087-026-00657-4
B4-R02595,Pattern Recognition in Semantic Feature Spaces for Image Colorization Quality Assessment,2026,Electronics,article,0,Computer Science,10.3390/electronics15091969
B4-R03093,Pay-for-(Persistent)-Luck: CEO Bonuses Under Relational and Formal Contracting,2014,SSRN Electronic Journal,preprint,4,"Business, Management and Accounting; Economics, Econometrics and Finance",10.2139/ssrn.2441174
B4-R13408,Paying kin for care: Agency barriers to formalizing informal care,1990,Journal of Aging and Social Policy,article,2,Health Professions; Social Sciences,10.1300/j031v02n02_07
B4-R16225,PDT Logic: A Probabilistic Doxastic Temporal Logic for Reasoning about Beliefs in Multi-agent Systems,2016,JOURNAL OF ARTIFICIAL INTELLIGENCE RESEARCH,article,2,Computer Science,10.1613/jair.5182
B4-R07387,"People and Leadership: Ontological Foundations, Historical Agency, and the Ethics of Transformative Change",2026,Journal of Human Resource Management,article,1,"Business, Management and Accounting; Social Sciences",10.11648/j.jhrm.20261402.18
B4-R04814,Performance modeling of dairy processing plant using generalized stochastic Petri nets,2024,AIP conference proceedings,conference-paper,1,Computer Science; Engineering,10.1063/5.0192329
B4-R03036,Performance optimization for state machine replication based on application semantics: A review,2015,Journal of Systems and Software,article,34,Computer Science,10.1016/j.jss.2015.11.006
B4-R13313,Performing the enemy? No-risk logic and the assessment of prisoners in “radicalization assessment units” in French prisons,2021,Punishment and Society,article,24,Social Sciences,10.1177/1462474520952147
B4-R10994,Permissive and regulative norms in deontic logic,2024,Journal of Logic and Computation,article,5,Computer Science,10.1093/logcom/exad024
B4-R00981,"Perspectives and Persons: Ontological, Constitutive Possibilities",2009,,book-chapter,7,Psychology,10.1007/978-1-4419-1065-3_9
B4-R10563,Petri-Net-Based Partial Order Reduction for Model Checking Temporal Epistemic Logic on Multiagent Systems,2026,IEEE Transactions on Control Systems Technology,article,1,Computer Science,10.1109/tcst.2025.3647931
B4-R18012,Phasic Affective Modulation of Semantic Priming,2013,JOURNAL OF EXPERIMENTAL PSYCHOLOGY-LEARNING MEMORY AND COGNITION,article,47,Neuroscience; Psychology,10.1037/a0028879
B4-R03024,Philosophy and Intelligent Technologies: Logic and Ethics as the Engine of Legal Change. An essay in general theory of law and legal informatics.,2026,European Journal of Privacy Law & Technologies,article,1,Decision Sciences; Social Sciences,10.57230/ejplt262gc
B4-R19013,PipeConf: An Integrated Architecture for the Automated Configuration of Network Assets,2022,IEEE Transactions on Network and Service Management,article,4,Computer Science,10.1109/tnsm.2022.3195382
B4-R12636,Platform as a service API ontology,2012,Proceedings of the European Conference on E Government Eceg,Conference Paper,5,Political Science; Public Administration,
B4-R04166,Platform ontologies for the model-driven architecture,2007,European Journal of Information Systems,article,25,"Business, Management and Accounting; Computer Science",10.1057/palgrave.ejis.3000686
B4-R16219,Play Everywhere: A Temporal Logic Based Game Environment Independent Approach for Playing Soccer with Robots,2024,ROBOCUP 2023: ROBOT WORLD CUP XXVI,conference-paper,3,Computer Science,10.1007/978-3-031-55015-7_1
B4-R08482,Playing with fire: an MNC’s inability to translate its market logic in a culturally complex exchange setting in rural India,2012,OpenGrey (Institut de l'Information Scientifique et Technique),dissertation,4,"Business, Management and Accounting; Economics, Econometrics and Finance; Social Sciences",10.5287/ora-y5xmm1mgj
B4-R03412,PLOMaR: An ontology framework for context modeling and reasoning on crowd-sensing platform,2016,2016 IEEE International Conference on Pervasive Computing and Communication Workshops Percom Workshops 2016,conference-paper,1,Computer Science; Social Sciences,10.1109/percomw.2016.7457108
B4-R08515,Pockets of Trust in a Landscape of Distrust: Interorganisational Trust and the Challenge of Conflicting Institutional Logics,2023,Scandinavian Journal of Public Administration,article,2,"Business, Management and Accounting; Social Sciences",10.58235/sjpa.v27i3.14899
B4-R02407,Policing Effects on Black Entrepreneurs’ Financial Performance: The Moderating Impact of Formal and Informal Institutions,2025,Administrative Sciences,article,0,"Business, Management and Accounting; Social Sciences",10.3390/admsci15070262
B4-R13329,Policy Transparency: Authorization Logic Meets General Transparency to Prove Software Supply Chain Integrity,2022,Scored 2022 Proceedings of the 2022 ACM Workshop on Software Supply Chain Offensive Research and Ecosystem Defenses Co Located with Ccs 2022,conference-paper,12,Computer Science; Social Sciences,10.1145/3560835.3564549
B4-R16310,Policy-based group organizational structure management using an ontological approach,2008,"ARES 2008: PROCEEDINGS OF THE THIRD INTERNATIONAL CONFERENCE ON AVAILABILITY, SECURITY AND RELIABILITY",conference-paper,3,"Business, Management and Accounting; Computer Science; Social Sciences",10.1109/ares.2008.186
B4-R00949,Policy-Centric Processor: An Ontological Reframing of Computation and Memory Access,,PhilPapers (PhilPapers Foundation),article,0,Computer Science,
B4-R16390,Port-based ontology modeling to support product conceptualization,2011,ROBOTICS AND COMPUTER-INTEGRATED MANUFACTURING,article,9,"Business, Management and Accounting; Engineering",10.1016/j.rcim.2010.11.004
B4-R07325,Posthuman rights struggles and environmentalisms from below in the political ontologies of Ecuador and Colombia,2021,Journal of Human Rights and the Environment,article,15,Agricultural and Biological Sciences; Environmental Science; Social Sciences,10.4337/jhre.2021.02.02
B4-R02859,"PPROC, an ontology for transparency in public procurement",2016,Semantic Web,article,54,Computer Science; Decision Sciences; Social Sciences,10.3233/sw-150195
B4-R07447,Practices in State Self-Esteem Research: An Analysis of Enacted Ontologies,2022,Identity,article,5,Psychology; Social Sciences,10.1080/15283488.2022.2130323
B4-R11655,Pre-contractual relational governance for public–private partnerships: how can ex-ante relational governance help formal contracting in smart city outsourcing projects?,2023,International Review of Administrative Sciences,article,12,"Business, Management and Accounting",10.1177/00208523211059643
B4-R02552,Precise Localization of Concealed Objects in Millimeter-Wave Images via Semantic Segmentation,2020,IEEE Access,article,19,Computer Science; Engineering,10.1109/access.2020.3007256
B4-R11016,Preference semantics for deontic logic part I - Simple models,2003,Logique Et Analyse,Article,29,Arts and Humanities,
B4-R11017,Preference semantics for deontic logic part II - multiplex models,2004,Logique Et Analyse,Article,17,Arts and Humanities,
B4-R02123,Preliminaries to a DOLCE ontology of organisations,2009,International Journal of Business Process Integration and Management,article,86,Arts and Humanities; Computer Science,10.1504/ijbpim.2009.032280
B4-R00637,Preliminary Basis for an Ontology-Based Methodological Approach for Multi-agent Systems,2005,Lecture notes in computer science,conference-paper,3,Computer Science,10.1007/11568346_15
B4-R11431,Preparation and performance test of formaldehyde-free innocuous and nonflammable straw particleboard,2017,Nongye Gongcheng Xuebao Transactions of the Chinese Society of Agricultural Engineering,Article,8,Agricultural and Biological Sciences; Engineering,10.11975/j.issn.1002-6819.2017.01.041
B4-R02221,"preprint OISI26 2 TGP2 - The Prescriptive Modelling of Structured Conversations: a triadic ontology for Trustworthy, Governable Platforms",2026,Journal of the Association for Information Systems,conference-paper,0,Neuroscience; Social Sciences,
B4-R09002,Pricing Compliance: When Formal Remedies Displace Reputational Sanctions,2012,Duke Law Scholarship Repository (Duke University),article,7,"Business, Management and Accounting; Economics, Econometrics and Finance; Social Sciences",
B4-R18407,Pricing Compliance: When Formal Remedies Displace Reputational Sanctions,2013,HARVARD INTERNATIONAL LAW JOURNAL,Article,13,Social Sciences,
B4-R15268,PRIGUARD: A Semantic Approach to Detect Privacy Violations in Online Social Networks,2016,IEEE TRANSACTIONS ON KNOWLEDGE AND DATA ENGINEERING,article,63,Computer Science; Social Sciences,10.1109/tkde.2016.2583425
B4-R15271,PriGuardTool: A Web-Based Tool to Detect Privacy Violations Semantically,2016,"ENGINEERING MULTI-AGENT SYSTEMS, EMAS 2016",conference-paper,2,Computer Science; Social Sciences,10.1007/978-3-319-50983-9_5
B4-R15337,Prioritized Norms and Defaults in Formal Argumentation,2016,DEONTIC LOGIC AND NORMATIVE SYSTEMS,Proceedings Paper,8,"Computer Science, Theory & Methods; Logic",
B4-R10941,Priority structures in deontic logic,2014,Theoria Sweden,article,58,Computer Science,10.1111/theo.12028
B4-R05787,Probabilistic Dynamic Belief Logic for Image and Reputation,2008,Frontiers in artificial intelligence and applications,book-chapter,4,Computer Science,10.3233/978-1-58603-925-7-197
B4-R16374,Problem Map: An Ontological Framework for a Computational Study of Problem Formulation in Engineering Design,2015,JOURNAL OF COMPUTING AND INFORMATION SCIENCE IN ENGINEERING,article,8,"Business, Management and Accounting; Computer Science; Engineering",10.1115/1.4030076
B4-R02697,Production and Applications of Formaldehyde-Free Phenolic Resins Using 5-Hydroxymethylfurfural Derived from Glucose In-Situ,2014,Scholarship@Western (Western University),article,6,Chemistry; Engineering; Materials Science,
B4-R00972,Production planning model using REA ontology,2008,Digital Library (University of West Bohemia),article,5,"Business, Management and Accounting",
B4-R08035,Professional learning: A fuzzy logic-based modelling approach,2007,Learning and Instruction,article,13,Psychology; Social Sciences,10.1016/j.learninstruc.2007.01.007
B4-R15321,Prohairetic Deontic Logic (PDL),1998,LOGICS IN ARTIFICIAL INTELLIGENCE,Article; Proceedings Paper,4,Computer Science; Mathematics,
B4-R10158,Project progress and risk monitoring in automation systems engineering,2013,Lecture Notes in Business Information Processing,conference-paper,4,"Business, Management and Accounting; Computer Science",10.1007/978-3-642-35702-2_4
B4-R11004,Proof extraction for explanations in defeasible deontic logic,2026,Journal of Logic and Computation,article,0,Computer Science,10.1093/logcom/exag033
B4-R02606,Property Rights and Social Institutions in Urban Africa: Experimental Evidence From a Land Formalization Program in the DRC,2026,Comparative Political Studies,article,0,Agricultural and Biological Sciences; Social Sciences,10.1177/00104140261466972
B4-R02534,"Proposing a Survey Instrument for Measuring Operational, Formal, Information, and Strategic Internet Skills",2012,International Journal of Human-Computer Interaction,article,78,Decision Sciences; Social Sciences,10.1080/10447318.2012.670086
B4-R15044,Protocol specification using a commitment based ACL,2003,ADVANCES IN AGENT COMMUNICATION,Article; Proceedings Paper,1,Computer Science; Mathematics,
B4-R08097,Pseudo-Emotional Interactions in Large Language Models: A Comparative Study of Logical Consistency versus Emotional Appeals in Relational Repair (Gemini vs. Grok),,PhilPapers (PhilPapers Foundation),article,0,Computer Science; Psychology,
B4-R00758,"Psychologism, Semantics, and Ontology",1986,Noûs,article,24,Computer Science; Psychology,10.2307/2215275
B4-R11893,Putting the semantics into semantic versioning,2020,Onward 2020 Proceedings of the 2020 ACM SIGPLAN International Symposium on New Ideas New Paradigms and Reflections on Programming and Software Co Located with Splash 2020,conference-paper,30,Computer Science; Decision Sciences,10.1145/3426428.3426922
B4-R16381,PV-TONS: A photovoltaic technology ontology system for the design of PV-systems,2013,ENGINEERING APPLICATIONS OF ARTIFICIAL INTELLIGENCE,article,46,Energy; Engineering; Environmental Science,10.1016/j.engappai.2012.10.010
B4-R09948,pyUserCalc: A Revised Jupyter Notebook Calculator for Uranium-Series Disequilibria in Basalts,2021,Earth and Space Science,article,7,Chemistry; Computer Science; Environmental Science,10.1029/2020ea001619
B4-R03059,QoS contract preservation through dynamic reconfiguration: A formal semantics approach,2013,Science of Computer Programming,article,11,Computer Science,10.1016/j.scico.2013.12.003
B4-R11804,Qualified immunity formalism: “clearly established law” and the right to record police activity,2019,Columbia Law Review,Note,14,Social Sciences,
B4-R07149,Quantifiers in ontology,1977,Studia Logica,article,7,Computer Science,10.1007/bf02120667
B4-R16778,Quantifying means-end reasoning skills in simulation-based training: a logic-based approach,2022,SIMULATION-TRANSACTIONS OF THE SOCIETY FOR MODELING AND SIMULATION INTERNATIONAL,article,3,Computer Science,10.1177/00375497221095070
B4-R11807,Quantifying the natural sentiment strength of polar term senses using semantic gloss information and degree adverbs,2020,Journal of Advances in Information Technology,article,36,Computer Science,10.12720/jait.11.3.109-118
B4-R15745,Quantum scattering using a novel implementation based on the variational R matrix formalism and the finite element method: a comparative study,1999,CHEMICAL PHYSICS LETTERS,article,10,Chemistry; Computer Science; Physics and Astronomy,10.1016/s0009-2614(99)00705-8
B4-R07289,"Questioning universalism, devising an ethics without foundations: An exploration of international relations ontologies and epistemologies",2014,Journal of International Political Theory,article,8,Social Sciences,10.1177/1755088214555044
B4-R03225,R-Calculus: An Inference System for Belief Revision,2007,The Computer Journal,article,59,Computer Science,10.1093/comjnl/bxl069
B4-R09692,RadCLARE: an automated clinical language engine for detecting semantic errors in radiology reports,2025,European Radiology Experimental,article,3,Computer Science; Medicine,10.1186/s41747-025-00659-x
B4-R00776,"Radical Phenomenology, Ontology, and International Political Theory",2002,Alternatives Global Local Political,article,16,Social Sciences,10.1177/030437540202700305
B4-R04233,"RAISO: RAilway Infrastructures and Signaling Ontology for Configuration Management, Verification and Validation",2016,Proceedings 2016 IEEE 10th International Conference on Semantic Computing ICSC 2016,conference-paper,4,Computer Science,10.1109/icsc.2016.94
B4-R07163,Random Vibration of SMA Systems via Preisach Formalism,2004,Nonlinear Dynamics,article,25,Engineering; Materials Science,10.1023/b:nody.0000045514.54248.fa
B4-R03771,RAPO-RL-TAC: Risk-Aware Partial-Order Reinforcement Learning with Timed Automata Completion for the Interval Job Shop Problem,2026,Processes,article,0,Computer Science,10.3390/pr14182995
B4-R00963,Rawl's Political Ontology,2004,SSRN Electronic Journal,preprint,4,Social Sciences,
B4-R00965,Rawls’s political ontology,2005,Politics Philosophy & Economics,article,81,Social Sciences,10.1177/1470594x05052536
B4-R17937,REA2: A unified formalisation of the Resource-Event-Agent ontology,2018,APPLIED ONTOLOGY,article,16,"Business, Management and Accounting; Computer Science",10.3233/ao-180198
B4-R02627,Reaction of formaldehyde with the histidine residues of proteins,1975,Bioorganic Chemistry,article,8,"Biochemistry, Genetics and Molecular Biology; Computer Science",10.1016/0045-2068(75)90022-x
B4-R01178,Reactive Kripke models and contrary to duty obligations. Part A: Semantics,2012,Journal of Applied Logic,article,8,Computer Science,10.1016/j.jal.2012.08.001
B4-R10948,Reactive standard deontic logic,2015,Journal of Logic and Computation,article,8,Computer Science,10.1093/logcom/exs043
B4-R15170,Real-Time Conditional Commitment Logic,2015,PRIMA 2015: PRINCIPLES AND PRACTICE OF MULTI-AGENT SYSTEMS,conference-paper,5,Computer Science,10.1007/978-3-319-25524-8_37
B4-R02108,Realist Ontology for Futures Studies,2006,Journal of Critical Realism,article,17,Social Sciences,10.1558/jocr.v5i1.1
B4-R15162,Reasoning about Actions Meets Strategic Logics,2013,"LOGIC, RATIONALITY, AND INTERACTION (LORI 2013)",Proceedings Paper,20,Computer Science; Mathematics,
B4-R00961,Reasoning about Commitments in the Event Calculus: An Approach for Specifying and Executing Protocols,2004,Annals of Mathematics and Artificial Intelligence,article,138,Computer Science; Social Sciences,10.1023/b:amai.0000034528.55456.d9
B4-R10910,Reasoning about system-degradation and fault-recovery with deontic logic,2009,Lecture Notes in Computer Science Including Subseries Lecture Notes in Artificial Intelligence and Lecture Notes in Bioinformatics,conference-paper,6,Computer Science,10.1007/978-3-642-00867-2_2
B4-R15164,Reasoning about web services in a temporal action logic,2006,"REASONING, ACTION AND INTERACTION IN AI THEORIES AND SYSTEMS",Article,2,Computer Science; Mathematics,
B4-R10998,Reasoning with Epistemic Rights and Duties: Automating a Dynamic Logic of the Right to Know in LogiKEy,2025,Frontiers in Artificial Intelligence and Applications,book-chapter,0,Computer Science,10.3233/faia250988
B4-R03716,Receding horizon control for temporal logic specifications,2010,Hscc 10 Proceedings of the 13th ACM International Conference on Hybrid Systems Computation and Control,conference-paper,192,Computer Science; Engineering,10.1145/1755952.1755968
B4-R03726,Receding Horizon Temporal Logic Planning,2012,IEEE Transactions on Automatic Control,article,303,Computer Science,10.1109/tac.2012.2195811
B4-R16623,Reconfigurable Petri Nets with Transition Priorities and Inhibitor Arcs,2015,GRAPH TRANSFORMATION (ICGT 2015),conference-paper,6,Computer Science,10.1007/978-3-319-21145-9_7
B4-R17879,Reconfigurable Stochastic Petri Nets: A New Formalism for Reconfigurable Discrete Event Systems,2017,PROCEEDINGS OF THE 2017 INTERNATIONAL CONFERENCE ON MATHEMATICS AND INFORMATION TECHNOLOGY (ICMIT),Proceedings Paper,4,"Engineering, Electrical & Electronic; Mathematics, Applied",
B4-R02428,Reconsidering the European Parliament’s Legislative Influence: Formal vs. Informal Procedures,2007,Journal of European Integration,article,85,"Business, Management and Accounting; Social Sciences",10.1080/07036330701442356
B4-R07034,Recritude: Reflections on Postural Ontology,2013,The Journal of Speculative Philosophy,article,16,Arts and Humanities; Psychology; Social Sciences,10.5325/jspecphil.27.1.0220
B4-R07345,Redefining organizational digitality: a relational-ontological approach inspired by new materialism,2024,Frontiers in Sociology,article,4,"Business, Management and Accounting; Social Sciences",10.3389/fsoc.2024.1426930
B4-R03425,Redrafting the Ontology of Scientific Change,2018,Scientonomy Journal for the Science of Science,article,13,Health Professions; Neuroscience; Social Sciences,10.33137/js.v2i0.31032
B4-R03506,Reference Model for Smart x Sensing Manufacturing Collaborative Networks - Formalization Using Unified Modeling Language,2015,IFIP advances in information and communication technology,conference-paper,7,"Business, Management and Accounting; Engineering",10.1007/978-3-319-24141-8_22
B4-R02655,Refocusing in Reduction Semantics,2004,BRICS Report Series,article,124,Computer Science,10.7146/brics.v11i26.21851
B4-R02048,Reframing Living Rural Heritage: Local Ontologies of Nature–Culture Symbiosis and the Challenge of Sustainable Management in Greece,2026,Sustainability,article,3,Arts and Humanities; Environmental Science,10.3390/su18010422
B4-R10882,Regarding the Documentary Trace in Paul Ricoeur and Maurizio Ferraris: Inscriptions and Social Ontology,2024,Universum,article,0,Arts and Humanities; Health Professions; Social Sciences,10.4067/s0718-23762024000200501
B4-R02636,REGIONAL INTEGRATION AND COOPERATION IN SUB-SAHARAN AFRICA: ARE FORMAL TRADE AGREEMENTS THE RIGHT STRATEGY?,1997,RePEc: Research Papers in Economics,preprint,23,"Economics, Econometrics and Finance; Social Sciences",10.22004/ag.econ.294412
B4-R11528,"Regulation of formal and informal water service providers in peri-urban areas of Maputo, Mozambique",2008,Physics and Chemistry of the Earth,article,33,Nursing; Social Sciences,10.1016/j.pce.2008.06.046
B4-R16299,Regulatory Compliance-Aware System Change Management via an Ontology-Based Approach,2026,"SYSTEMS, SOFTWARE AND SERVICES PROCESS IMPROVEMENT, EUROSPI 2025, PT I",conference-paper,4,"Business, Management and Accounting; Computer Science; Engineering",10.1007/978-3-032-04288-0_15
B4-R02041,Relational Commons: An Ontological and Governance Framework Beyond Protected Areas and the Boundaries of Conservation,2025,Conservation Letters,article,13,Environmental Science; Social Sciences,10.1111/conl.13137
B4-R16412,Relational Differential Dynamic Logic,2020,"TOOLS AND ALGORITHMS FOR THE CONSTRUCTION AND ANALYSIS OF SYSTEMS, PT I, TACAS 2020",conference-paper,7,Computer Science,10.1007/978-3-030-45190-5_11
B4-R07253,Relational Dynamics™: Ontology of Relational Dynamics · v0.2,2026,Zenodo (CERN European Organization for Nuclear Research),article,4,Computer Science; Decision Sciences; Environmental Science,10.5281/zenodo.20403190
B4-R02678,Relational Governance Mediates the Effect of Formal Contracts on BPO Performance,2010,Journal of the Association for Information Systems,article,14,"Business, Management and Accounting; Social Sciences",
B4-R02620,Reliability-guided adversarial semantic completion for incomplete multi-view clustering,2026,Applied Soft Computing,article,0,Computer Science,10.1016/j.asoc.2026.116324
B4-R02397,"Renewable energy, social disruption and formalising the social licence to operate in South Africa",2023,Corporate Social Responsibility and Environmental Management,article,2,"Business, Management and Accounting; Engineering; Social Sciences",10.1002/csr.2572
B4-R14077,Renewal Through Reorganization: The Value of Inconsistencies Between Formal and Informal Organization,2009,Organ. Sci.,article,488,"Business, Management and Accounting; Decision Sciences; Social Sciences",10.1287/orsc.1090.0421
B4-R00229,Reorganization in Multi-Agent Architectures: An Active Graph Grammar Approach,2013,Business Systems Research Journal,article,7,Computer Science,10.2478/bsrj-2013-0002
B4-R00666,Repair and Maintenance Organization with the Use of Ontologies and Multi-agent Systems on the Road Sector Example,2013,World Applied Sciences Journal,article,10,Engineering,10.5829/idosi.wasj.2013.24.itmies.80006
B4-R03318,Repairing mappings across biomedical ontologies by probabilistic reasoning and belief revision,2020,Knowledge-Based Systems,article,7,"Biochemistry, Genetics and Molecular Biology; Computer Science",10.1016/j.knosys.2020.106436
B4-R16216,Representation and integration of knowledge based on multiple granularity of time using temporal logic,2006,IRI 2006: PROCEEDINGS OF THE 2006 IEEE INTERNATIONAL CONFERENCE ON INFORMATION REUSE AND INTEGRATION,Proceedings Paper,4,"Computer Science, Artificial Intelligence; Computer Science, Information Systems; Computer Science, Theory & Methods",
B4-R03297,Representation of UML class diagrams in OWL 2 on the background of domain ontologies,2018,Prace Naukowe Uniwersytetu Ekonomicznego we Wrocławiu,article,11,"Business, Management and Accounting; Computer Science",10.5277/e-inf190103
B4-R00037,Representing and monitoring social commitments using the event calculus,2012,Autonomous Agents and Multi-Agent Systems,article,78,Computer Science,10.1007/s10458-012-9202-0
B4-R14158,Representing Normative Regulations in OWL DL for Automated Compliance Checking Supported by Text Annotation,2025,LDAC,preprint,2,"Business, Management and Accounting; Computer Science",10.48550/arxiv.2504.05951
B4-R05792,Reputation-based decisions for logic-based cognitive agents,2010,Autonomous Agents and Multi-Agent Systems,article,41,Computer Science; Social Sciences,10.1007/s10458-010-9149-y
B4-R10649,Requirements engineering for the design of conceptual modeling languages,2015,Applied Ontology,article,16,"Business, Management and Accounting; Computer Science",10.3233/ao-150139
B4-R10617,Requirements for a modeling language to specify and match business process improvement patterns,2013,2013 3rd International Workshop on Model Driven Requirements Engineering Modre 2013 Proceedings,conference-paper,9,"Business, Management and Accounting; Computer Science",10.1109/modre.2013.6597259
B4-R17734,Requirements planning with event calculus for runtime self-adaptive system,2015,"39TH ANNUAL IEEE COMPUTERS, SOFTWARE AND APPLICATIONS CONFERENCE (COMPSAC 2015), VOL 2",conference-paper,4,Computer Science,10.1109/compsac.2015.18
B4-R16253,Research on Knowledge Discovery and Stock Forecasting of Financial News Based on Domain Ontology,2019,INTERNATIONAL JOURNAL OF INFORMATION TECHNOLOGY & DECISION MAKING,article,13,Computer Science; Decision Sciences,10.1142/s0219622019500160
B4-R12907,Research on ontology based on data description norm of web parts library,2007,Nongye Jixie Xuebao Transactions of the Chinese Society of Agricultural Machinery,Article,1,Agricultural and Biological Sciences; Engineering,
B4-R06224,Research on Simulation Calculation of the Safety of Tight-Lock Coupler Curve Coupling,2021,Symmetry,article,6,Engineering,10.3390/sym13111997
B4-R11898,Research Report: Not All Move Specifications Are Created Equal : tudy on the Formally Verified Diem Payment Network,2024,Proceedings 45th IEEE Symposium on Security and Privacy Workshops Spw 2024,conference-paper,1,Agricultural and Biological Sciences; Decision Sciences; Health Professions,10.1109/spw63631.2024.00024
B4-R10877,Researching pedagogy in high poverty contexts: implications of non-representational ontology,2018,International Journal of Research and Method in Education,article,13,Social Sciences,10.1080/1743727x.2017.1395409
B4-R06261,Reshaping roles and value logics among distributed system operators for future electricity systems,2025,Energy Sustainability and Society,article,1,Computer Science; Engineering,10.1186/s13705-025-00522-2
B4-R16285,Resolving inconsistencies in evolving ontologies,2006,"SEMANTIC WEB: RESEARCH AND APPLICATIONS, PROCEEDINGS",Article; Proceedings Paper,14,Computer Science; Mathematics,
B4-R00470,"Resource Dependence, Alternative Supply Sources and the Design of Formal Contracts",2011,SSRN Electronic Journal,article,55,"Business, Management and Accounting; Economics, Econometrics and Finance",10.2139/ssrn.1830365
B4-R00707,Rethinking Ontological Individualism,2024,Philosophy of the Social Sciences,article,4,"Economics, Econometrics and Finance; Social Sciences",10.1177/00483931241229444
B4-R06029,"Rethinking Public Administration Reform: Institutional Layering of Bureaucratic, Managerial and Community Logics Over Time in Nigeria's Tax Administration",2026,Public Administration and Development,article,2,"Economics, Econometrics and Finance; Social Sciences",10.1002/pad.70058
B4-R07339,"Rethinking the causes of Islamisation: Ontological (in)security, postcoloniality, and Islam in Malaysia",2023,Journal of Southeast Asian Studies,article,2,Social Sciences,10.1017/s0022463423000450
B4-R00890,RETRACTED ARTICLE: Fuzzy rule based ontology reasoning,2020,Journal of Ambient Intelligence and Humanized Computing,article,11,Computer Science,10.1007/s12652-020-02163-z
B4-R03252,Retroactive Legal Changes and Revision Theory in Defeasible Logic,2010,Lecture notes in computer science,conference-paper,11,Computer Science,10.1007/978-3-642-14183-6_10
B4-R05404,Retrofitting Controlled Dynamic Reconfiguration into the Architecture Description Language MontiArcAutomaton,2016,Lecture notes in computer science,conference-paper,7,Computer Science,10.1007/978-3-319-48992-6_13
B4-R02019,Reusing knowledge based on Ontology and Organizational Model,2014,Procedia Computer Science,conference-paper,8,Computer Science; Engineering,10.1016/j.procs.2014.08.159
B4-R03329,Revising non-monotonic theories with sufficient and necessary conditions: the case of Defeasible Logic,2024,Journal of Logic and Computation,article,0,Computer Science,10.1093/logcom/exae044
B4-R03204,Revising Nonmonotonic Theories: The Case of Defeasible Logic,1999,Lecture notes in computer science,conference-paper,29,Computer Science,10.1007/3-540-48238-5_8
B4-R03169,"Revising Rules, Shifting Schemas: Toward an Expanded Formal Account of Norm Change",2025,Philosophy &amp Public Affairs,article,0,Social Sciences,10.1111/papa.70003
B4-R03271,Revision of Defeasible Logic Preferences,2012,arXiv (Cornell University),preprint,7,Computer Science,10.48550/arxiv.1206.5833
B4-R19236,Revisionism as a Logic of Institutional Change,2017,European Law Journal,article,14,"Economics, Econometrics and Finance; Social Sciences",10.1111/eulj.12233
B4-R01048,Revisiting Ontology to Reshape Transgenerational Justice,2026,Global Policy,article,0,Environmental Science; Social Sciences,10.1111/1758-5899.70153
B4-R10869,Revisiting the french national front: The ontology of a political mood,2007,Journal of Contemporary Ethnography,article,21,Social Sciences,10.1177/0891241606298821
B4-R07354,Reviving political economy in pursuit of human emancipation: the case of Amartya Sen and Cambridge Social Ontology,2025,New Political Economy,article,1,"Economics, Econometrics and Finance; Social Sciences",10.1080/13563467.2025.2524630
B4-R17783,Robust Fault Diagnosis of Networked Discrete Event Systems Using Labeled Petri Nets,2025,IEEE TRANSACTIONS ON SYSTEMS MAN CYBERNETICS-SYSTEMS,article,10,"Business, Management and Accounting; Computer Science",10.1109/tsmc.2025.3573565
B4-R16770,Robust normative systems and a logic of norm compliance,2010,LOGIC JOURNAL OF THE IGPL,article,42,Computer Science; Decision Sciences,10.1093/jigpal/jzp070
B4-R01840,Role Theory As an Empirical Theory of International Relations: From Metaphor to Formal Model,2016,Oxford Research Encyclopedia of Politics,reference-entry,14,Social Sciences,10.1093/acrefore/9780190228637.013.286
B4-R11364,"Roles and relationships in object-oriented programming, multiagent systems and ontologies",2008,Lecture Notes in Computer Science Including Subseries Lecture Notes in Artificial Intelligence and Lecture Notes in Bioinformatics,conference-paper,4,Computer Science,10.1007/978-3-540-78195-0_11
B4-R03261,"Rule-Based Agents, Compliance, and Intention Reconsideration in Defeasible Logic",2011,Lecture notes in computer science,conference-paper,6,Computer Science,10.1007/978-3-642-22546-8_7
B4-R16434,Rule-based ontological knowledge base for monitoring partners across supply networks,2010,EXPERT SYSTEMS WITH APPLICATIONS,article,50,"Business, Management and Accounting",10.1016/j.eswa.2009.06.097
B4-R14032,Rule-based OWL Ontology Reasoning Using Dynamic ABOX Entailments,2008,ECAI,book-chapter,2,Computer Science,10.3233/978-1-58603-891-5-731
B4-R02567,Rules of the Road: Formal Guarantees for Autonomous Vehicles With Behavioral Contract Design,2023,IEEE Transactions on Robotics,article,7,Computer Science; Engineering,10.1109/tro.2023.3247951
B4-R03733,Run-Time Verification of MSMAS Norms Using Event Calculus,2014,Proceedings 2014 IEEE 8th International Conference on Self Adaptive and Self Organizing Systems Workshops Sasow 2014,conference-paper,3,"Business, Management and Accounting; Computer Science",10.1109/sasow.2014.31
B4-R14078,Runtime models for automatic reorganization of multi-robot systems,2011,SEAMS,conference-paper,24,Computer Science,10.1145/1988008.1988012
B4-R15955,"Rural-to-urban land conversion under uncertain institution: competition between informality and formality in the peri-urban Hanoi, Vietnam",2025,CITIES,article,5,Social Sciences,10.1016/j.cities.2025.106074
B4-R11380,Russia between system catastrophes and evolutionary transformations: Aspects of political ontology,2017,Polis Russian Federation,article,3,Engineering; Social Sciences,10.17976/jpps/2017.05.03
B4-R03965,"Samarang Integrated Operations (IO) – Achieving Well Performance Monitoring, Surveillance & Optimization Through Data and Model Driven Workflows Automation",2015,SPE Digital Energy Conference and Exhibition,conference-paper,5,Engineering,10.2118/173578-ms
B4-R09487,"SAwUML – UML-based, contractual software architectures and their formal analysis using SPIN",2018,Computer Languages,article,5,Computer Science,10.1016/j.cl.2018.04.005
B4-R02846,Scaffolding: Using Formal Contracts to Build Informal Relations in Support of Innovation,2012,SSRN Electronic Journal,preprint,37,"Business, Management and Accounting; Economics, Econometrics and Finance; Social Sciences",10.2139/ssrn.1984915
B4-R11792,Scaffolding: Using formal contracts to support informal relations in support of innovation,2016,Wisconsin Law Review,Review,45,Social Sciences,
B4-R06218,Scalable Logic Circuits with Multiple Outputs and an Automatic Reset Function Based on DNAzyme-Mediated Branch Migration,2021,Analytical Chemistry,article,26,"Biochemistry, Genetics and Molecular Biology; Engineering",10.1021/acs.analchem.0c05173
B4-R16481,Scalable Maintenance of Knowledge Discovery in an Ontology Stream,2015,PROCEEDINGS OF THE TWENTY-FOURTH INTERNATIONAL JOINT CONFERENCE ON ARTIFICIAL INTELLIGENCE (IJCAI),Proceedings Paper,2,"Computer Science, Artificial Intelligence; Computer Science, Interdisciplinary Applications",
B4-R00824,Scalable representations of diseases in biomedical ontologies,2011,Journal of Biomedical Semantics,article,34,"Biochemistry, Genetics and Molecular Biology; Computer Science",10.1186/2041-1480-2-s2-s6
B4-R05061,"Scenario-based simulation of land use in Yingtan (Jiangxi Province, China) using an integrated genetic algorithm-cellular automata-Markov model",2020,Environmental Science and Pollution Research,article,15,Engineering; Environmental Science,10.1007/s11356-020-09301-2
B4-R01013,Scientific Ontology,2020,The Philosophical Review,article,1,Arts and Humanities; Psychology,10.1215/00318108-7890533
B4-R00257,"Scoring Trust Across Hybrid-Space: A Quantitative Framework Designed to Calculate Cybersecurity Ratings, Measures, and Metrics to Inform a Trust Score",2020,Digital Commons - USU (Utah State University),conference-paper,4,Computer Science,
B4-R06207,"SCRAMBLE: The State, Connectivity and Routing Augmentation Model for Building Logic Encryption",2020,,conference-paper,19,Computer Science; Engineering; Neuroscience,10.1109/isvlsi49217.2020.00037
B4-R19131,Searching for Common Ground on Universal Jurisdiction: The Clash between Formalism and Soft Law,2013,International Community Law Review,article,1,Social Sciences,10.1163/18719732-12341263
B4-R16223,Searching the great metadata timeline A review of library metadata standards from linear cataloguing rules to ontology inspired metadata standards,2021,LIBRARY HI TECH,article,12,Arts and Humanities; Computer Science,10.1108/lht-08-2019-0168
B4-R19119,SEC and DOJ Adopt Memorandum of Understanding to Formalize Interagency Cooperation in the Securities Industry,,,,,,
B4-R09467,Secure and Intelligent Decision making in Semantic web mining,2011,International Journal of Computer Applications,article,6,Computer Science; Decision Sciences,10.5120/1962-2625
B4-R15380,Securitising uncertainty: Ontological security and cultural scripts in smart farming technology implementation,2021,JOURNAL OF RURAL STUDIES,article,33,"Agricultural and Biological Sciences; Business, Management and Accounting",10.1016/j.jrurstud.2020.10.051
B4-R13225,Security Pattern Lattice: A formal model to organize Security Patterns,2008,Proceedings International Workshop on Database and Expert Systems Applications DEXA,conference-paper,18,Computer Science,10.1109/dexa.2008.74
B4-R12731,Selection and aggregation techniques for crowdsourced semantic annotation task,2015,Proceedings of the Annual Conference of the International Speech Communication Association Interspeech,Conference Paper,8,Computer Science; Mathematics; Neuroscience; Social Sciences,
B4-R13350,Semantic Analysis and Network Expansion for Enhancing Thai and Lao Ontologies,2024,Journal of Arts and Thai Studies,Article,0,Arts and Humanities; Social Sciences,10.69598/artssu.2024.3318
B4-R12728,Semantic analysis of verbal collocations with lexical functions,2013,Studies in Computational Intelligence,book,28,Arts and Humanities; Computer Science,10.1007/978-3-642-28771-8
B4-R02513,Semantic Analysis of Web Pages Using Web Patterns,2006,Proceedings 2006 IEEE Wic ACM International Conference on Web Intelligence Wi 2006 Main Conference Proceedings Wi 06,conference-paper,27,Computer Science,10.1109/wi.2006.153
B4-R15725,SEMANTIC AND CULTURAL EQUIVALENCE OF THE WORKING ALLIANCE INVENTORY SHORT-REVISED SCALE FOR THERAPEUTIC ALLIANCE IN FAMILY MEDICINE: LESSONS LEARNED IN SLOVENIA,2019,SLOVENIAN JOURNAL OF PUBLIC HEALTH,article,3,Psychology,10.2478/sjph-2019-0003
B4-R16271,Semantic annotation of soccer videos by visual instance clustering and spatial/temporal reasoning in ontologies,2010,MULTIMEDIA TOOLS AND APPLICATIONS,article,32,Computer Science; Social Sciences,10.1007/s11042-009-0342-4
B4-R03044,Semantic Anomaly Detection with Large Language Models,2023,arXiv (Cornell University),article,97,Computer Science,10.48550/arxiv.2305.11307
B4-R19176,"Semantic Authority, Legal Change and the Dynamics of International Law",2015,No Foundations: An Interdisciplinary Journal of Law and Justice,,,,
B4-R15561,Semantic Characterizations of AGM Revision for Tarskian Logics,2022,"RULES AND REASONING, RULEML+RR 2022",conference-paper,3,Computer Science,10.1007/978-3-031-21541-4_7
B4-R09809,Semantic classification of Indonesian consumer health questions,2025,Journal of Biomedical Semantics,article,2,Computer Science,10.1186/s13326-025-00334-5
B4-R05480,Semantic clustering method using integration of advanced LDA algorithm and BERT algorithm,2024,Innovative technologies and scientific solutions for industries,article,2,"Business, Management and Accounting; Computer Science; Social Sciences",10.30837/itssi.2024.27.140
B4-R07021,Semantic Correctness for a Parallel Object-Oriented Language,1990,SIAM Journal on Computing,article,27,Computer Science,10.1137/0219023
B4-R17263,Semantic correctness in adaptive process management systems,2006,"BUSINESS PROCESS MANAGEMENT, PROCEEDINGS",Article; Proceedings Paper,24,Computer Science; Mathematics,
B4-R11722,Semantic differential placement of attributions and dimensions in four different groups,1984,Journal of Educational Psychology,article,18,Computer Science; Social Sciences,10.1037/0022-0663.76.6.1119
B4-R19003,Semantic Enhancement for Network Configuration Management,2018,2018 IEEE Global Conference on Internet of Things (GCIoT),conference-paper,8,Computer Science,10.1109/gciot.2018.8620148
B4-R16317,Semantic HMC: Ontology-Described Hierarchy Maintenance in Big Data Context,2015,ON THE MOVE TO MEANINGFUL INTERNET SYSTEMS: OTM 2015 WORKSHOPS,conference-paper,4,Computer Science; Decision Sciences,10.1007/978-3-319-26138-6_53
B4-R17075,Semantic Information Extraction of Energy Requirements from Contract Specifications: Dealing with Complex Extraction Tasks,2022,JOURNAL OF COMPUTING IN CIVIL ENGINEERING,article,13,Computer Science; Engineering,10.1061/(asce)cp.1943-5487.0001008
B4-R04191,Semantic infrastructure to enable collaboration in ontology development,2011,2011 International Conference on Collaboration Technologies and Systems (CTS),conference-paper,8,"Biochemistry, Genetics and Molecular Biology; Computer Science; Decision Sciences",10.1109/cts.2011.5928720
B4-R04137,Semantic interrelation of documents via an ontology,2004,Lecture Notes in Informatics Lni Proceedings Series of the Gesellschaft Fur Informatik Gi,article,15,"Business, Management and Accounting; Computer Science",
B4-R12551,Semantic Manipulation Attacks in Agentic AI Systems with Agent-to-Agent Communication and Model-Context-Protocol-Based Tool Invocation,2026,Proceedings IEEE INFOCOM,conference-paper,0,Computer Science; Social Sciences,10.1109/infocom59046.2026.11571532
B4-R01174,Semantic Modeling for Automated Compliance Checking,2011,Congress on Computing in Civil Engineering Proceedings,conference-paper,39,"Business, Management and Accounting; Computer Science",10.1061/41182(416)79
B4-R12170,"Semantic modeling of climate change impacts on the implementation of the U.N. sustainable development goals related to poverty, hunger, water, and energy",2023,Earth Science Informatics,article,4,Computer Science,10.1007/s12145-023-00941-9
B4-R04110,Semantic Modeling of Successive Events Applied to Version Management.,1996,,article,3,Computer Science,
B4-R16535,Semantic Modelling of Ship Behavior in Harbor Based on Ontology and Dynamic Bayesian Network,2019,ISPRS INTERNATIONAL JOURNAL OF GEO-INFORMATION,article,50,Engineering,10.3390/ijgi8030107
B4-R13973,Semantic overreliance as a suboptimal compensation for syntactic impairments in children with Developmental Language Disorder,2025,Brain and Language,article,5,Neuroscience; Psychology,10.1016/j.bandl.2025.105571
B4-R06280,SEMANTIC PHYSICS: THE INWARD TURN Competing Ontologies and the Convergence Horizon — Crimson Hexagon Archive,2026,Zenodo (CERN European Organization for Nuclear Research),article,43,"Business, Management and Accounting; Decision Sciences; Social Sciences",10.5281/zenodo.18759452
B4-R03292,"Semantic Predictions in Natural Language Processing, Default Reasoning and Belief Revision",2017,Lecture notes in computer science,conference-paper,2,Computer Science; Neuroscience,10.1007/978-3-662-54332-0_8
B4-R16338,Semantic Relationships and Approximations of Sets: An Ontological Graph Based Approach,2013,2013 6TH INTERNATIONAL CONFERENCE ON HUMAN SYSTEM INTERACTIONS (HSI),Proceedings Paper,6,Computer Science,
B4-R07167,Semantic Similarity Measure of Polish Nouns Based on Linguistic Features,2007,Lecture notes in computer science,conference-paper,18,Arts and Humanities; Computer Science,10.1007/978-3-540-72035-5_29
B4-R15779,"Semantic Web and blockchain technologies: Convergence, challenges and research trends",2023,JOURNAL OF WEB SEMANTICS,article,20,Computer Science,10.1016/j.websem.2023.100809
B4-R04202,Semantic Web and Model‐Driven Engineering,2012,Semantic Web and Model Driven Engineering,book,22,Computer Science,10.1002/9781118135068
B4-R07171,Semantic Web on Scope: A New Architectural Model for the Semantic Web,2008,Journal of Computer Science,article,11,Computer Science; Decision Sciences,10.3844/jcssp.2008.613.624
B4-R11036,Semantic Web Regulatory Models: Why Ethics Matter,2015,Philosophy and Technology,article,21,"Business, Management and Accounting; Computer Science; Social Sciences",10.1007/s13347-014-0170-y
B4-R10749,Semantic Web Technologies: Trends and Research in Ontology-based Systems,2006,Semantic Web Technologies Trends and Research in Ontology Based Systems,book,255,Computer Science; Decision Sciences,10.1002/047003033x
B4-R15158,Semantic Web technology for agent communication protocols,2008,"SEMANTIC WEB: RESEARCH AND APPLICATIONS, PROCEEDINGS",Proceedings Paper,3,Computer Science; Mathematics,
B4-R16476,Semantic-Aware Association Rule Mining at Scale: Ontology-Free Generalization with LLMs,2025,"2025 IEEE INTERNATIONAL CONFERENCE ON BIG DATA, BIGDATA",conference-paper,0,Computer Science,10.1109/bigdata66926.2025.11402009
B4-R11948,Semantic-guided ontology knowledge-driven urban land use classification,2026,National Remote Sensing Bulletin,article,0,Environmental Science; Medicine; Social Sciences,10.11834/jrs.20265440
B4-R00782,Semantically Unlocking Database Content Through Ontology-Based Mediation,2005,Lecture notes in computer science,conference-paper,38,Computer Science,10.1007/978-3-540-31839-2_9
B4-R00604,Semantically-Enhanced Rule-Based Diagnostics for Industrial Internet of Things: The SDRL Language and Case Study for Siemens Trains and Turbines,2018,SSRN Electronic Journal,article,34,Computer Science; Decision Sciences,10.2139/ssrn.3281719
B4-R10944,Semantics for modelling reason-based preferences,2015,Lecture Notes in Computer Science Including Subseries Lecture Notes in Artificial Intelligence and Lecture Notes in Bioinformatics,conference-paper,1,Computer Science,10.1007/978-3-319-25524-8_7
B4-R03083,Semantics of OCL Operation Specifications,2004,Electronic Notes in Theoretical Computer Science,article,18,Computer Science; Decision Sciences,10.1016/j.entcs.2003.09.006
B4-R09584,"Semantics, implementation and pragmatics of Clear, a program specification language",1982,ERA,dissertation,11,Computer Science,
B4-R15732,Semantics-Assisted Code Review An Efficient Toolchain and a User Study,2017,PROCEEDINGS OF THE 2017 32ND IEEE/ACM INTERNATIONAL CONFERENCE ON AUTOMATED SOFTWARE ENGINEERING (ASE'17),Proceedings Paper,8,"Computer Science, Software Engineering; Engineering, Electrical & Electronic",
B4-R05639,Semi-automatic service value network modeling approach based on external public data,2022,Software & Systems Modeling,article,2,Computer Science; Physics and Astronomy,10.1007/s10270-022-01014-z
B4-R09755,Semi-Automatically Inducing Semantic Classes of Clinical Research Eligibility Criteria Using UMLS and Hierarchical Clustering.,2010,PubMed,conference-paper,22,"Biochemistry, Genetics and Molecular Biology; Computer Science",
B4-R05203,Semi-formal and formal interface specification for system of systems architecture,2013,Syscon 2013 7th Annual IEEE International Systems Conference Proceedings,conference-paper,33,"Business, Management and Accounting; Engineering",10.1109/syscon.2013.6549946
B4-R16278,SemSur: A Core Ontology for the Semantic Representation of Research Findings,2018,PROCEEDINGS OF THE 14TH INTERNATIONAL CONFERENCE ON SEMANTIC SYSTEMS,conference-paper,21,"Biochemistry, Genetics and Molecular Biology; Computer Science; Decision Sciences",10.1016/j.procs.2018.09.015
B4-R09765,Sentiment Detection in Social Networks Using Semantic Analysis: A Tool for Sentiment Analysis and Its Application in Cultural Heritage Realm,2015,Data-centric systems and applications,book-chapter,4,Computer Science,10.1007/978-3-319-20062-0_9
B4-R04204,SEON: a pyramid of ontologies for software evolution and its applications,2012,Computing,article,32,Computer Science,10.1007/s00607-012-0204-1
B4-R12740,Separating business logic rom medical knowledge in digital clinical workflows using business process model and notation and arden syntax,2018,Studies in Health Technology and Informatics,book-chapter,10,"Business, Management and Accounting; Computer Science",10.3233/978-1-61499-858-7-17
B4-R06345,Sequence Semantics for Modelling Reason-based Preferences,2018,Fundamenta Informaticae,article,4,"Computer Science; Economics, Econometrics and Finance",10.3233/fi-2018-1647
B4-R00136,Service contract modeling in Enterprise Architecture: An ontology-based approach,2019,Information Systems,article,30,"Business, Management and Accounting; Computer Science",10.1016/j.is.2019.101454
B4-R08838,Severity of Formal Sanctions as a Repressive Response to Deviant Behavior*,1972,Law & Society Review,article,11,Social Sciences,10.2307/3052992
B4-R11873,Shallow syntax analysis in Sanskrit guided by semantic nets constraints,2007,Proceedings of the International Workshop on Research Issues in Digital Libraries Iwridl 2006 in Association with ACM SIGIR,conference-paper,32,Computer Science,10.1145/1364742.1364750
B4-R15975,Shock me like a Hurricane: how Hurricane Katrina changed Louisiana's formal and informal institutions,2023,JOURNAL OF INSTITUTIONAL ECONOMICS,article,9,Agricultural and Biological Sciences; Social Sciences,10.1017/s1744137423000267
B4-R11717,Shock-tube studies of formaldehyde oxidation,1980,Combustion and Flame,article,102,Chemical Engineering; Chemistry; Materials Science,10.1016/0010-2180(80)90070-x
B4-R06366,Side Effects of Bureaucratic Formalism: Some Administrative Aspects of CAP Implementation in Greece,1997,Sociologia Ruralis,article,6,Social Sciences,10.1111/j.1467-9523.1997.tb00051.x
B4-R16506,Signal Temporal Logic-Constrained Motion Control of Electric Vehicles Under Slippery Roads Using an MPPI Approach,2026,IEEE TRANSACTIONS ON TRANSPORTATION ELECTRIFICATION,article,3,Engineering,10.1109/tte.2026.3686037
B4-R02241,Simple determination of formaldehyde in dimedone adduct form in biological samples by high performance liquid chromatography,1994,Biomedical Chromatography,article,30,Agricultural and Biological Sciences; Chemistry; Engineering,10.1002/bmc.1130080614
B4-R18855,Simulating SysML models: Overview and challenges,2015,2015 10th System of Systems Engineering Conference (SoSE),conference-paper,30,Computer Science; Engineering,10.1109/sysose.2015.7151961
B4-R07824,SITUATION CALCULUS WITH CONCURRENT EVENTS AND NARRATIVE,2001,,article,21,Computer Science; Social Sciences,
B4-R00946,SLAVUL: A Novel Ontology-Driven Approach for Integrating Cloud SLA Security Knowledge and Vulnerability Intelligence,2026,Symmetry,article,1,Computer Science,10.3390/sym18081337
B4-R09500,Smart Contract Automation Model for Supplier Payment Systems and Performance Benchmarking,2022,International Journal of Multidisciplinary Research and Growth Evaluation,article,21,"Business, Management and Accounting; Computer Science",10.54660/.ijmrge.2022.3.6.827-836
B4-R14152,Smarter smart contracts for automatic BIM metadata compliance checking in blockchain-enabled common data environment,2024,Adv. Eng. Informatics,article,21,Computer Science; Social Sciences,10.1016/j.aei.2024.102627
B4-R08827,"Social Capital and Social Liability in Nigeria: Honor Norms, Gender-Based Violence, and the Limits of Formal Protection",2026,International Journal of Humanities and Social Science,article,1,Social Sciences,10.30845/ijhss.v16p3
B4-R02705,Social Capital and the Formal Legal System: Evidence from Prefecture-Level Data in Japan,2015,The Journal of Legal Analysis,article,7,"Business, Management and Accounting; Economics, Econometrics and Finance; Social Sciences",10.1093/jla/lav008
B4-R07331,Social ontology in metaethics,2022,Philosophy & Social Criticism,article,2,Arts and Humanities; Social Sciences,10.1177/01914537221145626
B4-R14858,Solving the IoT Cascading Failure Dilemma Using a Semantic Multi-agent System,2023,"SEMANTIC WEB, ISWC 2023, PT II",conference-paper,1,Computer Science,10.1007/978-3-031-47243-5_18
B4-R19047,Some Examples of Using the Legal Relations Language in the Legal Domain:  Applied Deontic Logic,1998,Notre Dame Law  Review,,,,
B4-R00866,Some ontological and epistemological challenges,2016,,article,8,Environmental Science; Social Sciences,10.4324/9781315679181-8
B4-R02711,Some Problems Regarding the Formal Sources of International Law,2017,,book-chapter,178,"Business, Management and Accounting; Social Sciences",10.4324/9781315087795-3
B4-R09645,Spatial Automated Valuation Model (sAVM) – From the Notion of Space to the Design of an Evaluation Tool,2021,Lecture notes in computer science,conference-paper,2,"Economics, Econometrics and Finance; Environmental Science",10.1007/978-3-030-86973-1_6
B4-R03359,"Spatial Field Model: Space as a Process of Inflation. Abbasov's Pithiness Theory - Ontology, Fifteen Propositions with Derivations, and the Formalism",2026,Zenodo (CERN European Organization for Nuclear Research),book,4,Earth and Planetary Sciences; Physics and Astronomy; Social Sciences,10.5281/zenodo.21289411
B4-R03700,Special Issue: Temporal Logic in Engineering,1999,Artificial intelligence for engineering design analysis and manufacturing,article,4,Computer Science,10.1017/s0890060499132013
B4-R15137,Specification and analysis of legal contracts with Symboleo,2022,SOFTWARE AND SYSTEMS MODELING,article,19,"Business, Management and Accounting; Computer Science",10.1007/s10270-022-01053-6
B4-R15136,Specification and automatic verification of trust-based multi-agent systems,2020,FUTURE GENERATION COMPUTER SYSTEMS-THE INTERNATIONAL JOURNAL OF ESCIENCE,article,41,Computer Science; Social Sciences,10.1016/j.future.2018.01.040
B4-R09895,Specification and verification of institutions through status functions,2007,Lecture Notes in Computer Science Including Subseries Lecture Notes in Artificial Intelligence and Lecture Notes in Bioinformatics,conference-paper,25,Computer Science; Social Sciences,10.1007/978-3-540-74459-7_8
B4-R11069,Specification and verification of multi-agent systems,2010,Specification and Verification of Multi Agent Systems,book,81,Computer Science,10.1007/978-1-4419-6984-2
B4-R16757,Specification and Verification of Normative Texts Using C-O Diagrams,2014,IEEE TRANSACTIONS ON SOFTWARE ENGINEERING,article,12,"Business, Management and Accounting; Computer Science",10.1109/tse.2013.54
B4-R03697,Specification and verification using a visual formalism on top of temporal logic,1996,Lecture notes in computer science,conference-paper,1,Computer Science,10.1007/bfb0024434
B4-R02501,Specification of contractual obligations in formal business communication,1998,Data & Knowledge Engineering,article,11,Computer Science,10.1016/s0169-023x(97)00048-7
B4-R03476,Specification of core competence and associated components,2008,European Business Review,article,55,"Business, Management and Accounting",10.1108/09555340810843708
B4-R01354,Specification of GNSS application for multiprocessor platform,2008,,conference-paper,4,Computer Science; Engineering,10.1109/issoc.2008.4694866
B4-R03474,Specification of the TrustMan System for Assisting Management of VBEs,2007,Lecture notes in computer science,conference-paper,14,"Business, Management and Accounting; Computer Science; Social Sciences",10.1007/978-3-540-74409-2_6
B4-R16810,Specifying an Obligation Taxonomy in the Non-Markovian Situation Calculus,2026,"RULES AND REASONING, RULEML+RR 2025",Proceedings Paper,0,Computer Science; Mathematics,10.1007/978-3-032-08887-1_2
B4-R03603,Specifying and Monitoring Obligations in Open Multiagent Systems Using Semantic Web Technology,2011,Studies in computational intelligence,book-chapter,29,Computer Science,10.1007/978-3-642-18308-9_2
B4-R15152,Specifying and verifying systems of communicating agents in a temporal action logic,2003,"AI(ASTERISK)IA 2003: ADVANCES IN ARTIFICIAL INTELLIGENCE, PROCEEDINGS",Article; Proceedings Paper,4,Computer Science; Mathematics,
B4-R00977,Specifying Artificial Institutions in the Event Calculus,2009,IGI Global eBooks,book-chapter,31,Computer Science,10.4018/978-1-60566-256-5.ch014
B4-R03699,Specifying Deadlines with Continuous Time Using Deontic and Temporal Logic,1998,International Journal of Electronic Commerce,article,18,"Business, Management and Accounting; Computer Science",10.1080/10864415.1998.11518334
B4-R10907,Specifying intrusion detection and reaction policies: An application of deontic logic,2008,Lecture Notes in Computer Science Including Subseries Lecture Notes in Artificial Intelligence and Lecture Notes in Bioinformatics,conference-paper,11,Computer Science; Social Sciences,10.1007/978-3-540-70525-3_7
B4-R16072,Speculative institutional grammars: rethinking the limits of participatory AI,2026,AI & SOCIETY,article,1,Computer Science; Neuroscience; Social Sciences,10.1007/s00146-026-02998-8
B4-R01023,Stakeholder theory: A process‐ontological perspective,2022,Business Ethics the Environment & Responsibility,article,54,"Business, Management and Accounting; Decision Sciences",10.1111/beer.12441
B4-R12659,State-sanctioned sex: Negotiating formal and informal regulatory practices in Nevada brothels,2001,Sociological Perspectives,article,20,Health Professions; Social Sciences,10.2307/1389709
B4-R02713,State-vector formalism and the Legendre polynomial solution for modelling guided waves in anisotropic plates,2017,Journal of Sound and Vibration,article,28,Engineering,10.1016/j.jsv.2017.10.010
B4-R07158,"Statistical Properties of Encounters among Asteroids: A New, General Purpose, Formalism",1998,Icarus,article,34,Engineering; Physics and Astronomy,10.1006/icar.1998.6025
B4-R01010,Statistics and Probability Have Always Been Value-Laden: An Historical Ontology of Quantitative Research Methods,2019,Journal of Business Ethics,article,41,Arts and Humanities; Decision Sciences; Mathematics,10.1007/s10551-019-04187-8
B4-R16424,Stochastic Differential Dynamic Logic for Stochastic Hybrid Programs,2011,AUTOMATED DEDUCTION - CADA-23,Proceedings Paper,23,Computer Science; Mathematics,
B4-R03615,Stochastic Petri net-based modeling and formal analysis of fault tolerant Contract Net Protocol,2016,Web Intelligence,article,4,Computer Science,10.3233/web-160342
B4-R03707,"Strategic Deontic Temporal Logic as a Reduction to ATL, with an Application to Chisholm’s Scenario",2006,Lecture notes in computer science,conference-paper,19,Computer Science,10.1007/11786849_7
B4-R08527,Strategic foundations in public forestry institutions: Testing resource-based and finance-based logics in the strategy of Poland's State Forests National Forest Holding,2025,Forest Policy and Economics,article,0,"Agricultural and Biological Sciences; Business, Management and Accounting; Environmental Science",10.1016/j.forpol.2025.103671
B4-R00217,Strategic IT planning as change specification,2008,ACM International Conference Proceeding Series,conference-paper,5,"Business, Management and Accounting; Computer Science",10.1145/1509096.1509123
B4-R07330,"Strategic narratives, ontological security and global policy: responses to China's Belt and Road Initiative",2022,International Affairs,article,1,"Economics, Econometrics and Finance; Social Sciences",10.1093/ia/iiac225
B4-R15949,Strategy and commitments to institutional logics: Organizational heterogeneity in business models and governance,2016,STRATEGIC ORGANIZATION,article,203,"Business, Management and Accounting; Social Sciences",10.1177/1476127015625040
B4-R14427,Strategy of automation for underground mining,2007,2007 International Forum on Strategic Technology,conference-paper,5,Computer Science; Engineering,10.1109/ifost.2007.4798674
B4-R14173,Strong normalization of a typed lambda calculus for intuitionistic bounded linear-time temporal logic,2012,Reports Math. Log.,Article,,,
B4-R07192,"Structure Preserving Bisimilarity, Supporting an Operational Petri Net Semantics of CCSP",2015,Lecture notes in computer science,conference-paper,18,Computer Science,10.1007/978-3-319-23506-6_9
B4-R02623,Structure-guided cross-site semantic segmentation of shipyard remote-sensing imagery,2026,Ocean Engineering,article,0,Computer Science; Engineering,10.1016/j.oceaneng.2026.128269
B4-R07417,Students’ Ontological Security and Agency in Science Education—An Example from Reasoning about the Use of Gene Technology,2011,International Journal of Science Education,article,12,Decision Sciences; Psychology; Social Sciences,10.1080/09500693.2011.618516
B4-R05808,Subjective logic operators in trust assessment: an empirical study,2014,Information Systems Frontiers,article,17,Computer Science; Social Sciences,10.1007/s10796-014-9522-5
B4-R02436,"Subsequent Agreements and Practice: Between Interpretation, Informal Modification, and Formal Amendment",2013,Oxford University Press eBooks,book-chapter,12,"Business, Management and Accounting; Social Sciences",10.1093/law/9780199679195.003.0155
B4-R02638,Substitutes or Complements? Exploring the Relationship between Formal Contracts and Relational Governance,2000,SSRN Electronic Journal,preprint,23,"Business, Management and Accounting; Economics, Econometrics and Finance",10.2139/ssrn.223518
B4-R07146,Superrhythm: A Fractal Ontology of Cyclic Being v.5,,PhilPapers (PhilPapers Foundation),article,0,Agricultural and Biological Sciences; Computer Science; Neuroscience,
B4-R05146,Supporting adaptiveness of cyber-physical processes through action-based formalisms,2017,AI Communications,article,32,"Business, Management and Accounting; Computer Science",10.3233/aic-170748
B4-R02017,Supporting i * Model Integration through an Ontology-based Approach.,2011,iStar,article,10,"Business, Management and Accounting; Computer Science",
B4-R02629,Surface emission monitoring of pressed-wood products containing urea-formaldehyde resins,1986,Environment International,article,14,Chemical Engineering; Engineering; Environmental Science,10.1016/0160-4120(86)90043-7
B4-R13352,Survey on ontology-based explainable AI in manufacturing,2024,Journal of Intelligent Manufacturing,article,39,Computer Science; Engineering,10.1007/s10845-023-02304-z
B4-R06174,Sustaining multiple logics within hybrid organisations,2017,Accounting Auditing & Accountability Journal,article,90,"Business, Management and Accounting",10.1108/aaaj-11-2013-1520
B4-R06316,Sustaining multiple logics within hybrid organisations,,RePEc: Research Papers in Economics,article,0,"Business, Management and Accounting",10.1108/aaaj-11-2013-1520/full/html?utm_source=repec&utm_medium=feed&utm_campaign=repec
B4-R02342,"Sweden: Non-binding Rules against the Pandemic – Formalism, Pragmatism and Some Legal Realism",2021,European Journal of Risk Regulation,article,40,Social Sciences,10.1017/err.2021.2
B4-R02300,Swellable Array Strategy Based on Designed Flexible Double Hypercross-linked Polymers for Synergistic Adsorption of Toluene and Formaldehyde,2023,Environmental Science & Technology,article,54,Chemistry; Engineering; Materials Science,10.1021/acs.est.3c00565
B4-R05699,SWRL as a Rule Language for Ontology-Based Models in Power Plant Design,2012,IFIP International Federation for Information Processing/IFIP,conference-paper,27,"Business, Management and Accounting; Computer Science",10.1007/978-3-642-35758-9_53
B4-R17102,SymboleoNLP: A Tool for Generating Formal Specifications from Legal Contract Templates,2024,"32ND IEEE INTERNATIONAL REQUIREMENTS ENGINEERING CONFERENCE, RE 2024",conference-paper,3,"Business, Management and Accounting; Computer Science; Social Sciences",10.1109/re59067.2024.00062
B4-R09004,"Syria and the Semantics of Intervention, Aggression and Punishment: On 'Red Lines' and 'Blurred Lines'",2013,Journal of International Criminal Justice,article,16,Social Sciences,10.1093/jicj/mqt066
B4-R18761,SysML executable systems of system architecture definition: A working example,2017,2017 Annual IEEE International Systems Conference (SysCon),conference-paper,22,Engineering,10.1109/syscon.2017.7934816
B4-R17623,SysML Fault Modelling in a Traffic Management System of Systems,2014,PROCEEDINGS OF THE 2014 9TH INTERNATIONAL CONFERENCE ON SYSTEM OF SYSTEMS ENGINEERING (SOSE 2014),Proceedings Paper,5,"Engineering, Electrical & Electronic",
B4-R05293,SysML modeling of service-oriented system-of-systems,2022,Innovations in Systems and Software Engineering,article,24,"Business, Management and Accounting; Engineering",10.1007/s11334-022-00455-5
B4-R18101,System Architecture Optimization Using SysML v2: Language Extension and Implementation,2026,"2026 IEEE INTERNATIONAL SYSTEMS CONFERENCE, SYSCON",conference-paper,1,"Business, Management and Accounting; Engineering",10.1109/syscon66367.2026.11503593
B4-R10439,System Design and Simulation Verification of Manned Lunar Exploration Spacecraft Based on SysML and Modelica,2023,Yuhang Xuebao Journal of Astronautics,Article,24,Earth and Planetary Sciences; Engineering,10.3873/j.issn.1000-1328.2023.09.018
B4-R05209,System of Systems Approach to Formal Modeling of CPS for Simulation-Based Analysis,2014,ETRI Journal,article,35,Computer Science; Decision Sciences; Engineering,10.4218/etrij.15.0114.0863
B4-R05432,Systems of systems: From mission definition to architecture description,2019,Systems Engineering,article,25,"Business, Management and Accounting; Computer Science; Engineering",10.1002/sys.21523
B4-R03397,t-DeLP: A Temporal Extension of the Defeasible Logic Programming Argumentative Framework,2011,Lecture notes in computer science,conference-paper,8,Computer Science,10.1007/978-3-642-23963-2_38
B4-R00785,T-Lex: A Role-Based Ontology Engineering Tool,2006,Lecture notes in computer science,conference-paper,21,Computer Science,10.1007/11915072_22
B4-R08637,Ta'widh Penalties in Rahn Tasjily: Contractual Formalism and the Risk of Riba in Indonesian Religious Courts,2026,Journal of Islamic Economic Laws,article,0,"Business, Management and Accounting; Social Sciences",10.23917/jisel.v9i01.14307
B4-R03086,TA-BI: A Formal Observation-to-Decision Architecture for Trust-Aware Routing Support in Wireless and Mobile Wireless Sensor Networks,2026,Sensors,article,0,Computer Science,10.3390/s26175422
B4-R16777,Tackling Temporal Deontic Challenges with Equilibrium Logic,2025,"PROCEEDINGS OF THE 24TH INTERNATIONAL CONFERENCE ON AUTONOMOUS AGENTS AND MULTIAGENT SYSTEMS, AAMAS 2025",Proceedings Paper,0,"Automation & Control Systems; Computer Science, Artificial Intelligence; Computer Science, Interdisciplinary Applications; Robotics",
B4-R15797,Takings formalism and regulatory formulas: Exactions and the consequences of clarity,2004,CALIFORNIA LAW REVIEW,article,3,Social Sciences,10.2307/3481452
B4-R02648,Tannins/melamine–urea–formaldehyde (MUF) resins substitution of chrome in leather and its characterization by thermomechanical analysis,2003,Journal of Applied Polymer Science,article,18,Arts and Humanities; Engineering; Materials Science,10.1002/app.12042
B4-R02572,Taxonomies of case and ontologies of case,2024,,book-chapter,4,Arts and Humanities; Computer Science,10.1093/oso/9780198865926.003.0004
B4-R10768,"Telling different stories, making new realities: The ontological politics of ‘addiction’ biographies",2017,International Journal of Drug Policy,article,70,Health Professions; Social Sciences,10.1016/j.drugpo.2017.05.011
B4-R10961,Temporal alethic dyadic deontic logic and the contrary-to-duty obligation paradox,2018,Logic and Logical Philosophy,article,2,Computer Science; Psychology,10.12775/llp.2017.012
B4-R16462,Temporal Defeasible Role-Group-Task Access Control: A Logic-Based Framework for Explainable Authorization,2026,IEEE ACCESS,article,2,Computer Science; Social Sciences,10.1109/access.2026.3664759
B4-R01097,Temporal deontic action logic for the verification of compliance to norms in ASP,2013,Proceedings of the International Conference on Artificial Intelligence and Law,conference-paper,15,Computer Science,10.1145/2514601.2514608
B4-R10930,Temporal deontic logic for the generalised chisholm set of contrary to duty obligations,2012,Lecture Notes in Computer Science Including Subseries Lecture Notes in Artificial Intelligence and Lecture Notes in Bioinformatics,conference-paper,8,Computer Science,10.1007/978-3-642-31570-1_7
B4-R00996,Temporal logic and its application to normative reasoning,2013,Journal of Applied Non-Classical Logics,article,35,Computer Science,10.1080/11663081.2013.841359
B4-R03383,Temporal Logic Constraints in the Biochemical Abstract Machine BIOCHAM,2006,Lecture notes in computer science,conference-paper,11,"Biochemistry, Genetics and Molecular Biology; Computer Science",10.1007/11680093_1
B4-R16411,Temporal Logic Point Processes,2020,"INTERNATIONAL CONFERENCE ON MACHINE LEARNING, VOL 119",Proceedings Paper,2,Computer Science; Engineering; Mathematics,
B4-R03714,Temporal Logic Verification of Lock-Freedom,2010,Lecture notes in computer science,conference-paper,15,Computer Science,10.1007/978-3-642-13321-3_21
B4-R05784,Temporal Logic-Based Specification and Verification of Trust Models,2006,Lecture notes in computer science,conference-paper,17,Computer Science; Social Sciences,10.1007/11755593_9
B4-R11999,Temporal logics for normative agent communication protocols,2005,Proceedings of the International Conference on Autonomous Agents,conference-paper,3,Computer Science,10.1145/1082473.1082656
B4-R10867,Temporal logics for representing agent communication protocols,2006,Lecture Notes in Computer Science Including Subseries Lecture Notes in Artificial Intelligence and Lecture Notes in Bioinformatics,conference-paper,11,Computer Science,10.1007/978-3-540-68143-4_2
B4-R11996,Temporal logics in AI: Semantical and ontological considerations,1987,Artificial Intelligence,article,267,Computer Science,10.1016/0004-3702(87)90052-x
B4-R05139,Temporal Markov Decision Problems : Formalization and Resolution,2009,,article,4,Decision Sciences,
B4-R01092,Temporalised normative positions in defeasible logic,2005,Proceedings of the International Conference on Artificial Intelligence and Law,conference-paper,145,Computer Science,10.1145/1165485.1165490
B4-R10903,Ten Philosophical Problems in Deontic Logic,2007,Dagstuhl Seminar Proceedings,Conference Paper,31,,
B4-R10927,Ten problems of deontic logic and normative reasoning in computer science,2012,Lecture Notes in Computer Science Including Subseries Lecture Notes in Artificial Intelligence and Lecture Notes in Bioinformatics,conference-paper,15,Computer Science,10.1007/978-3-642-31485-8_2
B4-R19198,Termination of the Individual Employment Contract on Disciplinary Grounds. Failure to Meet the Formal Requirements in Accordance with Art. 252 Par. (2) of the Labour Code Entails the Absolute Nullity Sanction of the Dismissal Decision,2013,Revista Romana de Dreptul Muncii,,,,
B4-R04287,Test case selection and prioritization approach for automated regression testing using ontology and COSMIC measurement,2024,Automated Software Engineering,article,10,Computer Science,10.1007/s10515-024-00447-8
B4-R13281,The 'Logic of Gift': Inspiring Behavior in Organizations beyond the Limits of Duty and Exchange,2016,Business Ethics Quarterly,article,54,"Business, Management and Accounting; Decision Sciences; Social Sciences",10.1017/beq.2016.26
B4-R15383,The 'performativity thesis' and its critics: Towards a relational ontology of management accounting,2014,ACCOUNTING AND BUSINESS RESEARCH,article,121,"Business, Management and Accounting",10.1080/00014788.2013.856748
B4-R07301,The (Ontological) Politics in Depoliticisation Debates: Three Lenses on the Decline of the Political,2017,Political Studies Review,article,54,"Business, Management and Accounting; Social Sciences",10.1177/1478929916664358
B4-R03648,The Affordance Directive: Affordance Priming Facilitates Object Detection Similar to Semantic Priming,2023,Psychological Reports,article,3,Neuroscience; Psychology,10.1177/00332941231174393
B4-R15312,The Agent-Object-Relationship metamodel: towards a unified view of state and behavior,2003,INFORMATION SYSTEMS,article,229,"Business, Management and Accounting; Computer Science",10.1016/s0306-4379(02)00027-3
B4-R03441,The artifactual duality of architecture and its ontological implications for legal protection,2025,Synthese,article,0,Social Sciences,10.1007/s11229-025-05124-1
B4-R02520,The Assignment of Decision Rights in Formal Information Systems,2008,Journal of Management Accounting Research,article,9,"Business, Management and Accounting; Decision Sciences",10.2308/jmar.2008.20.1.83
B4-R01958,The Asymmetry of Power: Formalizing Authority Recovery Constraints in Distributed Governance,2026,Research Square,preprint,27,Social Sciences,10.21203/rs.3.rs-9749578/v1
B4-R08876,The Authority of Formality,2018,Oxford University Press eBooks,book,20,Arts and Humanities; Neuroscience; Social Sciences,10.1093/oso/9780198823841.003.0010
B4-R06612,The Autophagic Polity: Semantic Inflation and the De-Differentiation of Democratic Systems,,PhilPapers (PhilPapers Foundation),article,0,Social Sciences,
B4-R00697,The Beliefs-Rules-Equilibrium Account of Institutions: A Contribution to a Naturalistic Social Ontology,2021,Journal of Social Ontology,article,51,"Economics, Econometrics and Finance; Social Sciences",10.1515/jso-2020-0001
B4-R06043,The broken product chain: rapid paths of service internationalization in terms of the service-dominant logic,2012,Service Industries Journal,article,10,"Business, Management and Accounting",10.1080/02642069.2012.665900
B4-R05586,The business model ontology a proposition in a design science approach,2004,reroDoc Digital Library,article,1940,"Business, Management and Accounting",10.22005/bcu.15985
B4-R08548,The Case for Formalism in Relational Contract,2000,SSRN Electronic Journal,preprint,95,"Economics, Econometrics and Finance; Social Sciences",10.2139/ssrn.215129
B4-R02508,"The case of the direct object in Turkish: Semantics, syntax and morphology",2005,Turkic Languages,article,206,Arts and Humanities; Computer Science; Psychology,
B4-R17462,The cellular automata formalism and its relationship to DEVS,2000,SIMULATION AND MODELLING: ENABLERS FOR A BETTER QUALITY OF LIFE,Proceedings Paper,4,"Computer Science, Interdisciplinary Applications; Computer Science, Software Engineering; Mathematics, Applied",
B4-R16087,The change and continuity in China's S&T policy: an institutional grammar (IG) approach,2024,ASIAN JOURNAL OF TECHNOLOGY INNOVATION,article,2,"Economics, Econometrics and Finance; Social Sciences",10.1080/19761597.2023.2181832
B4-R04382,The Change Impact Analysis in BPM Based Software Applications: A Graph Rewriting and Ontology Based Approach,2014,Lecture notes in business information processing,conference-paper,7,"Business, Management and Accounting; Computer Science",10.1007/978-3-319-09492-2_17
B4-R06404,The Choice between Informal and Formal Restructuring: The Case of French Banks Facing Distressed SMEs,2012,SSRN Electronic Journal,preprint,8,"Business, Management and Accounting; Economics, Econometrics and Finance",10.2139/ssrn.1980780
B4-R07314,The Concept of Ontological Security in International Political Discourse,2020,MGIMO Review of International Relations,article,12,Social Sciences,10.24833/2071-8160-2019-6-69-129-149
B4-R19043,The Content of Legal Speech Acts and Legal Deontic Logic,1989,Rechtsfilosofie en Rechtstheorie,,,,
B4-R13301,The contested community police officer: An ongoing conflict between different institutional logics,2019,International Journal of Police Science and Management,article,16,"Business, Management and Accounting; Social Sciences",10.1177/1461355719889465
B4-R06455,The contract-type choice for short-term software development outsourcing: The role of behaviour-based formal control,2020,Journal of Information Technology,article,4,"Business, Management and Accounting; Economics, Econometrics and Finance",10.1177/0268396220967669
B4-R19054,The Correlation between Rights and Duties in Accordance to Legal Logic,2009,Persona y Derecho,,,,
B4-R01008,The Curious Case of Ronald McDonald’s Claim to Rights: An Ontological Account of Differences in Group and Individual Person Rights,2018,DOAJ (DOAJ: Directory of Open Access Journals),article,16,Arts and Humanities; Social Sciences,10.1515/jso-2016-0042
B4-R18938,"The DevOps Solutions Handbook: Launch your DevOps career with 90 days of hands-on projects in automation, cloud, and CI/CD",2026,"The DevOps Solutions Handbook: Launch your DevOps career with 90 days of hands-on projects in automation, cloud, and CI/CD",Books,,,
B4-R06377,The Discreet Charm of Formal Institutions,2006,Comparative Political Studies,article,50,"Economics, Econometrics and Finance; Social Sciences",10.1177/0010414005284216
B4-R13290,"The Drivers, Benefits, and Drawbacks to a Customer Value-Oriented Dominant Logic: A Dynamic Managerial Capability Perspective, An Abstract",2017,Developments in Marketing Science Proceedings of the Academy of Marketing Science,book-chapter,10,"Business, Management and Accounting",10.1007/978-3-319-45596-9_132
B4-R00955,The Economic World View: Studies in the Ontology of Economics,2001,,article,77,"Economics, Econometrics and Finance",
B4-R01405,The effect of formal de‐policing on police traffic stop behavior and crime: Early evidence from LAPD's policy to restrict discretionary traffic stops,2024,Criminology & Public Policy,article,14,Social Sciences,10.1111/1745-9133.12673
B4-R13299,The effectiveness of refutation with logic vs. indignation in restoring the credibility of and trust in a government organization: A heuristic-systematic model of crisis communication processing,2019,Journal of Contingencies and Crisis Management,article,13,Arts and Humanities; Psychology; Social Sciences,10.1111/1468-5973.12247
B4-R02684,The Effects of Formal and Informal Contracting in Credit Availability,2011,Journal of money credit and banking,article,12,"Business, Management and Accounting; Economics, Econometrics and Finance",10.1111/j.1538-4616.2010.00367.x
B4-R00950,"The Empty Occupant: Discursive Ontology, Answerability, and the Problem of Institutional AI",,PhilPapers (PhilPapers Foundation),book,0,Arts and Humanities; Computer Science; Social Sciences,
B4-R03092,The Endurance and Eclipse of the Controlled Vote: A Formal Model of Vote Brokerage Under the Secret Ballot,2013,Economics and Politics,article,89,Computer Science; Social Sciences,10.1111/ecpo.12020
B4-R01037,The epistemology and ontology of a bhakta: an analysis of pejorative and secularised meanings of bhakta,2025,Contemporary South Asia,article,0,Arts and Humanities,10.1080/09584935.2025.2575168
B4-R12077,The essential deployment metamodel: a systematic review of deployment automation technologies,2020,Software Intensive Cyber Physical Systems,review,64,Computer Science,10.1007/s00450-019-00412-x
B4-R07430,"The European Legal Taxonomy Syllabus: A multi-lingual, multi-level ontology framework to untangle the web of European legal terminology",2017,Applied Ontology,article,33,Arts and Humanities; Computer Science; Social Sciences,10.3233/ao-170174
B4-R07128,"The Exact Perimeter of Semantic Energy: What I(Y;Z) Does and Does Not License — A Scoped Property Inventory for E_sem — Dissipation, Conservation, No-Cloning, the Failure of Extensivity, and the Estimation Tax",2026,Zenodo (CERN European Organization for Nuclear Research),preprint,10,Mathematics; Social Sciences,10.5281/zenodo.21837222
B4-R02185,The fable of policy entrepreneurship? Understanding policy change as an ontological problem with critical realism and institutional theory,2022,Policy Sciences,article,10,Social Sciences,10.1007/s11077-022-09463-5
B4-R00605,The FOL-Based Legal-GRL (FLG) Framework: Towards an Automated Goal Modeling Approach for Regulations,2018,Proceedings 2018 8th International Model Driven Requirements Engineering Workshop Modre 2018,conference-paper,7,Computer Science,10.1109/modre.2018.00014
B4-R10951,The fool and the franchiser: Formal justice in the political theories of Hobbes and Rawls,2016,Ethics and Global Politics,article,1,Arts and Humanities; Social Sciences,10.3402/egp.v9.30042
B4-R15351,The formal independence of regulators: A comparison of 17 countries and 7 sectors,2005,SWISS POLITICAL SCIENCE REVIEW,article,124,"Business, Management and Accounting; Economics, Econometrics and Finance",10.1002/j.1662-6370.2005.tb00374.x
B4-R07154,The formal verification of an algorithm for interactive consistency under a hybrid fault model,1993,Lecture notes in computer science,conference-paper,43,Computer Science,10.1007/3-540-56922-7_24
B4-R11604,The formal-informal dilemma for women micro-entrepreneurs: evidence from Brazil,2020,Journal of Enterprising Communities,article,34,"Business, Management and Accounting; Economics, Econometrics and Finance",10.1108/jec-03-2016-0008
B4-R11517,The formalisation of property in Peru 2001-2002: The case of Lima,2004,Habitat International,article,79,"Economics, Econometrics and Finance",10.1016/s0197-3975(03)00072-9
B4-R07199,The forward‐backward and dual‐panel translation methods are comparable in producing semantic equivalent versions of a heart quality of life questionnaire,2018,International Journal of Nursing Practice,article,66,Decision Sciences; Medicine; Neuroscience,10.1111/ijn.12715
B4-R01017,"The FOUnt ontologies for quantities, units, and the physical world",2020,Applied Ontology,article,5,Computer Science,10.3233/ao-200231
B4-R09504,"The future of cyber risk management: AI and DLT for automated cyber risk modelling, decision making, and risk transfer",2023,Edward Elgar Publishing eBooks,book-chapter,7,"Business, Management and Accounting; Computer Science; Economics, Econometrics and Finance",10.4337/9781839106750.00028
B4-R02336,"The Global Goals: Formalism Foregone, Contested Legality and “Re-imaginings” of International Law",2017,,book-chapter,9,Social Sciences,10.1007/978-3-319-55898-1_7
B4-R16055,"The grammar of institutions: The challenge of distinguishing between strategies, norms, and rules",2010,RATIONALITY AND SOCIETY,article,62,"Economics, Econometrics and Finance; Social Sciences",10.1177/1043463110377299
B4-R16094,The grammar of monitoring and enforcement mechanisms in international conservation: A comparative institutional analysis of four treaty regimes,2023,ENVIRONMENTAL POLICY AND GOVERNANCE,article,4,"Business, Management and Accounting; Environmental Science",10.1002/eet.2045
B4-R14278,"The HABM Formalism: specifying hybrid OR models by combining agent-based modeling and simulation, discrete event simulation, and system dynamics",2019,,Phdthesis,,,
B4-R13378,"The Hidden Costs of Tournament Logic: Meritocracy, Incentives, and Normative Tensions in Organizations",2026,Philosophy of Management,article,0,"Business, Management and Accounting; Economics, Econometrics and Finance; Social Sciences",10.1007/s40926-026-00371-9
B4-R13269,The hierarchization of competing logics in psychiatric care in Sweden,2014,Scandinavian Journal of Management,article,63,"Business, Management and Accounting; Health Professions; Social Sciences",10.1016/j.scaman.2014.01.001
B4-R03943,The Impact of Secondary Notation on Process Model Understanding,2009,Lecture notes in business information processing,conference-paper,75,"Business, Management and Accounting; Computer Science",10.1007/978-3-642-05352-8_13
B4-R08724,The individualization and formalization of UN sanctions,2017,Edward Elgar Publishing eBooks,book-chapter,6,"Economics, Econometrics and Finance; Social Sciences",10.4337/9781784713034.00005
B4-R13362,The influence of biosafety-related news publicity slogans on audience cognition and behavior: an ontological analysis based on county-LEVEL data in China,2025,Geojournal,article,0,Arts and Humanities; Social Sciences,10.1007/s10708-025-11346-0
B4-R01980,The Influence of Formal and Relational Governance on Perceived Cooperative Success in Spanish Agrifood Cooperatives,2026,Agribusiness,article,0,"Business, Management and Accounting",10.1002/agr.70149
B4-R16082,The institutional grammar in policy process research(sic)(sic)(sic)Palabras clave,2022,POLICY STUDIES JOURNAL,article,10,Social Sciences,10.1111/psj.12466
B4-R16078,The institutional grammar tool in policy analysis and applications to resilience and robustness research,2020,CURRENT OPINION IN ENVIRONMENTAL SUSTAINABILITY,review,12,Engineering; Environmental Science,10.1016/j.cosust.2020.02.004
B4-R03148,The Institutional Grammar Tool meets the Narrative Policy Framework: Narrating institutional statements in consultation,2021,European Policy Analysis,article,23,Decision Sciences; Social Sciences,10.1002/epa2.1126
B4-R16062,The Institutional Grammar: A Method for Coding Institutions and its Potential for Advancing Third Sector Research,2023,VOLUNTAS,article,9,"Economics, Econometrics and Finance; Social Sciences",10.1007/s11266-021-00423-w
B4-R15965,"The institutionalization of relative advantage: formal institutions, subconstitutional presidential powers, and the rise of authoritarian politics in Russia, 1994-2012",2017,POST-SOVIET AFFAIRS,article,15,Social Sciences,10.1080/1060586x.2017.1388471
B4-R02709,The Interaction of Formal and Informal Contracts in the Decision of Cooperation of the Agents,2016,Brazilian Business Review,article,4,"Business, Management and Accounting; Economics, Econometrics and Finance",10.15728/bbr.2016.13.1.3
B4-R08501,The International Data Spaces Information Model – An Ontology for Sovereign Exchange of Digital Content,2020,Lecture notes in computer science,conference-paper,60,Computer Science; Social Sciences,10.1007/978-3-030-62466-8_12
B4-R07209,The Irrationality of Adaptive Preferences: A Psychological and Semantic Account,2020,Utilitas,article,3,Arts and Humanities; Neuroscience; Social Sciences,10.1017/s0953820820000321
B4-R00645,The ISE Metamodel for Critical Infrastructures,2007,IFIP International Federation for Information Processing,conference-paper,11,Computer Science; Decision Sciences; Engineering,10.1007/978-0-387-75462-8_23
B4-R16504,The law as a dynamic interconnected system of states of affairs: a legal top ontology,1999,INTERNATIONAL JOURNAL OF HUMAN-COMPUTER STUDIES,article,42,Computer Science,10.1006/ijhc.1999.0297
B4-R07529,The Law of Relation: The Dynamic Fractal Theorem and a Unified Ontology of Consciousness,,PhilPapers (PhilPapers Foundation),article,0,Computer Science; Neuroscience,
B4-R10939,The Logic of Best Actions from a Deontic Perspective,2014,Outstanding Contributions to Logic,book-chapter,7,Computer Science; Decision Sciences,10.1007/978-3-319-06025-5_24
B4-R19065,The Logic of Legal Requirements; Essays on Defeasibility,2012,Revus: Journal for Constitutional Theory and Philosophy of Law,,,,
B4-R01115,The Logic of Norms Founded on Descriptive Language*,1991,Ratio Juris,article,11,Arts and Humanities,10.1111/j.1467-9337.1991.tb00100.x
B4-R10929,The logic of obligation as weakest permission,2012,Lecture Notes in Computer Science Including Subseries Lecture Notes in Artificial Intelligence and Lecture Notes in Bioinformatics,conference-paper,15,"Computer Science; Decision Sciences; Economics, Econometrics and Finance",10.1007/978-3-642-31570-1_10
B4-R17955,The Logic of Policy Change: Structure and Agency in Political Life,2010,JOURNAL OF HEALTH POLITICS POLICY AND LAW,article,23,"Economics, Econometrics and Finance; Social Sciences",10.1215/03616878-2010-021
B4-R19020,The Logic of Standards of Review in Constitutional Cases: A Deontic Analysis,2003,Vermont Law Review,,,,
B4-R17972,"The Logics of Hybrid Accountability: When the State, the Market, and Professionalism Interact",2020,ANNALS OF THE AMERICAN ACADEMY OF POLITICAL AND SOCIAL SCIENCE,article,21,"Business, Management and Accounting; Social Sciences",10.1177/0002716220965905
B4-R14015,The many faces of counts-as: A formal analysis of constitutive rules,2008,J. Appl. Log.,article,48,Computer Science,10.1016/j.jal.2007.06.008
B4-R01091,The Many Faces of Defeasibility in Defeasible Deontic Logic,1997,,book-chapter,65,Computer Science; Psychology,10.1007/978-94-015-8851-5_5
B4-R17450,The Markov process admits a consistent steady-state thermodynamic formalism,2018,JOURNAL OF MATHEMATICAL PHYSICS,article,3,Engineering; Physics and Astronomy,10.1063/1.4994243
B4-R09136,The Medial Caesura in Schubert's Sonata Forms: Formal and Rhetorical Complications,2016,UA Campus Repository (The University of Arizona),dissertation,22,Arts and Humanities; Computer Science,
B4-R02810,"The Metamathematical Extrinsic Constitutive Law: Origin--MIND, Ontological Closure, and Gravity as a Privileged Shadow Expression in TCGS",,PhilPapers (PhilPapers Foundation),article,0,Arts and Humanities; Computer Science; Psychology,
B4-R03302,The Modal Logic of Bayesian Belief Revision,2018,Journal of Philosophical Logic,article,7,Computer Science,10.1007/s10992-018-9495-9
B4-R04475,The modelling and analysis of IEEE 802.6's configuration control protocol with coloured petri nets,1999,Lecture notes in computer science,conference-paper,4,Computer Science,10.1007/bfb0097773
B4-R16041,The modern transformation of family governance: co-evolve of family authority and family formal institution,2021,NANKAI BUSINESS REVIEW INTERNATIONAL,article,6,"Business, Management and Accounting",10.1108/nbri-07-2020-0036
B4-R08503,"The multiplicity of logics, trust, and interdependence in donor‐imposed reporting practices in the nonprofit sector",2020,Financial Accountability and Management,article,22,Social Sciences,10.1111/faam.12241
B4-R14796,The network boundary specification problem in the global and world city research: investigation of the reliability of empirical results from sampled networks,2021,JOURNAL OF GEOGRAPHICAL SYSTEMS,article,5,"Economics, Econometrics and Finance; Social Sciences",10.1007/s10109-020-00340-4
B4-R02717,The Nexus between Contract Duration and the Use of Formal and Informal Incentive Pay,2019,Labour,article,3,"Decision Sciences; Economics, Econometrics and Finance; Social Sciences",10.1111/labr.12151
B4-R07439,"The ontological politics of cyber security: Emerging agencies, actors, sites, and spaces",2020,European Journal of International Security,article,46,Social Sciences,10.1017/eis.2020.10
B4-R00986,The ontological politics of knowledge production,2011,Cambridge University Press eBooks,book-chapter,6,Medicine; Social Sciences,10.1017/cbo9781139162142.006
B4-R07353,"The ontological politics of synthetic data: Normalities, outliers, and intersectional hallucinations",2025,Big Data & Society,article,12,Social Sciences,10.1177/20539517251318289
B4-R00644,"The ontological properties of social roles in multi-agent systems: definitional dependence, powers and roles playing roles",2007,Artificial Intelligence and Law,article,63,Computer Science,10.1007/s10506-007-9030-8
B4-R00909,The Ontologies of Putas: Feeling the Visual Archive of Sex Work and Working Sex,2024,GLQ A Journal of Lesbian and Gay Studies,article,0,Social Sciences,10.1215/10642684-11177998
B4-R00805,The Ontology and Epistemology of Social Reality in Accounting According to Mattessich,2009,Accounting and the Public Interest,article,18,"Business, Management and Accounting",10.2308/api.2009.9.1.65
B4-R01027,"The ontology for agents, systems and integration of services: OASIS version 2$",2023,Intelligenza Artificiale,article,9,Computer Science,10.3233/ia-230002
B4-R10881,"The Ontology for Agents, Systems and Integration of Services: recent advancements of OASIS",2022,Ceur Workshop Proceedings,Conference Paper,10,Computer Science,
B4-R00681,The ontology of complexity and the neo-Schumpeterian evolutionary theory of economic change,2017,Journal of Evolutionary Economics,article,38,"Economics, Econometrics and Finance",10.1007/s00191-017-0512-x
B4-R07489,The ontology of the digital twin: a contemporary case for metaontological analysis,2026,Synthese,article,1,Arts and Humanities; Computer Science; Engineering,10.1007/s11229-026-05581-2
B4-R00692,The ontology-driven approach to intelligent support of requirements engineering in agile software development,2020,Proceedings of Itnt 2020 6th IEEE International Conference on Information Technology and Nanotechnology,conference-paper,8,Computer Science,10.1109/itnt49337.2020.9253232
B4-R01003,The OntoREA© Accounting and Finance Model: Ontological Conceptualization of the Accounting and Finance Domain,2017,Lecture notes in computer science,conference-paper,8,"Business, Management and Accounting; Computer Science",10.1007/978-3-319-69904-2_38
B4-R10993,The open ontology and information society,2024,Frontiers in Genetics,article,5,Neuroscience; Social Sciences,10.3389/fgene.2024.1290658
B4-R07454,"The P5 and international intervention: debating Syria, contesting the liberal peace, seeking ontological security",2025,International Affairs,article,1,Social Sciences,10.1093/ia/iiaf059
B4-R17970,The paradox of citizen grievances in China: an institutional logics perspective,2022,INTERNATIONAL REVIEW OF ADMINISTRATIVE SCIENCES,article,1,"Business, Management and Accounting; Social Sciences",10.1177/00208523211009957
B4-R02203,"The Past, Present and Future of the Corporate Actor: Ontological, Epistemological and Theoretical Considerations",2025,Schmalenbach Journal of Business Research,article,3,"Business, Management and Accounting",10.1007/s41471-025-00213-w
B4-R08729,The Persistence of Organizational Deviance: When Informal Sanctioning Systems Undermine Formal Sanctioning Systems,2018,Business Ethics Quarterly,article,12,Decision Sciences; Neuroscience; Psychology,10.1017/beq.2018.15
B4-R13383,"The Pervasiveness of Digital Identity: Surveying Themes, Trends, and Ontological Foundations",2026,Information Switzerland,article,2,"Business, Management and Accounting; Social Sciences",10.3390/info17010085
B4-R00992,The plural of “ontology” is “confusion”,2012,Complexity,article,4,Arts and Humanities; Psychology,10.1002/cplx.21405
B4-R06259,The Poetics and Ontologies of Fresh Water in Settler Contexts,2025,ISLE Interdisciplinary Studies in Literature and Environment,article,1,Arts and Humanities; Social Sciences,10.1093/isle/isaf023
B4-R07244,The Poggendorff experiment: a study using the Newtonian and Lagrangian formalisms,2025,European Journal of Physics,article,0,Engineering; Physics and Astronomy,10.1088/1361-6404/ae2444
B4-R10764,"The political economy of technofetishism: Agency, Amazonian ontologies, and global magic",2015,Hau Journal of Ethnographic Theory,article,51,Arts and Humanities; Social Sciences,10.14318/hau5.1.003
B4-R07273,The Politics of Ontology,2006,Postmodern Culture,article,10,Social Sciences,10.1353/pmc.2006.0027
B4-R19023,The Possibility of Deontic Logic,2002,Ratio Juris,article,4,Arts and Humanities,10.1111/1467-9337.00210
B4-R02398,"The practical norms of land governance in Senegalese communes. Institutional incompleteness, politicisation, semi-formality and bricolage",2023,Land Use Policy,article,4,Agricultural and Biological Sciences; Social Sciences,10.1016/j.landusepol.2023.106828
B4-R18007,The principals of meaning: Extracting semantic dimensions from co-occurrence models of semantics,2016,PSYCHONOMIC BULLETIN & REVIEW,article,132,Computer Science,10.3758/s13423-016-1053-2
B4-R02905,The Principle of _Radical Recursivity_: A Meta-Logically Complete Formalization of Dialetheic Monism,,PhilPapers (PhilPapers Foundation),article,0,Computer Science; Psychology,
B4-R12706,THE PRINCIPLE OF FORMALITY IN CONTRACTS UNDER THE SAUDI CIVIL TRANSACTIONS LAW: AN ANALYTICAL STUDY IN LIGHT OF THE GENERAL THEORY OF CONTRACT,2026,Acta Innovations,Article,0,"Business, Management and Accounting; Energy; Engineering; Environmental Science; Medicine; Social Sciences",
B4-R00970,The principle of ontological commitment in pre- and postmortem multiple agent tracking,2006,Behavioral and Brain Sciences,article,7,Arts and Humanities; Psychology; Social Sciences,10.1017/s0140525x0627910x
B4-R19096,"The Problem of Defeasibility and the Problems of Deafeasibility: A Review of Jordi Ferrer Beltran and Giovanni Battista Ratti (eds), The Logic of Legal Requirements: Essays on Defeasibility",2014,Jurisprudence,,,,
B4-R00869,The Problems of Realism-Based Ontology Design: a Case Study in Creating Definitions for an Application Ontology for Diabetes Camps.,2017,PubMed,conference-paper,5,"Biochemistry, Genetics and Molecular Biology; Computer Science; Health Professions",
B4-R00757,The relations of logic and semantics to ontology,1974,Journal of Philosophical Logic,article,10,Computer Science,10.1007/bf00247222
B4-R15973,The relationship between formal and informal institutions for governance of public transport,2018,JOURNAL OF TRANSPORT GEOGRAPHY,article,52,"Business, Management and Accounting; Social Sciences",10.1016/j.jtrangeo.2018.04.025
B4-R17992,The Relationship between Founder Team Diversity and Innovation Performance: The Moderating Role of Causation Logic,2016,LONG RANGE PLANNING,article,76,"Business, Management and Accounting; Social Sciences",10.1016/j.lrp.2015.12.013
B4-R00962,The Relevance of Ontological Commitments in Social Sciences: Realist and Pragmatist Viewpoints,2004,Journal for the Theory of Social Behaviour,article,59,Arts and Humanities; Social Sciences,10.1111/j.0021-8308.2004.00246.x
B4-R03296,The Research of Domain Ontology Recommendation Method with Its Applications in Requirement Traceability,2017,Proceedings 2017 16th International Symposium on Distributed Computing and Applications to Business Engineering and Science Dcabes 2017,conference-paper,6,Computer Science,10.1109/dcabes.2017.42
B4-R13390,The reverse-hybrid logic of open innovation: Overcoming institutional voids in Thai social enterprises,2026,Journal of Open Innovation Technology Market and Complexity,article,1,"Business, Management and Accounting; Social Sciences",10.1016/j.joitmc.2026.100788
B4-R02130,The Role of Architecture and Ontology for Interoperability,2010,Studies in health technology and informatics,book-chapter,9,Computer Science,10.3233/978-1-60750-563-1-33
B4-R02088,The Role of Castes in Formal Specification of MAS,2001,Lecture notes in computer science,conference-paper,11,"Business, Management and Accounting; Computer Science",10.1007/3-540-44637-0_1
B4-R07026,THE ROLE OF FORMAL CONTRACT LAW AND ENFORCEMENT IN ECONOMIC DEVELOPMENT,2006,TSpace (University of Toronto),article,63,"Business, Management and Accounting; Economics, Econometrics and Finance",
B4-R16014,"The Role of Formalisation, Participation and Context in the Success of Public Involvement Mechanisms in Resource Management",2008,SYSTEMIC PRACTICE AND ACTION RESEARCH,article,55,Agricultural and Biological Sciences; Decision Sciences; Environmental Science,10.1007/s11213-008-9113-9
B4-R05832,The Role of Institutional Logics in Institutional Trust Formation: A Cognitive Frames Perspective,2025,Academy of Management Annals,article,3,"Economics, Econometrics and Finance; Social Sciences",10.5465/annals.2023.0103
B4-R02133,The Role of Ontologies for Designing Accounting Information Systems,2010,DOAJ (DOAJ: Directory of Open Access Journals),article,8,"Business, Management and Accounting",
B4-R00651,The role of ontologies in supporting distributed medical systems,2009,International Journal of Integrated Care,article,1,"Business, Management and Accounting; Computer Science",10.5334/ijic.347
B4-R02603,The Semantic Layer as Contextual Foundation of Retrieval-Augmented Automated Assessment,2026,Information,article,0,Computer Science; Social Sciences,10.3390/info17060604
B4-R08722,The Semantics and Ontology of The Average American,2017,Journal of Semantics,article,17,Arts and Humanities; Computer Science,10.1093/jos/ffx009
B4-R02533,The Semantics of the Dutch Gender System,2012,Journal of Germanic Linguistics,article,12,Arts and Humanities; Social Sciences,10.1017/s1470542712000074
B4-R08059,The sequential logic of quality constructs in sales business relationships: model and findings,2024,International Journal of Procurement Management,article,3,"Business, Management and Accounting",10.1504/ijpm.2024.137325
B4-R00954,The Significance of Intentionality for the Ontological Evaluation of Information Systems,2001,Journal of the Association for Information Systems,article,7,Computer Science,
B4-R07385,The Spatiotemporal Dimension of the Legal Ontology of Russia’s Scientific and Technological Development,2026,Lex Russica,article,1,"Economics, Econometrics and Finance; Social Sciences",10.17803/1729-5920.2026.233.4.009-017
B4-R03422,The Status of Questions in the Ontology of Scientific Change,2018,Scientonomy Journal for the Science of Science,article,12,Computer Science,10.33137/js.v2i0.29651
B4-R15748,The Study of Formulations as a Key to an Interactional Semantics,2011,HUMAN STUDIES,article,151,Arts and Humanities; Psychology,10.1007/s10746-011-9187-8
B4-R03724,The Temporal Logic of Digital Media Technologies,2012,Postmodern Culture,article,1,Arts and Humanities; Computer Science; Social Sciences,10.1353/pmc.2012.0017
B4-R15829,"The Theory of Institutional Change Revisited: The Institutional Dichotomy, Its Dynamic, and Its Policy Implications in a More Formal Analysis",2012,JOURNAL OF ECONOMIC ISSUES,article,88,"Business, Management and Accounting; Decision Sciences; Economics, Econometrics and Finance",10.2753/jei0021-3624460101
B4-R16573,The Transitional Justice and Foreign Policy Nexus: The Inefficient Causation of State Ontological Security-Seeking,2019,INTERNATIONAL STUDIES REVIEW,article,31,Social Sciences,10.1093/isr/viy006
B4-R10746,The Tropos metamodel and its use,2005,Informatica Ljubljana,Article,100,Computer Science; Mathematics,
B4-R10616,The unified requirements modeling language: Shifting the focus to early requirements elicitation,2013,2013 3rd International Workshop on Comparing Requirements Modeling Approaches Cma@re 2013 Proceedings,conference-paper,5,Computer Science,10.1109/cma-re.2013.6664182
B4-R16048,The Use of the Institutional Grammar 1.0 for Institutional Analysis: A Literature Review,2023,INTERNATIONAL JOURNAL OF THE COMMONS,article,13,Social Sciences,10.5334/ijc.1214
B4-R11733,"The utilization of syntactic, semantic, and pragmatic cues in the assignment of subject role in Arabic",1993,Applied Psycholinguistics,article,13,Arts and Humanities; Neuroscience; Psychology,10.1017/s014271640001081x
B4-R07412,The Valid Ontology: A Simple OWL Temporal Versioning Framework,2009,3rd International Conference on Advances in Semantic Processing Semapro 2009,conference-paper,19,Computer Science,10.1109/semapro.2009.12
B4-R07406,The way the world works (www): towards an ontology of theory choice,2001,Cambridge University Press eBooks,book-chapter,48,"Economics, Econometrics and Finance",10.1017/cbo9780511752049.020
B4-R16420,The well supported semantics for multidimensional dynamic logic programs,2005,LOGIC PROGRAMMING AND NONMONOTONIC REASONING,conference-paper,12,Computer Science,10.1007/11546207_28
B4-R15077,Theory and methodology of assumption/commitment based system interface specification and architectural contracts,2018,FORMAL METHODS IN SYSTEM DESIGN,article,10,Computer Science,10.1007/s10703-017-0304-9
B4-R15261,Theory of Paradox Within Service-Dominant Logic,2018,SERVICE SCIENCE,article,7,"Business, Management and Accounting",10.1287/serv.2018.0206
B4-R16479,Three faces of recursion axioms: the case of constructive dynamic logic of relation changers,2023,JOURNAL OF LOGIC AND COMPUTATION,article,3,Computer Science,10.1093/logcom/exac013
B4-R07186,Three Syntactic Formalisms for Data-Driven Dependency Parsing of Croatian,2013,Lecture notes in computer science,conference-paper,17,Computer Science,10.1007/978-3-642-40585-3_70
B4-R11998,Time and norms: A formalization in the event-calculus,1999,Proceedings of the International Conference on Artificial Intelligence and Law,Conference Paper,17,,
B4-R16017,Time to change lanes: How pro-market reforms affect informal ventures' formalization speed,2021,GLOBAL STRATEGY JOURNAL,article,17,"Business, Management and Accounting; Computer Science; Economics, Econometrics and Finance",10.1002/gsj.1421
B4-R03097,Tool-Aided Assessment of Difficulties in Learning Formal Design-by-Contract Assertions,2020,ACM International Conference Proceeding Series,conference-paper,4,Computer Science,10.1145/3396802.3396807
B4-R07437,Topic Detection and Tracking Based on Event Ontology,2020,IEEE Access,article,18,Computer Science; Physics and Astronomy,10.1109/access.2020.2995776
B4-R02496,Topics in the Syntax and Semantics of Coordinate Structures,1993,University Libraries (University of Maryland),dissertation,460,Computer Science,10.13016/mbqx-vak3
B4-R19031,Toward a Legal Deontic Logic,1998,Notre Dame Law  Review,,,,
B4-R00919,Toward a Peircean-enriched Phenomenon-Based Classification – ontological foundations and semiotic mediations,2025,Journal of Documentation,article,3,Arts and Humanities; Physics and Astronomy; Social Sciences,10.1108/jd-08-2025-0221
B4-R00990,Toward a Perdurantist Ontology of Contracts,2012,Lecture notes in computer science,conference-paper,7,"Business, Management and Accounting; Computer Science; Decision Sciences",10.1007/978-3-642-31069-0_7
B4-R07173,Toward An Agreement On Semantic Web Architecture,2009,,article,14,"Business, Management and Accounting; Computer Science",10.5281/zenodo.1077139
B4-R07170,Toward an Open-Source Foundation Ontology Representing the Longman's Defining Vocabulary: The COSMO Ontology OWL Version.,2008,,article,4,Computer Science,
B4-R11154,Toward an organizational alignment modeling language: The human resource competency perspective,2017,Proceedings 2017 IEEE 19th Conference on Business Informatics CBI 2017,conference-paper,10,"Business, Management and Accounting",10.1109/cbi.2017.65
B4-R16274,Toward Formalization and Monitoring of Microscopic Traffic Parameters Using Temporal Logic,2022,TRANSPORTATION RESEARCH RECORD,article,7,Engineering,10.1177/03611981221100535
B4-R12428,Toward formalizing common-sense psychology: An analysis of the false-belief task,2008,Lecture Notes in Computer Science Including Subseries Lecture Notes in Artificial Intelligence and Lecture Notes in Bioinformatics,conference-paper,30,Computer Science,10.1007/978-3-540-89197-0_6
B4-R01394,Toward quantum computers by designing a new nano-scale arithmetic & logic unit,2022,Optik,article,3,Computer Science; Engineering,10.1016/j.ijleo.2022.170031
B4-R10676,Toward requirements-driven design of visual modeling languages,2018,Lecture Notes in Business Information Processing,conference-paper,3,"Business, Management and Accounting; Computer Science",10.1007/978-3-030-02302-7_2
B4-R00842,Towards a Commitment-Based Reference Ontology for Services,2013,Proceedings IEEE International Enterprise Distributed Object Computing Workshop Edoc,conference-paper,50,"Business, Management and Accounting; Computer Science",10.1109/edoc.2013.28
B4-R04116,Towards a Dedicated Object Oriented Software Process Modelling Language,1998,Lecture notes in computer science,conference-paper,8,"Business, Management and Accounting; Computer Science",10.1007/3-540-69687-3_60
B4-R02118,Towards a first ontology for customer relationship management,2008,5th International Conference on Soft Computing as Transdisciplinary Science and Technology Cstst 08 Proceedings,conference-abstract,17,"Business, Management and Accounting; Computer Science",10.1145/1456223.1456352
B4-R02187,Towards a flatter ontology of institutional logics: How logics relate in situations of institutional complexity,2022,International Journal of Management Reviews,article,60,"Business, Management and Accounting; Health Professions; Social Sciences",10.1111/ijmr.12313
B4-R17890,Towards a formal analysis of control systems,1998,"ECAI 1998: 13TH EUROPEAN CONFERENCE ON ARTIFICIAL INTELLIGENCE, PROCEEDINGS",Proceedings Paper,6,"Computer Science, Artificial Intelligence",
B4-R05289,Towards a formal model of computation for RMAS,2022,Procedia Computer Science,conference-paper,10,Computer Science; Engineering,10.1016/j.procs.2022.01.284
B4-R11176,Towards a formal multi-agent organizational modeling framework based on category theory,2021,Informatica Slovenia,article,10,Computer Science,10.31449/inf.v45i2.2967
B4-R01503,Towards a Formal Specification of Complex Social Structures in Multi-agent Systems,1999,Lecture notes in computer science,conference-paper,21,Computer Science; Decision Sciences,10.1007/10703260_17
B4-R13833,Towards a formal specification of SLAs with compensations*,2014,Lecture Notes in Computer Science Including Subseries Lecture Notes in Artificial Intelligence and Lecture Notes in Bioinformatics,conference-paper,7,"Business, Management and Accounting; Computer Science",10.1007/978-3-662-45563-0_17
B4-R02493,"Towards a Formal Verification of a Floating Point Coprocessor and its Composition with a Central Processing Unit11Work sponsored under Boeing Contract NAS1-18586, Task Assignment No. 3, with NASA-Langley Research Center and NSA Agreement DOD-MDA 904-91-C-7053",1993,Elsevier eBooks,book-chapter,7,Computer Science,10.1016/b978-0-444-89880-7.50033-4
B4-R11906,Towards a formalisation of flectronic contracting environments,2009,Lecture Notes in Computer Science Including Subseries Lecture Notes in Artificial Intelligence and Lecture Notes in Bioinformatics,conference-paper,104,"Business, Management and Accounting; Computer Science; Social Sciences",10.1007/978-3-642-00443-8_11
B4-R02680,Towards a Formalization of Contracts for Service Substitution,2010,Proceedings 2010 6th World Congress on Services Services 1 2010,conference-paper,6,Computer Science,10.1109/services.2010.23
B4-R05877,Towards a formalization of value-centric trust in agent societies,2004,Web Intelligence and Agent Systems An International Journal,article,30,Computer Science; Social Sciences,10.5555/1234001.1234003
B4-R16269,Towards A Goal-driven Dynamic Business Process Ontology,2019,PROCEEDINGS OF 2019 2ND INTERNATIONAL CONFERENCE ON BIG DATA TECHNOLOGIES (ICBDT 2019),conference-paper,4,"Business, Management and Accounting; Computer Science",10.1145/3358528.3358550
B4-R10674,Towards a holistic framework of MNE–state bargaining: A formal model and case-based analysis,2018,Journal of World Business,article,51,"Business, Management and Accounting; Social Sciences",10.1016/j.jwb.2017.07.003
B4-R13274,Towards a human factors ontology for cyber security,2015,Ceur Workshop Proceedings,Conference Paper,41,Computer Science,
B4-R14604,"Towards a logical and scientific foundation for system concepts, principles, and terminology",2008,2008 IEEE International Conference on System of Systems Engineering,conference-paper,15,"Business, Management and Accounting; Engineering",10.1109/sysose.2008.4724161
B4-R02675,Towards a Logical Model of Social Agreement for Agent Societies,2010,Lecture notes in computer science,conference-paper,14,Computer Science,10.1007/978-3-642-14962-7_10
B4-R12828,Towards a meaningful manufacturing enterprise metamodel: A semantic driven framework,2007,Proceedings of the Institution of Mechanical Engineers Part B Journal of Engineering Manufacture,article,6,"Business, Management and Accounting; Computer Science",10.1243/09544054jem503
B4-R13295,Towards a reference ontology of trust,2019,Lecture Notes in Computer Science Including Subseries Lecture Notes in Artificial Intelligence and Lecture Notes in Bioinformatics,conference-paper,39,"Business, Management and Accounting; Computer Science; Social Sciences",10.1007/978-3-030-33246-4_1
B4-R00599,Towards a Requirements Modeling Language for Self-Adaptive Systems,2012,Lecture notes in computer science,conference-paper,34,Computer Science,10.1007/978-3-642-28714-5_24
B4-R10306,Towards a rigorous modeling formalism for systems of systems,2012,Proceedings 2012 15th IEEE International Symposium on Object Component Service Oriented Real Time Distributed Computing Workshops Isorcw 2012,conference-paper,31,Computer Science; Engineering,10.1109/isorcw.2012.42
B4-R02626,Towards a semantic analysis of case and subject in Georgian,1970,Lingua,article,56,Arts and Humanities; Social Sciences,10.1016/0024-3841(70)90039-2
B4-R15225,Towards a semantic blockchain: A behaviouristic approach to modelling Ethereum,2024,APPLIED ONTOLOGY,article,4,Computer Science,10.3233/ao-230010
B4-R00848,Towards a Service Ontology Pattern Language,2015,Lecture notes in computer science,conference-paper,5,"Business, Management and Accounting; Computer Science",10.1007/978-3-319-25264-3_14
B4-R13223,Towards a service requirements modelling ontology based on agent knowledge and intentions,2008,International Journal of Agent Oriented Software Engineering,article,17,Computer Science,10.1504/ijaose.2008.019422
B4-R00649,Towards a unified metamodel for i*,2008,Proceedings of the 2nd International Conference on Research Challenges in Information Science Rcis 2008,conference-paper,44,Computer Science,10.1109/rcis.2008.4632112
B4-R14850,Towards a Unified Metamodel for i*,2007,PROCEEDINGS OF THE SECOND INTERNATIONAL CONFERENCE ON RESEARCH CHALLENGES IN INFORMATION SCIENCE: RCIS 2008,Proceedings Paper,10,"Computer Science, Hardware & Architecture; Computer Science, Information Systems; Computer Science, Software Engineering; Engineering, Electrical & Electronic",
B4-R10605,Towards a unified requirements modeling language,2010,2010 5th International Workshop on Requirements Engineering Visualization Rev 2010,conference-paper,38,Computer Science,10.1109/rev.2010.5625659
B4-R16488,"Towards a uniform ontology-driven approach for modeling, checking and executing WSANs",2016,IEEE 30TH INTERNATIONAL CONFERENCE ON ADVANCED INFORMATION NETWORKING AND APPLICATIONS WORKSHOPS (WAINA 2016),conference-paper,4,Computer Science; Engineering,10.1109/waina.2016.79
B4-R04061,Towards Addressing Co-Creation Gaps: Automating Safe-and-Sustainable-by-Design Workflows with Electronic Lab Notebooks,2026,Lecture notes in mechanical engineering,conference-paper,1,"Business, Management and Accounting; Computer Science; Social Sciences",10.1007/978-3-032-21157-6_29
B4-R18026,Towards agent-based petri net decision making modelling for cloud service composition: A literature survey,2019,JOURNAL OF NETWORK AND COMPUTER APPLICATIONS,article,36,Computer Science,10.1016/j.jnca.2018.12.001
B4-R02149,Towards an Arabic legal ontology based on documents properties extraction,2015,Proceedings of IEEE ACS International Conference on Computer Systems and Applications Aiccsa,conference-paper,6,Computer Science; Social Sciences,10.1109/aiccsa.2015.7507219
B4-R03473,Towards an Architecture Modeling Language for Networked Organizations,2007,IFIP International Federation for Information Processing,conference-paper,5,"Business, Management and Accounting; Computer Science",10.1007/978-0-387-73798-0_32
B4-R05301,Towards an Automatic Test Generation Method for Systems of Systems Based on Fault Injection and Model-Based Systems Engineering,2022,Applied Sciences,article,2,Computer Science; Engineering,10.3390/app122211863
B4-R00787,Towards an Inductive Methodology for Ontology Alignment Through Instance Negotiation,2006,Lecture notes in computer science,conference-paper,4,"Biochemistry, Genetics and Molecular Biology; Computer Science",10.1007/11914853_68
B4-R16245,Towards an observer/controller and ontology/rule-based approach for pervasive healthcare systems,2017,INTERNATIONAL JOURNAL OF AD HOC AND UBIQUITOUS COMPUTING,article,4,Computer Science; Social Sciences,10.1504/ijahuc.2017.087019
B4-R00813,Towards an Ontological Foundation for Services Science: The Legal Perspective,2010,Law Governance and Technology Series,book-chapter,28,"Business, Management and Accounting; Computer Science",10.1007/978-94-007-0120-5_14
B4-R00818,Towards an Ontological Foundation of Services Science: The General Service Model,2011,,article,30,"Business, Management and Accounting; Computer Science; Social Sciences",
B4-R16344,Towards an Ontological Infrastructure for Content Modeling and Personalization,2012,2012 SEVENTH INTERNATIONAL WORKSHOP ON SEMANTIC AND SOCIAL MEDIA ADAPTATION AND PERSONALIZATION (SMAP 2012),conference-paper,5,"Biochemistry, Genetics and Molecular Biology; Computer Science",10.1109/smap.2012.16
B4-R08471,Towards an Ontological Intellectual Capital Based Model in Sustainable Business Performance,2008,2008 International Conference on Computational Intelligence for Modelling Control and Automation Cimca 2008,conference-paper,5,"Business, Management and Accounting",10.1109/cimca.2008.13
B4-R10179,Towards an ontology for product version management,2015,International Journal of Product Lifecycle Management,article,7,Computer Science,10.1504/ijplm.2015.068008
B4-R00636,Towards an Ontology of Trust,2005,Lecture notes in computer science,article,12,Arts and Humanities; Health Professions,10.1007/11537878_18
B4-R16600,Towards an ontology-based system for intelligent prediction of firms with fraudulent financial statements,2007,"ETFA 2007: 12TH IEEE INTERNATIONAL CONFERENCE ON EMERGING TECHNOLOGIES AND FACTORY AUTOMATION, VOLS 1-3",Proceedings Paper,4,Computer Science; Engineering,
B4-R17609,Towards Automatic Generation of Systems-of-Systems Architectural Configurations,2024,"PROCEEDINGS OF THE 2024 IEEE/ACM 12TH INTERNATIONAL WORKSHOP ON SOFTWARE ENGINEERING FOR SYSTEMS-OF-SYSTEMS AND SOFTWARE ECOSYSTEMS, SESOS 2024",conference-paper,2,"Business, Management and Accounting; Engineering",10.1145/3643655.3643884
B4-R13384,Towards a FAIR Data Management Framework for Ontology-Driven Explainable Machine Learning,2026,Lecture Notes in Business Information Processing,conference-paper,0,"Business, Management and Accounting; Computer Science",10.1007/978-3-032-27997-2_6
B4-R14708,Towards Better Semantics for Services in eHealth Standards: A Reference Ontology Approach,2014,2014 IEEE 18th International Enterprise Distributed Object Computing Conference Workshops and Demonstrations,conference-paper,6,"Business, Management and Accounting; Computer Science",10.1109/edocw.2014.48
B4-R04281,Towards Building Ontology-Based Applications for Integrating Heterogeneous Aircraft Maintenance Records,2022,2022 IEEE 20th International Conference on Industrial Informatics (INDIN),conference-paper,7,Computer Science; Decision Sciences,10.1109/indin51773.2022.9976080
B4-R00974,TOWARDS BUILDING SEMANTIC DECISION TABLES WITH DOMAIN ONTOLOGIES,2008,Challenges in Information Technology Management,conference-paper,14,Computer Science,10.1142/9789812819079_0004
B4-R16501,Towards Cognitive Coaching in Aircraft Piloting Tasks: Building an ACT-R Synthetic Pilot Integrating an Ontological Reference Model to Assist the Pilot and Manage Deviations,2024,"GENERATIVE INTELLIGENCE AND INTELLIGENT TUTORING SYSTEMS, PT I, ITS 2024",conference-paper,5,Computer Science; Psychology,10.1007/978-3-031-63028-6_16
B4-R10870,Towards Effectiveness and Transparency in E-Business Transactions: An Ontology for Customer Complaint Management,2008,Semantic Web for Business Cases and Applications,book-chapter,24,"Business, Management and Accounting",10.4018/978-1-60566-066-0.ch007
B4-R18701,Towards flexible production systems engineering according to RAMI 4.0 by utilizing PPR notation,2023,2023 IEEE 21st International Conference on Industrial Informatics (INDIN),conference-paper,7,Engineering,10.1109/indin51400.2023.10218117
B4-R03586,Towards formal modeling of e-contracts,2002,Proceedings 5th IEEE International Enterprise Distributed Object Computing Conference,conference-paper,72,"Business, Management and Accounting; Computer Science",10.1109/edoc.2001.950423
B4-R00209,Towards formal semantics for reorganization,2006,Utrecht University Repository (Utrecht University),other,6,"Business, Management and Accounting; Computer Science",
B4-R03652,Towards machine-readable semantic-based E-business contract representations using Network of Timed Automata (NTA),2024,Future Generation Computer Systems,article,2,"Business, Management and Accounting; Computer Science",10.1016/j.future.2024.04.040
B4-R10011,Towards ontology guided translation of activity-centric processes to GSM,2016,Lecture Notes in Business Information Processing,conference-paper,6,"Business, Management and Accounting; Computer Science",10.1007/978-3-319-42887-1_30
B4-R16495,Towards service-oriented ontology-based coordination,2006,"ICWS 2006: IEEE INTERNATIONAL CONFERENCE ON WEB SERVICES, PROCEEDINGS",Proceedings Paper,5,"Computer Science, Information Systems; Telecommunications",
B4-R07071,Towards the Formal Verification of SysML v2 Models,2024,"ACM/IEEE 27TH INTERNATIONAL CONFERENCE ON MODEL DRIVEN ENGINEERING LANGUAGES AND SYSTEMS: COMPANION PROCEEDINGS, MODELS 2024",conference-paper,13,Computer Science; Engineering,10.1145/3652620.3687820
B4-R14124,Towards the Norm-Aware Agent: Bridging the Gap Between Deontic Specifications and Practical Mechanisms for Norm Monitoring and Norm-Aware Planning,2014,COIN@AAMAS/PRIMA,conference-paper,22,Computer Science,10.1007/978-3-319-07314-9_19
B4-R11957,Towards the operational semantics of user-centric communication models,2009,Proceedings International Computer Software and Applications Conference,conference-paper,5,"Business, Management and Accounting; Computer Science",10.1109/compsac.2009.41
B4-R13445,Towards the semantics for web service choreography description language,2006,Lecture Notes in Computer Science Including Subseries Lecture Notes in Artificial Intelligence and Lecture Notes in Bioinformatics,Article,15,Computer Science; Mathematics,
B4-R00142,Towards the Specification and Verification of Legal Contracts,2020,Proceedings of the IEEE International Conference on Requirements Engineering,conference-paper,3,"Business, Management and Accounting; Computer Science; Social Sciences",10.1109/re48521.2020.00066
B4-R12104,Towards traceability metamodel for business process modeling notation,2011,IFIP Advances in Information and Communication Technology,conference-paper,15,"Business, Management and Accounting; Computer Science",10.1007/978-3-642-27260-8_14
B4-R16608,Towards trustworthy and explainable AI for ocular disease diagnosis using an ontology-guided neuro-symbolic framework,2026,BIOMEDICAL SIGNAL PROCESSING AND CONTROL,article,0,"Biochemistry, Genetics and Molecular Biology; Computer Science",10.1016/j.bspc.2026.111198
B4-R03628,Trace semantics and refinement patterns for real-time properties in event-B models,2020,Science of Computer Programming,article,6,Computer Science,10.1016/j.scico.2020.102513
B4-R12001,Tractable probabilistic μ-calculus that expresses probabilistic temporal logics,2015,Leibniz International Proceedings in Informatics Lipics,conference-paper,10,Computer Science,10.4230/lipics.stacs.2015.211
B4-R18011,Transdermal nicotine modulates strategy-based attentional semantic processing in non-smokers,2008,INTERNATIONAL JOURNAL OF NEUROPSYCHOPHARMACOLOGY,article,12,"Biochemistry, Genetics and Molecular Biology; Neuroscience; Psychology",10.1017/s1461145707008188
B4-R02030,Transforming geographies: Performing Indigenous‐Māori ontologies and ethics of more‐than‐human care in an era of ecological emergency,2021,New Zealand Geographer,article,59,Social Sciences,10.1111/nzg.12302
B4-R12903,Transiting From the East to the ‘Core’ West of Europe: Slovakia’s Ontological Liminality After the Outbreak of 2022 Russia’s War on Ukraine,2024,Alternatives,article,6,Social Sciences,10.1177/03043754231185650
B4-R07231,Translation Strategies and Equivalence in Formal Document Translation: A Study of UNESCO Agreements,2024,Journal of Languages and Language Teaching,article,1,Arts and Humanities; Computer Science,10.33394/jollt.v12i4.11050
B4-R16465,Treating Anomalies in Rule bases associated to Ontologies,2024,JOURNAL OF SUPERCOMPUTING,article,0,Computer Science,10.1007/s11227-024-06688-4
B4-R02704,Trends in the informal and formal home-care use of older adults in the Netherlands between 1992 and 2012,2015,Ageing and Society,article,43,Social Sciences,10.1017/s0144686x1500077x
B4-R14103,Trivalent Semantics for Conditional Obligations,2025,DEON,Inproceedings,,,
B4-R02651,Trust and Formal Contracts in Interorganizational Relationships - Substitutes and Complements,2004,SSRN Electronic Journal,preprint,81,"Business, Management and Accounting; Social Sciences",10.2139/ssrn.611161
B4-R02663,Trust and formal contracts in interorganizational relationships — substitutes and complements,2007,Managerial and Decision Economics,article,292,"Business, Management and Accounting; Social Sciences",10.1002/mde.1321
B4-R02712,Trust and formal contracts: complements or substitutes? A study of tourism collaboration in Poland,2017,Journal of Destination Marketing & Management,article,35,"Business, Management and Accounting",10.1016/j.jdmm.2017.07.001
B4-R02643,TRUST AND FORMAL CONTROL IN INTERORGANIZATIONAL RELATIONSHIPS,2002,RePEc: Research Papers in Economics,article,25,"Business, Management and Accounting; Economics, Econometrics and Finance; Social Sciences",
B4-R03405,Trust and hybrid reasoning for ontological knowledge bases,2014,Www 2014 Companion Proceedings of the 23rd International Conference on World Wide Web,conference-paper,2,Computer Science; Decision Sciences,10.1145/2567948.2579033
B4-R08449,Trust evaluation of multimedia documents based on extended provenance model in social semantic web,2018,Multimedia Tools and Applications,article,6,Computer Science; Decision Sciences; Social Sciences,10.1007/s11042-018-6243-7
B4-R13331,Trust in interagency collaboration: The role of institutional logics and hybrid professionals,2023,Journal of Professions and Organization,article,10,"Business, Management and Accounting; Social Sciences",10.1093/jpo/joac022
B4-R13219,Trust network analysis with subjective logic,2006,Conferences in Research and Practice in Information Technology Series,Conference Paper,294,,
B4-R12517,Trust-based formal delegation framework for enterprise social networks,2015,Proceedings 14th IEEE International Conference on Trust Security and Privacy in Computing and Communications Trustcom 2015,conference-paper,4,Computer Science; Social Sciences,10.1109/trustcom.2015.366
B4-R05621,TrustyFeer: A Subjective Logic Trust Model for Smart City Peer‐to‐Peer Federated Clouds,2018,Wireless Communications and Mobile Computing,article,25,Computer Science; Social Sciences,10.1155/2018/1073216
B4-R05850,Trust‐annotated ontology integration using social modelling*,2008,Expert Systems,article,1,Computer Science; Social Sciences,10.1111/j.1468-0394.2008.00458.x
B4-R07405,Truth in the Digital Library: From Ontological to Hermeneutical Systems,2001,Lecture notes in computer science,conference-paper,26,Arts and Humanities; Computer Science,10.1007/3-540-44796-2_31
B4-R10340,Twenty-five years of formal methods and railways: What next?,2014,Lecture Notes in Computer Science Including Subseries Lecture Notes in Artificial Intelligence and Lecture Notes in Bioinformatics,conference-paper,57,Computer Science,10.1007/978-3-319-05032-4_13
B4-R09862,Two adaptive logics of norm-propositions,2013,Journal of Applied Logic,article,10,Computer Science,10.1016/j.jal.2013.02.001
B4-R19030,Two approaches to deontic logic,1981,Journal of Value Inquiry,article,5,Computer Science,10.1007/bf00147111
B4-R10926,Two dimensional Standard Deontic Logic [including a detailed analysis of the 1985 Jones-Pörn deontic logic system],2012,Synthese,article,7,Computer Science,10.1007/s11229-010-9866-4
B4-R07415,TWO METHODS FOR EVALUATING DYNAMIC ONTOLOGIES,2010,Keod 2010 Proceedings of the International Conference on Knowledge Engineering and Ontology Development,conference-paper,5,"Biochemistry, Genetics and Molecular Biology; Computer Science",10.5220/0003101601100122
B4-R01089,"Two Phenomena, One Name: A Categorical Equivocation in the Ontology of Kindness",,PhilPapers (PhilPapers Foundation),article,0,"Arts and Humanities; Business, Management and Accounting; Neuroscience",
B4-R02616,Typed UNKNOWN: Preserving Resolution-Relevant Semantics in AI-Mediated Decision Processes,2026,Zenodo (CERN European Organization for Nuclear Research),preprint,4,"Arts and Humanities; Business, Management and Accounting; Decision Sciences",10.5281/zenodo.22121089
B4-R08560,"Typical Atypicality: Formal and Informal Institutionele Conformity, Deviance, and Dynamics",2008,,article,10,"Business, Management and Accounting",
B4-R05667,"UML 2001 - The Unified Modeling Language. Modeling Languages, Concepts, and Tools: 4th International Conference, Toronto, Canada, October 1-5, 2001. Proceedings",2001,Medical Entomology and Zoology,book,8,Computer Science,
B4-R01127,Un Modello Formale Per Il Ragionamento Giuridico,1997,,article,16,Computer Science; Social Sciences,
B4-R02650,"Uncertainty, Opportunism and Governance: The Effects of Volatility and Ambiguity on Formal and Relational Contracting",2004,SSRN Electronic Journal,preprint,76,"Business, Management and Accounting",10.2139/ssrn.611208
B4-R02659,"Uncertainty, Opportunism, and Governance: The Effects of Volatility and Ambiguity on Formal and Relational Contracting",2006,Academy of Management Journal,article,752,"Business, Management and Accounting",10.5465/amj.2006.22798187
B4-R07093,Understanding Europe’s skills shortage: Patterns of participation in formal and non-formal education and training,2026,International Review of Education,article,2,"Economics, Econometrics and Finance; Social Sciences",10.1007/s11159-025-10175-0
B4-R10973,Understanding Hohfeld and Formalizing Legal Rights: The Hohfeldian Conceptions and Their Conditional Consequences,2020,Studia Logica,article,24,"Economics, Econometrics and Finance; Social Sciences",10.1007/s11225-019-09870-5
B4-R16074,Understanding policy evolution using institutional grammar: net metering policies in the United States,2024,POLICY DESIGN AND PRACTICE,article,7,"Economics, Econometrics and Finance; Social Sciences",10.1080/25741292.2024.2342093
B4-R16054,Understanding regulation using the Institutional Grammar 2.0,2024,REGULATION & GOVERNANCE,article,9,"Business, Management and Accounting",10.1111/rego.12546
B4-R02670,"Understanding the Coexistence of Formal and Informal Credit Markets in Piura, Peru",2008,World Development,article,192,"Agricultural and Biological Sciences; Economics, Econometrics and Finance; Social Sciences",10.1016/j.worlddev.2007.07.002
B4-R15895,Understanding the evolution of competing institutional logics in the marketization of care: A stage model analysis of Australia's National Disability Insurance Scheme,2024,HEALTH POLICY,article,5,"Economics, Econometrics and Finance; Social Sciences",10.1016/j.healthpol.2024.105173
B4-R16454,Uniform Substitution for Dynamic Logic with Communicating Hybrid Programs,2023,"AUTOMATED DEDUCTION, CADE 29",conference-paper,5,Computer Science,10.1007/978-3-031-38499-8_6
B4-R00825,Unintended consequences of existential quantifications in biomedical ontologies,2011,BMC Bioinformatics,article,12,"Biochemistry, Genetics and Molecular Biology; Computer Science",10.1186/1471-2105-12-456
B4-R11434,Unlocking Legal Validity: Some Remarks on the Artificial Ontology of Law,2018,Law and Philosophy Library,book-chapter,10,Social Sciences,10.1007/978-3-319-77522-7_5
B4-R06064,Unpacking the Ecuadorian spatial planning law: policy mobilities in Latin America between transnational agency and path-dependent logics,2022,Planning Practice and Research,article,12,"Business, Management and Accounting; Engineering; Social Sciences",10.1080/02697459.2022.2034283
B4-R05829,Unravelling Trust Dynamics: A Fuzzy Logic Analysis of University-Stakeholder Relationships,2024,Lecture notes in networks and systems,conference-paper,3,Computer Science,10.1007/978-3-031-81564-5_66
B4-R13361,"Unsettled Ground, Unsettled Lives: The Ontological (In)securities of Syrian Refugees in the Shadow of Turkey’s 2023 Earthquake",2025,Journal on Migration and Human Security,article,6,Health Professions; Social Sciences,10.1177/23315024241291830
B4-R08523,"Unveiling the rivalry of cloud ERP dialectics, underpinning logics and roles of accounting and information system professionals",2025,International Journal of Accounting Information Systems,article,9,"Business, Management and Accounting",10.1016/j.accinf.2025.100728
B4-R00596,UPMS - UML Profile and Metamodel for Services - an Emerging Standard,2008,,conference-abstract,6,"Business, Management and Accounting; Computer Science",10.1109/edoc.2008.52
B4-R16393,Urban Traffic Signal Control at the Edge: An Ontology-Enhanced Deep Reinforcement Learning Approach,2023,"2023 IEEE 26TH INTERNATIONAL CONFERENCE ON INTELLIGENT TRANSPORTATION SYSTEMS, ITSC",conference-paper,6,Engineering,10.1109/itsc57777.2023.10422573
B4-R05724,Use of an Ontological Model to Assess the Relevance of Scientific Production,2019,IEEE Latin America Transactions,article,6,Computer Science,10.1109/tla.2019.8931135
B4-R04158,"Use of Coloured Petri Net models in planning, design, and simulation of intelligent wireless medical device networks for safe and flexible hospital capacity management",2007,International Journal of Networking and Virtual Organisations,article,9,Computer Science; Engineering,10.1504/ijnvo.2007.013538
B4-R16321,Use of formal ontologies as a foundation for inventive design studies,2011,COMPUTERS IN INDUSTRY,article,69,"Business, Management and Accounting; Engineering",10.1016/j.compind.2010.09.007
B4-R19106,Use of Industry Consensus Standards as a Soft Law Mechanism to Safely Deploy Automated Driving Systems,2024,Jurimetrics,,,,
B4-R16392,User Context Ontology for Adaptive Mobile-Phone Interfaces,2021,IEEE ACCESS,article,37,Computer Science; Decision Sciences,10.1109/access.2021.3095300
B4-R05840,Using a Functional Ontology Of Reputation to interoperate different agent reputation models,2005,Journal of the Brazilian Computer Society,article,5,Computer Science,10.1007/bf03192377
B4-R10684,Using a Modelling Language to Describe the Quality of Life Goals of People Living with Dementia,2019,Lecture Notes in Computer Science Including Subseries Lecture Notes in Artificial Intelligence and Lecture Notes in Bioinformatics,conference-paper,3,Computer Science; Medicine; Social Sciences,10.1007/978-3-030-21290-2_11
B4-R07179,Using AgreementMaker to align ontologies for OAEI 2010,2010,,article,85,"Biochemistry, Genetics and Molecular Biology; Computer Science",
B4-R03710,Using answer set programming and lambda calculus to characterize natural language sentences with normatives and exceptions,2008,Proceedings of the National Conference on Artificial Intelligence,article,16,Computer Science,
B4-R10515,Using archimate to integrate CoBIT 5 and COSO metamodels,2016,Proceedings of the 13th European Mediterranean and Middle Eastern Conference on Information Systems Emcis 2016,Conference Paper,9,,
B4-R14696,Using ArchiMate to Represent ITIL Metamodel,2013,2013 IEEE 15th Conference on Business Informatics,conference-paper,24,"Business, Management and Accounting",10.1109/cbi.2013.45
B4-R09770,Using automatic stress extraction from audio for improved prosody modelling in speech synthesis,2015,Proceedings of the Annual Conference of the International Speech Communication Association Interspeech,conference-paper,4,Computer Science; Psychology,10.21437/interspeech.2015-130
B4-R18433,Using blockchain and semantic web technologies for the implementation of smart contracts between individuals and health insurance organizations,2022,BLOCKCHAIN-RESEARCH AND APPLICATIONS,article,70,Computer Science,10.1016/j.bcra.2021.100049
B4-R01171,Using Exclusion Logic to Model Social Practices,2011,Lecture notes in computer science,conference-paper,3,Computer Science,10.1007/978-3-642-18181-8_12
B4-R07183,Using Explicit Semantic Analysis for Cross-Lingual Link Discovery,2011,Open Research Online (The Open University),conference-paper,16,Computer Science; Social Sciences,
B4-R02685,Using Formal and Informal Controls to Limit Opportunism: Review and Classification of Remedies to Hold-Ups,2011,SSRN Electronic Journal,preprint,6,"Business, Management and Accounting; Economics, Econometrics and Finance",
B4-R05809,Using Fuzzy Logic and Q-Learning for Trust Modeling in Multi-agent Systems,2014,Annals of Computer Science and Information Systems,conference-paper,18,Computer Science; Social Sciences,10.15439/2014f482
B4-R16559,Using Geographic Ontologies and Geo-Characterization to Represent Geographic Scenarios,2019,ISPRS INTERNATIONAL JOURNAL OF GEO-INFORMATION,article,24,Computer Science; Social Sciences,10.3390/ijgi8120566
B4-R14020,"Using household counts as ancillary information for areal interpolation of population: Comparing formal and informal, online data sources",2020,Comput. Environ. Urban Syst.,article,11,Environmental Science; Social Sciences,10.1016/j.compenvurbsys.2019.101440
B4-R16091,Using institutional grammar to improve understanding of the form and function of payment for ecosystem services programs,2018,ECOSYSTEM SERVICES,article,23,"Economics, Econometrics and Finance; Environmental Science",10.1016/j.ecoser.2018.03.011
B4-R10503,Using ontologies for enterprise architecture analysis,2013,Proceedings IEEE International Enterprise Distributed Object Computing Workshop Edoc,conference-paper,29,"Business, Management and Accounting; Computer Science",10.1109/edocw.2013.47
B4-R00329,Using Ontologies for Enterprise Architecture Integration and Analysis,2014,Complex Systems Informatics and Modeling Quarterly,article,31,"Business, Management and Accounting; Computer Science",10.7250/csimq.2014-1.01
B4-R02085,Using Ontologies for Knowledge Management: An Information Systems Perspective.,1999,Proceedings of the ASIS Annual Meeting,article,57,Computer Science,
B4-R11125,Using ontologies for structuring organizational knowledge in Home Care assistance,2010,International Journal of Medical Informatics,article,98,"Biochemistry, Genetics and Molecular Biology; Computer Science; Health Professions",10.1016/j.ijmedinf.2010.01.012
B4-R00323,Using Ontologies to Integrate Multiple Enterprise Architecture Domains,2013,Lecture notes in business information processing,conference-paper,16,"Business, Management and Accounting; Computer Science",10.1007/978-3-642-41687-3_8
B4-R03406,Using ontologies to perform threat analysis and develop defensive strategies for mobile security,2015,Information Technology and Management,article,15,Computer Science,10.1007/s10799-014-0213-1
B4-R16221,Using Ontology and Rule-Based Reasoning for Conceptual Data Models Synonyms Detection: A Case Study,2019,JOURNAL OF DATABASE MANAGEMENT,article,5,Computer Science,10.4018/jdm.2019010101
B4-R03606,Using OWL 2 DL for Expressing ACL Content and Semantics,2012,Lecture notes in computer science,conference-paper,16,Computer Science,10.1007/978-3-642-34799-3_7
B4-R13247,Using provenance to debug changing ontologies,2011,Journal of Web Semantics,article,2,"Biochemistry, Genetics and Molecular Biology; Computer Science; Decision Sciences",10.1016/j.websem.2011.06.009
B4-R16564,Using Security and Domain ontologies for Security Requirements Analysis,2013,2013 IEEE 37TH ANNUAL COMPUTER SOFTWARE AND APPLICATIONS CONFERENCE WORKSHOPS (COMPSACW),conference-paper,31,Computer Science,10.1109/compsacw.2013.124
B4-R07153,Using Semantic Concepts to Characterise Various Knowledge Representation Formalisms: A Method of Facilitating the Interface of Knowledge Base System Components,1985,The Computer Journal,article,4,Computer Science,10.1093/comjnl/28.2.112
B4-R00647,Using Semantic Dependencies for Consistency Management of an Ontology of Brain-Cortex Anatomy,2008,,article,4,"Biochemistry, Genetics and Molecular Biology; Computer Science",
B4-R00643,Using semantic dependencies for consistency management of an ontology of brain–cortex anatomy,2007,Artificial Intelligence in Medicine,article,7,"Biochemistry, Genetics and Molecular Biology; Computer Science; Decision Sciences",10.1016/j.artmed.2006.09.004
B4-R03619,Using Semantic Web Technologies and Production Rules for Reasoning on Obligations and Permissions,2019,Lecture notes in computer science,conference-paper,4,"Business, Management and Accounting; Computer Science; Social Sciences",10.1007/978-3-030-17294-7_4
B4-R03625,"Using Semantic Web technologies and production rules for reasoning on obligations, permissions, and prohibitions1",2019,AI Communications,article,12,"Business, Management and Accounting; Computer Science; Social Sciences",10.3233/aic-190617
B4-R04392,Using Semantic Web Technologies for Enterprise Architecture Analysis,2015,Lecture notes in computer science,conference-paper,4,"Business, Management and Accounting; Computer Science",10.1007/978-3-319-18818-8_41
B4-R02438,Using semantics to process legal document updates,2013,International Conference on Information and Knowledge Management Proceedings,conference-paper,4,Computer Science; Social Sciences,10.1145/2513204.2513220
B4-R13256,Using subjective logic to handle uncertainty and conflicts,2012,Proc of the 11th IEEE Int Conference on Trust Security and Privacy in Computing and Communications Trustcom 2012 11th IEEE Int Conference on Ubiquitous Computing and Communications Iucc 2012,conference-paper,9,Computer Science; Social Sciences,10.1109/trustcom.2012.294
B4-R03704,USING THE EVENT CALCULUS FOR TRACKING THE NORMATIVE STATE OF CONTRACTS,2005,International Journal of Cooperative Information Systems,article,93,Computer Science,10.1142/s0218843005001110
B4-R17750,USING THE EVENT CALCULUS TO INTEGRATE PLANNING AND LEARNING IN AN INTELLIGENT AUTONOMOUS AGENT,1994,CURRENT TRENDS IN AI PLANNING: EWSP '93 - 2ND EUROPEAN WORKSHOP ON PLANNING,Proceedings Paper,12,Computer Science,
B4-R03709,Using the event calculus to reason about problem diagrams,2008,Proceedings International Conference on Software Engineering,conference-paper,4,Computer Science,10.1145/1370811.1370826
B4-R10012,Using the guard-stage-milestone notation for monitoring BPMN-based processes,2016,Lecture Notes in Business Information Processing,conference-paper,8,"Business, Management and Accounting; Computer Science; Engineering",10.1007/978-3-319-39429-9_2
B4-R05688,Using the REA Ontology to Create Interoperability between E-Collaboration Modeling Standards,2009,Notes on numerical fluid mechanics and multidisciplinary design,conference-paper,14,"Business, Management and Accounting; Computer Science",10.1007/978-3-642-02144-2_32
B4-R03379,Utilising context ontology in mobile device application personalisation,2004,Mum 2004 Proceedings of the 3rd International Conference on Mobile and Ubiquitous Multimedia,conference-paper,68,Computer Science; Social Sciences,10.1145/1052380.1052399
B4-R17974,Utilising fuzzy logic and trend analysis for effective intrusion detection,2003,COMPUTERS & SECURITY,article,48,Computer Science,10.1016/s0167-4048(03)00511-x
B4-R17998,Utilizing Chat Generative Pre-trained Transformer (ChatGPT) to Support the Development of a Domain Ontology for World Heritage,2025,APPLIED ONTOLOGY,article,0,"Biochemistry, Genetics and Molecular Biology; Computer Science",10.1177/15705838251336686
B4-R18023,Validity of a One-Stop Automatic Algorithm for Counting Clusters and Shifts in the Semantic Fluency Task,2025,COLLABRA-PSYCHOLOGY,article,0,Computer Science,10.1525/collabra.143030
B4-R09955,Value Awareness and Process Automation: A Reflection Through School Place Allocation Models,2024,Lecture Notes in Computer Science Including Subseries Lecture Notes in Artificial Intelligence and Lecture Notes in Bioinformatics,conference-paper,1,Computer Science,10.1007/978-3-031-58202-8_16
B4-R07378,VALUES OF THE FUTURE: AN ONTOLOGICAL ANALYSIS,2026,Bulletin of Chelyabinsk State University,article,1,"Arts and Humanities; Economics, Econometrics and Finance; Social Sciences",10.47475/1994-2796-2026-507-1-24-31
B4-R03068,Variable-State-Trigger: A Formal Model of Smart Contracts Based on Conditional Response and Finite State Automata and Its Application,2024,Electronics,article,1,Computer Science; Decision Sciences,10.3390/electronics13234680
B4-R03384,Variants of temporal defeasible logics for modelling norm modifications,2007,Proceedings of the International Conference on Artificial Intelligence and Law,conference-paper,42,Computer Science,10.1145/1276318.1276347
B4-R16132,Variation of PronunciationNorm and Meaning in Lightof Semantic-Cognitive Analysis: german Idiom das A und O,2022,NAUCHNYI DIALOG,article,1,Arts and Humanities,10.24224/2227-1295-2022-11-7-74-98
B4-R15767,Verbal working memory capacity modulates semantic and phonological prediction in spoken comprehension,2024,PSYCHONOMIC BULLETIN & REVIEW,article,23,Neuroscience; Psychology,10.3758/s13423-023-02348-5
B4-R00026,Verifiable Semantic Model for Agent Interactions Using Social Commitments,2010,Lecture notes in computer science,conference-paper,37,Computer Science; Social Sciences,10.1007/978-3-642-13338-1_8
B4-R06465,Verification of a new cellular automata model of solidification using a case study on the columnar to equiaxed transition previously simulated using front tracking,2022,Computational Materials Science,article,8,Engineering; Materials Science,10.1016/j.commatsci.2022.111773
B4-R05240,"Verification of Requirements: System of Systems Theory, Framework, Formalisms, Validity",2017,INCOSE International Symposium,conference-paper,4,"Business, Management and Accounting; Computer Science",10.1002/j.2334-5837.2017.00393.x
B4-R15163,Verifying communicating agents by model checking in a temporal action logic,2004,"LOGICS IN ARTIFICIAL INTELLIGENCE, PROCEEDINGS",conference-paper,28,Computer Science,10.1007/978-3-540-30227-8_8
B4-R15180,Verifying concurrent probabilistic systems using probabilistic-epistemic logic specifications,2016,APPLIED INTELLIGENCE,article,3,Computer Science,10.1007/s10489-016-0790-2
B4-R07066,Verifying contracts among software components: An ontology-based approach,2023,Information and Software Technology,article,2,Computer Science,10.1016/j.infsof.2023.107282
B4-R00767,Verifying ontological commitment in knowledge-based systems,1999,Knowledge-Based Systems,article,43,Computer Science,10.1016/s0950-7051(99)00007-6
B4-R03694,Verifying temporal properties without temporal logic,1989,ACM Transactions on Programming Languages and Systems,article,92,Computer Science,10.1145/59287.62028
B4-R03702,Verifying Temporal Properties without using Temporal Logic,2001,eCommons (Cornell University),report,24,Computer Science,
B4-R02831,Verifying the contract net protocol: a case study in interaction protocol and agent communication semantics,2004,ePrints Soton (University of Southampton),conference-paper,32,Computer Science,
B4-R14993,Verifying Timed Commitment Specifications for IoT-Cloud Systems with Uncertainty,2022,"2022 9TH INTERNATIONAL CONFERENCE ON FUTURE INTERNET OF THINGS AND CLOUD, FICLOUD",conference-paper,4,Computer Science; Social Sciences,10.1109/ficloud57274.2022.00031
B4-R07072,Versioned Meaning: How to Make Ontologies Audit-Stable,2025,SSRN Electronic Journal,preprint,1,"Arts and Humanities; Biochemistry, Genetics and Molecular Biology; Computer Science",10.2139/ssrn.5918182
B4-R01867,Veto Rights and Vital Interests: Formal and Informal Veto Rules for Minority Representation in Deeply Divided Societies,2020,Representation,article,17,Social Sciences,10.1080/00344893.2020.1778065
B4-R07185,Viewpoint Aspect in Inuktitut: The Syntax and Semantics of Antipassives,2012,TSpace (University of Toronto),dissertation,16,Arts and Humanities; Computer Science; Social Sciences,
B4-R11875,Views on behaviour protocols and their semantic foundation,2009,Lecture Notes in Computer Science Including Subseries Lecture Notes in Artificial Intelligence and Lecture Notes in Bioinformatics,conference-paper,8,Computer Science,10.1007/978-3-642-03741-2_25
B4-R02157,Visitors and alignment: actor-network theory and the ontology of informal science institutions,2016,Museum Management and Curatorship,article,9,Arts and Humanities; Psychology; Social Sciences,10.1080/09647775.2016.1239126
B4-R04255,VISON: An Ontology-Based Approach for Software Visualization Tool Discoverability,2019,,conference-paper,10,Computer Science,10.1109/vissoft.2019.00014
B4-R18370,Visual and Ontological Modeling and Analysis Support for Extended Enterprise Models,2015,INFORMATION SYSTEMS ENGINEERING IN COMPLEX ENVIRONMENTS,conference-paper,3,"Business, Management and Accounting; Computer Science",10.1007/978-3-319-19270-3_15
B4-R00603,Visual Language and Ontology Based Analysis: Using OWL for Relation Discovery and Query in 4EM,2017,Lecture notes in business information processing,conference-paper,1,"Business, Management and Accounting; Computer Science",10.1007/978-3-319-52464-1_3
B4-R09779,VLCC’s fuel consumption prediction modeling based on noon report and automatic identification system,2019,Cogent Engineering,article,8,Engineering; Environmental Science,10.1080/23311916.2019.1595292
B4-R08968,Wearing Out the Watchdog: The Impact of SEC Case Backlog on the Formal Investigation Process,2021,SSRN Electronic Journal,preprint,30,"Business, Management and Accounting; Economics, Econometrics and Finance",10.2139/ssrn.3912645
B4-R18857,Web Service Compensation at Runtime: Formal Modeling and Verification Using the Event-B Refinement and Proof Based Formal Method,2017,IEEE Transactions on Services Computing,article,14,"Business, Management and Accounting; Computer Science",10.1109/tsc.2016.2594782
B4-R10318,"Well, you didn't say not to! A formal systems engineering approach to teaching an unruly architecture good behavior",2013,Procedia Computer Science,conference-paper,11,Computer Science; Engineering,10.1016/j.procs.2013.09.273
B4-R02869,What Aspects Of Formality Do Workers Value ? Evidence From A Choice Experiment In Bangladesh,2020,"World Bank, Washington, DC eBooks",book,4,"Economics, Econometrics and Finance; Social Sciences",10.1596/1813-9450-9108
B4-R02866,What Aspects of Formality Do Workers Value? Evidence from a Choice Experiment in Bangladesh,2019,SSRN Electronic Journal,article,10,"Economics, Econometrics and Finance; Social Sciences",10.2139/ssrn.3390108
B4-R11809,What Aspects of Formality Do Workers Value? Evidence from a Choice Experiment in Bangladesh,2021,World Bank Economic Review,article,10,"Economics, Econometrics and Finance; Social Sciences",10.1093/wber/lhz046
B4-R15980,What constitutes agency? Determinants of actors' influence on formal institutions in Swiss waste management,2021,TECHNOLOGICAL FORECASTING AND SOCIAL CHANGE,article,30,Social Sciences,10.1016/j.techfore.2020.120413
B4-R14017,What Counts as Evidence for a Logical Theory?,2019,Australas. J. Log.,article,55,Arts and Humanities; Psychology,10.26686/ajl.v16i7.5912
B4-R04147,What Formal Models Cannot Show Us: People Issues During the Prototyping Process,2005,Lecture notes in computer science,conference-paper,3,Computer Science,10.1007/11497455_3
B4-R14703,What Is a Data Domain? a Formal Metamodel and Canvas for Decentralized Data Architectures,2026,2026 IEEE International Conference on Web Services (ICWS),conference-paper,1,Computer Science; Decision Sciences,10.1109/icws72778.2026.00172
B4-R10901,"What is Input/Output Logic? Input/Output Logic, Constraints, Permissions?",2007,Dagstuhl Seminar Proceedings,Conference Paper,9,,
B4-R13353,What is the humanistic and ethical value of the “logic of gift” in business relationships? A conceptual approach,2024,Business and Society Review,article,2,"Business, Management and Accounting; Decision Sciences; Social Sciences",10.1111/basr.12361
B4-R07306,"What's next? A grounded theory of the relationship between ontological security, mental health, social relationships, and identity formation for young adults in supportive housing.",2018,PubMed,article,32,Health Professions; Social Sciences,
B4-R10920,When a FrameNet-style knowledge description meets an ontological characterization of fundamental legal concepts,2010,Lecture Notes in Computer Science Including Subseries Lecture Notes in Artificial Intelligence and Lecture Notes in Bioinformatics,conference-paper,15,Computer Science; Social Sciences,10.1007/978-3-642-16524-5_7
B4-R14029,When digital platforms enter informal sectors: work formalization and institutional change,2026,J. Strateg. Inf. Syst.,article,6,"Business, Management and Accounting; Social Sciences",10.1016/j.jsis.2025.101941
B4-R17971,When Institutional Logics Meet Information and Communication Technologies: Examining Hybrid Information Practices in Ghana's Agriculture,2018,JOURNAL OF THE ASSOCIATION FOR INFORMATION SYSTEMS,article,43,"Business, Management and Accounting; Computer Science; Social Sciences",10.17705/1jais.00509
B4-R15563,When semantics and phonology collide: Gender assignment in mixed Tsova-Tush-Georgian nominal constructions,2022,INTERNATIONAL JOURNAL OF BILINGUALISM,article,4,Arts and Humanities; Social Sciences,10.1177/13670069211039559
B4-R16351,Where to Kill the Cyber Kill-Chain: An Ontology-Driven Framework for IoT Security Analytics,2016,PROCEEDINGS OF 14TH INTERNATIONAL CONFERENCE ON FRONTIERS OF INFORMATION TECHNOLOGY PROCEEDINGS - FIT 2016,Proceedings Paper,12,"Computer Science, Interdisciplinary Applications; Engineering, Multidisciplinary",10.1109/fit.2016.12
B4-R08960,Who cut the ribbon? A quantitative analysis of formal opening ceremonies of new plants of multinational corporations in Russia,2017,Eurasian Geography and Economics,article,12,"Economics, Econometrics and Finance; Social Sciences",10.1080/15387216.2017.1336932
B4-R08605,Why Are Counterfactual Assessment Methods Not Widespread in Outcome-Based Contracts? A Formal Model Approach,2021,Journal of Public Administration Research and Theory,article,15,"Economics, Econometrics and Finance",10.1093/jopart/muab052
B4-R03582,Why defeasible deontic logic needs a multi preference semantics,1995,Lecture notes in computer science,conference-paper,9,Computer Science,10.1007/3-540-60112-0_47
B4-R01020,Why do disequilibria exist? An ontological study of Kirznerian economics,2021,Cambridge Journal of Economics,article,14,"Economics, Econometrics and Finance; Social Sciences",10.1093/cje/beab015
B4-R09852,Why non-monotonie logic is inadequate to represent balancing arguments,2003,Artificial Intelligence and Law,article,7,Computer Science,10.1023/b:arti.0000046010.14101.04
B4-R02174,Why we should see international law as a structure: Unpicking international law’s ontology and agency,2020,International Relations,article,6,Arts and Humanities; Social Sciences,10.1177/0047117820916223
B4-R00899,"Without Commitment to an Ontology, There Could Be No Causal Inference",2022,Epidemiology,article,6,Computer Science; Mathematics,10.1097/ede.0000000000001471
B4-R08723,"World development report 2017 : governance and women's economic and political participation - power inequalities, formal constraints, and norms",2017,,article,6,Social Sciences,
B4-R11580,Wrapped and Stacked: 'Smart Contracts' and the Interaction of Natural and Formal Language,2018,European Review of Contract Law,article,36,"Economics, Econometrics and Finance; Social Sciences",10.1515/ercl-2018-1023
B4-R12457,xMAML: A modeling language for dynamically reconfigurable architectures,2009,12th Euromicro Conference on Digital System Design Architectures Methods and Tools Dsd 2009,conference-paper,6,Computer Science,10.1109/dsd.2009.151
B4-R02904,zk-HTLC: A formally verified defense against linkability attacks in trust-minimized cross-chain networks,2026,Computer Networks,article,0,Computer Science,10.1016/j.comnet.2026.112780
B4-R02570,Zooming in and out of semantics: proximal–distal construal levels and prominence hierarchies,2024,Frontiers in Psychology,preprint,0,Psychology; Social Sciences,10.31234/osf.io/6up3v
B4-R07335,"«It’s the context, stupid»: The European Union’s public diplomacy in times of ontological insecurity",2023,Communication & Society,article,4,Social Sciences,10.15581/003.36.2.291-309
B4-R07427,"‘Almost the same, but not quite’: Ontological politics of recognition in modern science fiction",2016,Feminist Theory,article,9,Arts and Humanities; Social Sciences,10.1177/1464700116666240
B4-R02554,"‘Mess, stress and trauma’: students’ experiences of formal contract cheating processes",2020,Assessment & Evaluation in Higher Education,article,51,Decision Sciences; Social Sciences,10.1080/02602938.2020.1787332
B4-R08509,"“My definition of community is community, and their definition is more around fan engagement”: balancing business and social logics of professional sport teams’ community activities",2022,Sport Management Review,article,19,Social Sciences,10.1080/14413523.2022.2087966
B4-R10959,“That Will Do”: Logics of Deontic Necessity and Sufficiency,2017,Erkenntnis,article,7,Computer Science,10.1007/s10670-016-9829-3
